word	effort
aaron	2.3700
aasen	2.3500
aback	1.9960
abacus	1.9467
abaddon	2.1643
abana	1.9000
abandon	1.8357
abandoned	2.1778
abandons	1.7688
abase	2.0700
abasement	1.9333
abases	1.9417
abash	1.8400
abashed	2.2786
abashment	2.2500
abasing	1.8214
abate	2.0700
abatement	1.9333
abates	1.9417
abating	1.9357
abattoir	2.2625
abbas	2.5000
abbasi	2.3583
abbatoir	2.3000
abbaye	2.3583
abbeys	2.3250
abbots	2.3583
abdera	2.4750
abdicate	1.8850
abdicated	2.2422
abdomen	1.8429
abdomens	1.7750
abdominal	1.8889
abducted	2.3413
abduction	1.9978
abdul	1.8400
abdulla	2.0857
abdus	1.6800
abeam	1.9300
abednego	2.3563
abel	1.8875
abelard	1.7929
abelian	1.8000
aber	2.0625
abernathy	2.3722
aberrancy	2.1589
aberrant	2.1812
abet	2.1375
abetment	1.9500
abetting	2.2125
abettor	2.3286
abettors	2.2000
abhor	2.0100
abhorrent	2.1444
abhorring	2.1000
abhors	1.8917
abidance	2.4725
abides	2.3667
abideth	2.3571
abidin	1.8000
abiding	1.7286
abierta	2.2429
abierto	2.2929
abigail	1.8286
abijah	1.6750
abilene	1.9071
abilities	1.8111
ability	1.9286
abinger	1.8571
abington	2.3750
abjure	2.3583
ablation	2.0000
ablative	1.9000
able	1.8625
abler	1.8900
ablest	1.8917
ablution	1.8875
ablutions	1.8222
ably	1.9000
abner	1.9900
abnormal	1.9438
abnormals	1.8722
aboard	1.9083
abodes	2.4167
abogado	1.8429
abolish	2.2857
abolition	2.3556
abominate	2.0944
abord	1.8100
aborigine	1.7889
abort	2.4500
abortion	2.2812
abortions	2.1722
abortive	2.1813
abos	1.9375
abounding	2.3556
about	1.9500
abouts	1.8417
above	2.0000
abox	2.1975
abrasions	2.4667
abridges	2.3750
abridging	2.3222
absalom	2.3643
abscissa	2.1162
abscond	1.9329
absent	1.9750
absented	2.3250
absentee	2.2063
absentees	2.1056
absentia	1.8875
absenting	1.8556
absently	1.8688
absents	1.8786
absinthe	1.7625
abso	1.9375
absolute	2.2500
absolutes	2.1444
absolve	2.3714
absolver	2.3250
absolves	2.2375
absolving	2.1889
absorbent	2.4667
absorbing	2.4111
abstain	1.9357
abstained	2.2556
abstainer	1.9111
abstains	1.8563
abstinent	1.9111
abstract	2.4600
abstracts	2.3311
abstruse	2.2063
absurd	1.6500
absurdest	2.1611
absurdity	1.6833
absurdly	1.6250
absurdum	2.3375
abuela	1.7583
abuelas	1.7643
abuelita	1.7500
abuelito	1.7938
abulafia	1.8062
abundant	2.4500
abus	1.8250
abuse	1.9500
abused	2.4750
abuser	1.9583
abuses	1.8417
abusing	1.7357
abusive	1.7857
abusively	1.7333
abut	1.9500
abutment	1.8563
abutments	1.7944
abuts	1.8200
abutting	2.1188
abysm	1.8800
abysmal	1.7571
abysmally	1.9889
abysms	1.7833
abyss	2.2800
abyssal	2.0429
abysses	2.1643
abyssinia	2.1444
acacia	2.0017
acacias	1.9729
academe	2.3829
academic	2.4700
academics	2.3400
academies	2.3033
acala	1.7760
acanthus	2.2100
acapulco	1.9888
accidents	2.4622
acclaim	2.1871
acclaimed	2.4511
acclaims	2.0763
acclimate	2.1733
acclivity	2.0956
accomac	2.4414
accompli	2.3950
accord	2.2350
accordant	2.0678
accordin	2.1200
according	2.0289
accordion	2.1567
accords	2.1014
accost	2.4517
accosting	2.1733
accosts	2.2871
accretion	2.3789
accrue	2.4350
accruing	2.2888
accuracy	2.2550
accurate	2.2138
accurst	2.2514
accus	2.3320
accuse	2.3517
accuser	2.3014
accusers	2.1763
accuses	2.2014
accusing	2.0638
accustom	2.2637
accustoms	2.1567
achates	1.8329
ache	1.8325
ached	2.4860
achenes	1.7257
acheron	1.8829
aches	1.7260
acheter	1.8971
achiev	2.1133
achieve	2.0614
achieved	2.4413
achiever	2.0537
achieves	1.9663
achieving	1.9478
achille	2.2400
achilles	2.1225
achin	2.0060
aching	1.8883
acid	1.7825
acidalia	1.6600
acidic	1.7933
acidity	1.7686
acids	1.6860
acidulous	2.1644
acis	1.8325
ackerly	1.7471
acme	1.9575
acne	1.9575
acolyte	2.4114
acolytes	2.2725
aconite	2.0614
aconitine	1.9978
acorn	1.9260
acorns	1.8217
acoustic	1.9200
acoustics	1.8511
acps	2.0200
acquaint	1.9163
acquaints	1.8478
acquire	1.9543
acquired	2.3475
acquires	1.8725
acquiring	1.8756
acquit	2.0550
acquits	1.9471
acquittal	2.1700
acre	2.1575
acreage	1.9543
acres	1.9860
acrid	1.9460
acridity	1.8725
acridness	2.0311
acrobat	2.1757
acrobatic	2.0956
acrobats	2.0663
acropolis	2.4478
across	2.3383
acrost	2.1383
acrostic	2.0575
acrostics	1.9733
actable	2.1043
actaeon	2.1686
acte	2.2325
actin	2.1660
acting	2.0217
action	2.2133
actions	2.0829
activate	2.0725
activated	2.4089
activates	1.9867
active	2.0800
actively	1.9475
activism	1.9350
activists	1.9533
activity	1.9975
actor	2.1460
actors	2.0050
actresses	2.4200
acts	2.1450
actu	2.1950
actual	1.9467
actualise	1.8978
actuality	1.8811
actualize	2.1067
actually	2.1600
actuarial	1.9144
actuary	2.0686
actuate	2.0900
actuated	2.4663
actuates	1.9913
actuating	1.9811
acuerdo	1.7971
acushnet	2.2788
acute	1.8660
acutely	1.7757
acuteness	1.9867
acutest	1.8900
adage	1.6500
adages	1.5917
adagio	1.7833
adagios	1.7143
adam	1.6500
adamant	1.6857
adami	1.8700
adamite	1.8286
adamo	1.9300
adams	1.5800
adamson	1.6786
adamsons	1.6313
adapt	1.8000
adaptable	1.8278
adapted	2.2500
adapting	1.7313
adaptive	1.7750
adare	1.7500
adda	2.1000
addenda	2.4214
addict	2.2217
addiction	2.1478
addicts	2.0900
addie	2.0200
addin	2.0700
adding	1.9417
addington	2.3667
addio	2.1800
addison	1.9429
addition	2.0312
additions	1.9500
addle	1.9500
addled	2.4750
addles	1.8417
addling	1.8500
address	2.2643
addressee	2.4944
addresses	2.1778
adds	2.0250
adelaida	2.0125
adelante	2.1250
adele	2.3600
adelia	2.2333
adeline	2.1929
adelphi	2.4429
adenauer	2.1750
adenoidal	2.1500
adenoids	2.2188
adepts	2.3917
adequacy	2.3662
adequate	2.3250
adhere	1.6333
adhered	2.1286
adherence	2.3033
adherent	1.6750
adherents	1.6333
adheres	1.5857
adhering	1.6250
adhesion	1.6812
adhesive	1.5813
adieu	1.6000
adieus	1.5500
adieux	1.7233
adios	1.7200
adipocere	2.4978
adipose	1.9214
adiposity	1.8056
adjacent	2.4163
adjective	2.3811
adjoin	1.7500
adjoined	2.1562
adjoining	1.8278
adjoins	1.6857
adjourn	1.6786
adjourned	2.0556
adjourns	1.6313
adjudge	2.0357
adjudged	2.4188
adjudging	1.9389
adjure	2.1417
adjuring	2.0063
adjust	2.2667
adjuster	2.1562
adjusting	2.0500
adjusts	2.1286
adjutant	2.0875
adlai	1.5500
adler	1.6300
adlon	2.4700
adman	1.6800
admetus	1.6786
admir	1.8500
admirable	1.8556
admirably	1.8722
admiral	1.7357
admirals	1.6813
admiralty	1.7500
admire	1.8167
admired	2.2857
admirer	1.8429
admirers	1.7750
admires	1.7429
admiring	1.7625
admission	2.0944
admit	1.9100
admits	1.8083
admitting	2.0778
admixture	1.9600
admonish	1.9125
adobe	1.8000
adobes	1.7167
adolf	2.2900
adolph	2.4917
adolphe	2.3714
adon	1.7625
adonai	1.7167
adonais	1.6571
adoniram	1.8375
adonis	1.8500
adonises	1.8563
adopt	1.9700
adopted	2.3714
adopting	1.8375
adoption	1.9813
adopts	1.8583
ador	1.6625
adorable	1.7625
adorably	1.7813
adoration	1.8722
adore	1.6600
adored	2.2333
adorer	1.7167
adorers	1.6571
adores	1.6000
adoring	1.6429
adoringly	1.6222
adorn	1.6900
adorned	2.1714
adorning	1.8000
adornment	2.0000
adorns	1.6250
adown	1.7800
adrastus	1.7875
adrenal	1.6929
adria	1.7500
adrian	1.7583
adriana	1.7357
adriano	1.9429
adriatic	1.8725
adrien	1.7667
adrift	2.3250
adroit	1.8167
adroitly	1.7500
aduana	1.6167
adulation	1.8889
adulators	1.7500
adult	1.7200
adulterer	1.7667
adultery	1.7563
adulthood	2.0222
adults	1.6500
advanc	1.8633
advances	2.4537
advancing	1.7811
advantage	1.7833
advent	1.8583
adventive	1.8167
advents	1.7786
adventure	1.7556
adverbial	2.4111
adversary	1.8389
adverse	1.9000
adversely	1.8222
adversity	1.7889
advert	2.3083
adverting	2.0778
advertis	2.1000
advertise	2.1389
advis	1.7500
advisable	1.8000
advise	1.8667
advised	2.3286
advisedly	2.1556
adviser	1.8857
advisers	1.8125
advises	1.7857
advising	1.7000
advisor	1.7429
advisory	1.7500
advocacy	1.9888
advocate	1.9475
advocated	2.2978
advocates	1.8756
advowsons	2.2389
adze	2.2075
aedile	2.4250
aediles	2.2643
aegean	1.8667
aegis	1.8200
aemilius	1.8937
aeneas	1.8167
aeneid	1.7083
aeolian	2.3357
aeolus	2.3500
aeon	1.9750
aeons	1.8400
aerated	2.4286
aerial	1.7667
aerialist	1.7944
aerie	1.8700
aerodrome	1.8778
aeroflot	2.2563
aerolite	2.3000
aeronaut	1.8500
aeronauts	1.7889
aeroplane	1.9167
aery	1.9625
aeschylus	2.2367
aesop	2.0400
aesthete	1.8562
aesthetes	1.7944
aesthetic	1.8700
aestival	1.7875
aeterna	1.9143
aether	1.8833
aetna	1.9500
afar	1.7500
afeard	1.6250
afeared	2.2000
affable	2.0071
affably	2.0286
affair	1.8917
affaire	1.8571
affaires	1.7875
affairs	1.8071
affidavit	1.8889
affin	2.0300
affine	1.9667
affinity	2.0625
affirm	1.9250
affirmed	2.2875
affirming	1.9444
affirms	1.8357
affix	2.1180
affixes	2.0914
affixing	1.9300
afflatus	1.8625
afflict	2.0614
afflicted	2.3533
afflicts	1.9663
affluence	2.4422
affluent	1.8313
afford	1.8583
affording	1.7778
affords	1.7786
affrays	2.4000
affright	2.2688
affrights	2.1611
affronts	2.3813
afghan	1.9333
afghans	1.8429
afield	1.4667
afire	1.5800
aflame	1.5750
afloat	2.4250
aflutter	1.9563
afoot	2.2600
afore	1.6400
aforesaid	1.5389
aforetime	1.7444
afoul	1.7300
afraid	2.1583
afresh	2.1417
afric	2.4460
africa	2.3050
african	2.2329
africans	2.1162
afterclap	2.2144
afterlife	2.0167
aftermath	2.2056
aftermost	2.3667
afters	2.3083
afterward	2.1667
afterword	2.1167
afterwork	2.1167
afuera	1.6417
again	1.7100
againe	1.7000
agains	1.6417
against	1.7786
agaist	1.7583
agamemnon	2.1667
agape	1.8100
agarics	1.7471
agassiz	2.1614
agate	1.8500
agates	1.7583
agatha	1.7500
agave	1.8700
agaves	1.7750
agee	2.3000
ageing	1.6500
ageless	1.8714
agen	1.7125
agencies	1.6788
agency	1.7717
agenda	1.5917
agenor	1.9000
agent	1.7300
agents	1.6583
agers	1.6700
ages	1.5875
agesilaus	1.6111
aggie	2.1000
aggregate	2.4778
aghast	1.7833
agile	1.7600
agilely	1.7000
agility	1.7714
agin	1.7375
agincourt	2.0200
aging	1.6500
aginst	1.8083
agitate	1.8143
agitated	2.2250
agitating	1.7667
agitation	1.8944
agitato	1.8571
agitator	1.8125
agitators	1.7556
agla	1.5750
agleam	1.6250
aglet	1.7300
aglets	1.6583
aglitter	2.0125
agnes	1.6300
agnese	1.7667
agnew	1.7600
agnostic	1.9725
agnostics	1.8978
agog	1.6625
agone	1.7800
agonies	1.8500
agonise	1.9643
agonised	2.3563
agonising	1.7944
agonistes	1.8722
agonize	2.2329
agonizes	2.1162
agonizing	1.9700
agood	2.1800
agora	1.6900
agrarian	2.2313
agravaine	2.2111
agreeable	2.4611
agreeably	2.4778
agreeing	2.4438
agreement	2.4167
agrin	2.4900
agua	1.6250
agudo	1.5900
ague	1.6375
aguecheek	2.4700
agues	1.5700
aguilar	1.8643
aguish	1.6083
agulhas	1.6714
agus	1.5500
agustin	1.7643
ahab	1.8500
ahah	1.4500
ahai	1.5375
aham	1.5750
ahasuerus	1.5833
ahead	1.5500
ahem	1.5875
ahmad	2.3800
ahold	2.4100
ahora	1.7500
ahoy	1.8625
ahrens	1.5250
aida	1.4875
aide	2.5000
aides	2.2600
aiding	1.5333
aids	1.4125
aiee	2.2625
aiken	2.3600
aile	1.7500
ailed	2.4200
ailesbury	1.7778
ailey	1.7600
ailin	1.7800
ailing	1.7000
ailleurs	1.8875
ailment	1.7714
ailments	1.7125
ails	1.6625
ailsa	1.6500
aime	1.7000
aimed	2.3800
aimer	1.7600
aimes	1.6200
aimin	1.9600
aiming	1.8500
aimless	2.0000
aimlessly	1.9000
aims	1.6125
aina	1.6875
ainsi	1.6200
ainslie	1.5786
ainsworth	2.3833
aint	1.7375
aira	1.5875
aircraft	2.2913
airdrops	1.7875
aire	1.6000
aired	2.3000
airedales	1.9278
aires	1.5400
airholes	2.1313
airier	1.6750
airiest	1.7071
airily	1.7167
airiness	1.8813
airing	1.6000
airings	1.5571
airless	1.8286
airline	1.6071
airliner	1.6562
airlock	2.1543
airman	1.6583
airplane	1.6875
airplanes	1.6444
airport	2.1286
airports	2.0250
airs	1.5125
airship	1.8143
airspace	2.4975
airspeed	2.4188
airstrip	2.1500
airstrips	2.0556
airth	2.0700
airtight	1.8875
airy	1.6375
aise	1.7500
aisle	1.5000
aisled	2.1000
aisles	1.4667
aissa	1.9900
aisy	1.5875
aitch	1.6860
ajar	1.6250
ajax	1.8350
akenside	1.9812
aker	1.5875
akha	1.4000
akhmatova	2.1500
akimbo	2.3833
akita	2.3500
akron	1.6100
aksa	1.4000
aksakov	1.6071
alabama	1.7714
alabaster	1.8944
alack	1.6760
alacrity	1.8913
aladdin	1.8929
alae	1.7375
alai	1.5375
alain	1.6100
alameda	2.0929
alamein	1.6429
alamo	1.8700
alamos	1.7750
alan	1.5750
alanna	2.0333
alarm	1.7200
alarmed	2.1929
alarming	1.8188
alarmist	1.9062
alarmists	1.8389
alarms	1.6500
alarums	2.4143
alas	1.5750
alaska	1.5000
alaskan	1.5429
alastor	1.7643
alba	1.6500
alban	1.6800
albanian	1.8188
albans	1.6167
albatross	2.2500
albeit	1.7000
albemarle	1.7111
albergo	2.2857
albert	2.1750
alberta	2.0929
alberto	2.1429
albertus	1.9813
albi	1.6625
albina	1.6917
albinism	1.8000
albino	1.9333
albinos	1.8429
albion	1.8333
albright	2.2563
albs	1.5750
albumen	2.4643
albury	1.6333
alcahest	1.6663
alcaide	2.1257
alcalde	2.0757
alcaldes	1.9788
alchemic	1.7950
alchemist	1.8089
alchemy	2.4186
alchimia	1.8600
alcides	2.0829
alcoa	1.6860
alcohol	2.3114
alcoholic	2.2011
alcon	1.7460
alcorn	1.6883
alcott	2.1550
alcove	1.7300
alcoves	1.6686
aldama	1.5000
aldebaran	2.2389
alden	2.2900
alder	2.3300
alderman	2.1063
aldermen	2.1125
alderney	2.1125
alders	2.1583
alderson	2.1000
aldie	1.4600
aldrich	1.6043
aldridge	1.5625
aldus	1.3600
aldy	1.4500
aleatory	1.7500
aled	2.4125
alee	2.1750
alegria	2.2000
alehouse	1.7313
alehouses	1.6833
alejandra	1.5500
aleksandr	1.5278
aleksey	1.6000
alembert	2.0625
alembic	1.7257
alembics	1.6725
alen	1.5875
aleph	1.6500
aleppo	2.3000
alert	2.1700
alerting	1.9625
alertly	1.9929
alertness	2.1556
ales	1.4625
alewives	1.6250
alex	1.7475
alexander	2.1267
alexandr	1.7238
alexandra	1.7100
alexandre	1.7156
alexandro	1.7489
alexas	1.7317
alexei	1.8983
alexis	1.6567
alfalfa	1.3429
alfonso	1.5714
alfresco	2.1350
algae	1.6500
algal	1.4200
algebraic	2.3644
algebras	2.4312
algeciras	2.2089
alger	1.5700
algerian	1.6125
algerine	1.6313
algernon	1.8250
algiers	1.5429
algo	1.5375
algodones	1.5611
algorithm	2.0222
alguacil	1.7288
alguien	1.6143
algy	1.5000
alhambra	2.2875
aliah	1.4900
alias	1.5900
aliases	1.6714
alibi	1.6600
alibis	1.6000
alices	2.4967
alicia	1.6300
alien	1.6000
aliena	1.6000
alienage	1.6313
alienate	1.7313
alienated	2.1056
alienist	1.8313
alienists	1.7722
aliens	1.5500
alife	1.4400
alighieri	1.6556
alight	1.4917
alighted	1.9625
alighting	1.5333
alights	1.4643
align	1.5300
aligned	2.0571
alignment	1.9111
aligns	1.4917
aliis	2.0000
alike	2.2600
aliment	1.6714
aliments	1.6250
aline	1.6200
alio	1.7500
aliquid	1.6714
aliquot	1.8143
alison	1.6167
alit	1.5875
alita	1.5900
alive	1.6200
alix	1.7225
alizarin	2.3600
alkali	1.4250
alkaline	1.5125
alkaloids	1.8778
alks	1.3250
alla	2.0750
allah	1.9200
allahabad	1.9222
allan	2.0200
allandale	1.7500
allant	1.9833
allatoona	2.3111
allay	2.0200
allayed	2.4071
allaying	1.9313
allays	1.9000
allbright	2.4278
alle	2.0875
allee	2.5000
allege	2.0167
alleged	2.4571
allegedly	2.2556
alleghany	2.4944
allegheny	2.5000
allegiant	1.9222
alleging	1.9125
allegoric	1.9478
allegory	1.9625
alleluia	1.8625
allemands	1.7722
allen	2.0300
aller	2.0700
allergic	2.4100
allergy	2.4929
alles	1.9300
alleviate	2.0833
alley	2.0300
alleys	1.9083
alleyway	1.9375
alleyways	1.8667
allez	2.2660
allfather	1.8722
alliances	2.4644
allies	1.8833
alligator	1.9222
allingham	1.8056
allotment	2.3889
allowable	2.4500
allowing	2.4313
alls	2.0000
allso	1.9900
allsop	2.1417
allston	2.0643
alltime	1.9571
allude	2.4917
alludes	2.3214
alluding	1.7688
allure	1.8917
allured	2.3500
allures	1.8071
alluring	1.8188
allusion	1.9375
allusions	1.8667
allusive	1.8375
alluvia	1.8929
alluvial	1.8188
alluvion	2.0000
ally	2.1250
alma	1.5750
almagest	1.7063
almain	1.6417
almanac	1.7829
almanack	1.6975
almanacs	1.7225
almas	1.6200
almayer	1.6786
almighty	1.7063
almira	1.7583
almond	1.7917
almonds	1.7214
almoner	1.9000
almoners	1.8250
almost	1.9417
alms	1.5000
almshouse	1.7000
almsman	1.6000
aloes	2.3600
alofa	2.2900
alone	2.4800
aloneness	2.3278
along	2.4100
alongside	2.4167
alonso	2.3333
alors	2.3300
aloud	2.2900
alouettes	2.3944
aloysius	2.0500
alpaca	2.0133
alpacas	1.9829
alpenglow	2.2278
alpert	2.3417
alpha	1.8000
alphabet	1.9938
alphabets	1.9167
alphard	1.7714
alpheus	1.6929
alphonse	1.9750
alphonso	1.9125
alphonsus	1.7944
alpine	1.8833
alpinist	2.0375
alps	1.8500
already	1.5786
alright	1.4929
alroy	1.6300
alsatia	1.6643
alsatian	1.6813
also	1.5375
alsop	1.8100
alta	1.5750
altai	1.5900
altamira	1.7438
altar	1.7200
altare	1.7083
altars	1.6500
altas	1.6200
alte	1.5875
altenburg	2.0611
alter	1.6700
alterable	1.7556
altered	2.1571
altering	1.6500
alterman	1.6938
alternate	1.7778
alters	1.6083
althaea	1.6643
althea	1.5417
although	1.6063
altissimo	2.0056
altitude	2.0500
altitudes	1.9667
altius	1.5250
altman	1.6500
alto	1.6625
alton	1.7100
altona	1.6917
altough	1.5357
altruism	1.9313
altruist	2.0312
altstadt	1.8000
alva	1.5750
alvan	1.6200
alvarez	1.8900
alvear	1.7250
alveolar	2.2000
alvin	1.6500
alvise	1.6833
alway	1.6500
always	1.5917
alwin	1.6800
amable	1.8083
amado	1.7100
amain	1.7100
amalgam	1.5714
amalia	1.5917
amana	1.6800
amand	1.5800
amanda	1.5833
amandus	1.5286
amant	1.7200
amante	1.7083
amar	1.8250
amaranth	1.7250
amaranths	1.6778
amare	1.7900
amarilla	2.0563
amaryllis	1.9944
amas	1.7000
amasa	1.6800
amass	2.1200
amassing	1.9313
amassment	1.9611
amateur	1.7500
amateurs	1.6938
amati	1.8500
amatory	1.8357
amature	1.7500
amavi	1.8500
amazement	2.4089
amazing	2.3900
amazingly	2.2033
amazonian	2.4311
amazons	2.4329
ambassade	2.3944
amber	1.8500
ambered	2.2857
amberoid	1.7437
ambience	2.4663
ambient	1.7714
ambiguity	1.7444
ambiguous	1.6889
ambition	1.8688
ambitions	1.8056
ambitious	1.7611
amble	1.6900
ambled	2.2583
ambler	1.7417
ambles	1.6250
ambleside	2.0167
ambling	1.6643
amboise	1.8357
ambos	1.7500
amboy	1.8500
ambrosia	2.3750
ambrosial	2.2556
ambrosian	2.3111
ambulance	2.4033
ambulant	1.7875
ambulated	2.2278
ambuscade	2.2144
ambush	1.6000
ambushed	2.0438
ambushes	1.5688
ambushing	1.6944
amby	1.8250
amelia	1.6000
amen	1.7125
amenable	1.7875
amend	1.5900
amending	1.6000
amendment	1.6667
amends	1.5417
amenities	1.7778
amenity	1.8857
amens	1.6300
ament	1.7300
aments	1.6583
america	1.7543
american	1.7600
americana	1.7422
americano	1.9033
americans	1.7089
americas	1.7600
amerique	1.7813
ames	1.5875
amethyst	2.2938
amethysts	2.1833
amharic	2.3186
amiable	1.9429
amiably	1.9643
amicable	1.9475
amicably	1.9663
amicitia	1.8538
amid	1.8125
amidship	1.9000
amidships	1.8333
amidst	1.8583
amie	1.9500
amiens	1.8167
amigo	1.8800
amigos	1.7833
amis	1.8625
amiss	2.2500
amity	1.9500
amma	2.3250
amman	2.2200
ammonia	2.4286
ammoniac	2.4725
ammonite	2.3563
amnesia	1.9857
amnesic	2.0400
amnesty	2.1500
amnion	2.4667
amniotic	2.2912
amoebas	2.1000
amok	1.8875
among	1.9300
amongst	1.9357
amor	1.9875
amoral	1.8083
amorality	1.7889
amoris	1.8167
amorist	1.9286
amoroso	1.8786
amorous	1.8143
amorously	1.7556
amorphous	1.9111
amort	2.4500
amos	1.9375
amost	2.0700
amounting	2.4333
amour	1.8900
amoureuse	1.8167
amours	1.7917
amphi	2.1300
amphibian	1.9778
amphora	2.0071
ample	1.9700
ampleness	2.0444
ampler	1.9750
amplest	1.9643
amplified	2.1389
amplifier	1.7944
amplifies	1.7167
amplify	1.8071
amplitude	2.2111
amply	2.0000
amps	2.0500
ampthill	2.2938
amputate	2.0063
amputated	2.3500
amputee	2.2857
amputees	2.1625
amra	1.6250
amsterdam	1.7167
amusement	2.3556
amusing	2.3643
amusingly	2.1833
anabel	1.8250
anaconda	1.7913
anacondas	1.7922
anacreon	1.9850
anaemia	1.9429
anaemic	1.9971
anagram	2.2429
anagrams	2.1250
anak	1.5250
anal	1.5750
analog	2.2583
analogies	2.0167
analogous	2.0333
analogue	2.0875
analogues	2.0000
analogy	2.1929
analyse	1.6929
analysed	2.1187
analyses	1.6438
analysing	1.5833
analysis	1.5438
analyst	1.7143
analysts	1.6625
analytic	1.6913
analyze	1.9614
analyzed	2.3537
analyzing	1.7589
ananias	1.8500
anapaest	1.9188
anapaests	1.8500
anarch	1.7800
anarchic	1.8888
anarchism	1.8033
anarchist	1.8922
anarchy	2.3543
anasazi	2.4186
anastasia	1.7833
anathema	1.7438
anathemas	1.7500
anatole	2.3571
anatomic	2.0225
anatomies	1.9056
anatomist	2.0111
anatomize	2.2033
anatto	2.3083
ancestor	2.4850
ancestors	2.3533
anch	1.6700
anchises	1.7725
anchor	1.8217
anchorage	1.7756
anchored	2.2100
anchoring	1.7533
anchorite	1.7811
anchors	1.7471
anchovies	1.7589
ancien	1.7467
anciens	1.6829
ancient	1.7543
anciently	1.7089
ancients	1.6975
ancilla	2.0757
ancillary	2.0700
ancre	1.9260
ancus	1.6360
andale	1.5083
andalusia	1.4944
andar	1.6800
andas	1.5800
andean	2.2583
anders	2.2417
andersen	2.2125
anderson	2.1625
andersons	2.0667
anderssen	2.3889
andes	2.2900
andiron	1.6429
andirons	1.6000
andone	1.6667
andover	1.7143
andr	1.7000
andre	1.6900
andrea	1.6750
andreas	1.6929
andreev	2.2143
andrei	1.6833
andren	1.7083
andres	1.6250
andrew	1.7333
andrews	2.2429
andrey	1.7083
andreyev	1.8500
androgyne	2.3111
android	1.6429
androids	1.6000
andromeda	2.1111
andros	1.6750
andrus	1.6000
andy	1.5750
anear	1.7900
aneled	2.1833
anemia	1.8667
anemic	1.9300
anemone	1.9214
anemones	1.8438
anent	1.7300
aneroid	1.6786
aneurysm	1.6188
anew	1.7500
ange	1.5875
angel	1.5300
angela	1.5417
angeles	1.5143
angelic	1.6114
angelica	1.6100
angelical	1.5756
angelico	1.6537
angelina	1.6000
angell	1.9083
angelo	2.2667
angelos	2.1286
angels	1.4917
angelus	1.4929
anger	1.6700
angered	2.1571
angering	1.6500
angers	1.6083
anges	1.5300
angie	1.6000
angier	1.6667
angina	1.6417
anglais	1.5071
anglaise	1.6250
angle	1.5300
angled	2.1250
angler	1.6083
anglers	1.5643
angles	1.4917
anglesea	1.6250
angleworm	1.6500
anglia	1.5417
angliae	1.6714
anglian	1.5786
anglican	1.6288
anglice	2.3971
angling	1.5500
anglo	2.3900
angola	2.2583
angriest	2.1750
angrily	2.2500
angry	2.4000
angst	1.7200
angstrom	2.0562
anguish	1.5643
anguished	1.9667
angular	1.7429
angularly	1.7000
angus	1.5000
anhalt	2.2333
anim	2.0125
animal	1.8250
animalism	1.7444
animality	1.8000
animals	1.7500
animas	1.9083
animate	1.9857
animated	2.3750
animates	1.9000
animating	1.9000
animation	2.0278
animato	2.0286
animosity	1.9611
anita	1.9100
anither	1.8429
anker	1.7900
ankers	1.7083
ankh	1.6500
ankle	1.7500
anklebone	1.9389
ankles	1.6750
anklet	1.8417
anklets	1.7643
ankylosis	2.1556
anna	2.3250
annabel	2.1786
annalist	2.0188
annalists	1.9389
annals	1.9833
annas	2.2200
anne	2.3375
annealing	1.9000
annesley	1.9250
annex	2.3580
annexes	2.2629
annexing	2.0800
annie	2.4200
annis	2.3500
anniston	2.2750
annotator	2.2444
annoying	2.2375
annoys	2.3083
anoint	1.9667
anointed	2.3188
anointing	1.8500
anoints	1.8714
anomalies	1.7611
anomalous	2.2222
anomaly	1.8643
anomic	2.1800
anon	2.0875
anorak	1.7750
anorexic	1.9588
another	1.8857
anothers	1.8125
ansata	1.7500
anselm	1.7083
anselmo	1.9000
ansley	1.5750
anson	1.7100
anstey	1.7917
answer	2.4667
answere	2.3500
answerin	2.2938
answering	2.1833
answers	2.3000
anta	1.7000
antaeus	1.7214
antarctic	1.9678
antares	1.7214
antartic	2.1288
ante	1.7125
anteater	1.8375
antedate	2.2250
antedates	2.1222
antelope	2.3312
antelopes	2.2167
antenna	2.0786
antennae	2.1250
antenor	1.8857
anterior	1.8062
anteroom	2.1437
antes	1.6300
anth	1.6250
anthea	1.6250
anthem	1.6583
anthemion	1.8944
anthems	1.6071
anther	1.6917
anthill	2.1214
anti	1.7125
antibes	1.7143
antiblack	1.7478
antic	1.7660
anticked	2.0850
antics	1.6883
antidote	1.6687
antidotes	1.6278
antient	1.7286
antietam	1.7750
antigone	1.7063
antigonus	2.2556
antiguo	1.7286
antiguos	1.6750
antilles	1.9625
antinous	1.8250
antioch	1.7971
antiochus	2.1533
antiparos	1.8778
antipas	1.8786
antipater	1.9556
antipathy	2.3389
antiphon	1.9625
antipodal	1.7444
antipode	2.3062
antipodes	2.1944
antiquary	1.8278
antique	1.7714
antiques	1.7125
antiquity	1.8333
antler	1.6917
antlered	2.1125
antlers	1.6357
antoine	1.7643
anton	1.8100
antone	1.7833
antonette	2.1056
antonia	1.9143
antonie	1.9214
antonina	1.9125
antonine	1.9188
antonines	1.8500
antonini	2.0563
antoninus	2.4444
antonio	2.0357
antonios	1.9438
antonius	1.8250
antra	2.1600
antrim	2.1250
ants	1.6250
antwerp	1.9571
anvil	1.7900
anvils	1.7083
anxieties	1.7711
anxiety	1.8771
anxious	1.8057
anxiously	1.7489
anybodys	2.3688
anything	2.4313
anythings	2.3056
anyways	2.4786
anywhere	2.4062
anywheres	2.2833
aone	1.7750
aorist	1.7667
aorta	2.1900
aout	1.7125
apache	1.8883
apaches	1.8043
apart	2.4400
apartment	2.1389
apathetic	1.8978
apeak	1.6700
apelike	2.1929
apelles	1.9571
apennine	2.2563
apennines	2.1500
aperient	1.8188
aperients	1.7611
aperture	2.0750
apertures	1.9889
apes	1.7375
apex	2.0225
apexes	2.0233
aphelion	1.7812
aphis	1.8100
aphorism	1.7875
aphorisms	1.7333
aphra	1.6800
aphro	1.7500
aphrodite	1.6611
apically	2.0163
apicius	1.7257
aping	1.7700
apis	1.7375
apish	1.6500
aplenty	1.7643
apocrypha	2.0144
apodosis	1.6563
apogee	2.1750
apoplexy	2.0050
aport	2.3500
apostasy	1.8813
apostate	1.9625
apostates	1.8889
apostle	1.8286
apostles	1.7625
apostolic	2.3033
apothegm	1.8250
apothegms	1.7667
appal	2.3600
appalling	2.2722
appalls	2.4143
appals	2.1833
appanage	2.1688
apparatus	2.2000
apparel	2.2500
appareled	2.5000
apparent	2.2563
appeal	2.2417
appealing	2.0333
appeals	2.1071
appear	2.4083
appeareth	2.1889
appearing	2.1444
appears	2.2500
appease	2.3429
appeases	2.2125
appeasing	2.0889
appel	2.3700
appellant	2.3167
appelle	2.4714
append	2.2417
appendage	2.0556
appending	2.0333
appendix	2.1800
appertain	2.4444
appetite	2.2438
appetites	2.1389
appian	2.3250
applaud	2.0571
applause	2.1313
applauses	2.0389
apple	2.3700
appleby	2.4071
applejack	2.0367
applepie	2.1938
apples	2.1917
appleton	2.2500
applewood	2.3667
applicant	2.1144
applies	2.1143
apply	2.4000
applying	2.1688
appoint	2.3143
appoints	2.1875
apposite	2.1562
appraisal	1.9833
appraise	2.1750
appraised	2.5000
appraiser	2.1556
apprehend	1.9889
apprendre	2.1000
apprise	2.2571
apprising	2.0222
approach	2.2538
approv	2.3583
approval	2.1313
approvals	2.0389
approve	2.2714
approvers	2.1333
approves	2.1500
approving	2.1111
apricot	1.8400
apricots	1.7725
april	1.8500
apron	1.8700
aproned	2.3000
aprons	1.7750
apropos	1.9429
apse	1.9375
apses	1.8100
apsidal	1.5643
apsis	1.6500
apsley	1.6750
apter	1.8900
aptest	1.8917
aptitude	2.1875
aptitudes	2.0889
aptly	1.7800
aptness	2.0500
aquarelle	2.4222
aquarian	2.3062
aquarius	2.2313
aquatic	2.4757
aqueous	2.2714
aquiline	2.3688
aquinas	2.4214
aquiring	2.2500
aquitaine	2.2500
aquiver	2.4571
arab	2.1000
arabella	2.1063
arabesque	1.8889
arabia	1.9417
arabian	1.9214
arabic	2.0050
arabin	1.9917
arable	1.8917
arabs	1.9400
araby	2.0400
arachne	2.4329
arachnida	2.3144
arachnids	2.2811
arachnoid	2.3533
arago	1.8500
aragon	1.8583
arak	1.6500
aral	1.7000
aram	1.8250
aramaic	1.7900
araminta	1.9188
aran	1.8250
aranda	1.6667
aransas	1.7143
ararat	2.0000
arauco	1.8217
araxes	2.1150
arbiters	2.4875
arboreal	2.4375
arbuckle	2.4413
arca	1.8950
arcade	2.4717
arcades	2.3043
arcadia	1.7757
arcadian	1.7788
arcadians	1.7256
arcady	1.8300
arcana	1.8300
arcane	1.8383
arcanely	1.7663
arcas	1.8760
arcature	1.8538
arch	1.8200
archaic	1.7871
archaism	1.7038
archaisms	1.6589
archangel	1.6589
archbold	2.2163
archduke	1.6787
arched	2.3383
archelaus	1.6256
archer	1.8217
archers	1.7471
archery	1.8186
arches	1.7050
archetype	1.9533
archfiend	1.6089
archibald	1.7589
archie	1.8967
archimage	1.8533
arching	1.8471
archive	1.8971
archives	1.8225
archly	1.8133
archness	2.4788
archon	1.9883
archons	1.8900
archrival	1.6811
archway	1.8043
archways	1.7413
arcilla	2.1614
arcing	1.8050
arcite	1.8467
arcos	1.8460
arcs	1.8200
arctic	2.0850
arctics	1.9729
arcturus	1.8350
arcy	1.9450
ardea	2.4500
arden	2.4900
ardent	2.3750
ardente	2.2714
ardently	2.1688
ardis	1.5900
ardmore	1.8571
ardor	1.6900
ardors	1.6250
ardour	1.6583
ards	1.5750
arduous	1.6786
area	1.7875
areas	1.7900
areaway	1.9000
areaways	1.8250
aren	1.8375
arena	1.7900
arenas	1.7917
arent	1.8300
areolas	2.3143
areopagus	1.8444
arethusa	2.1938
arethusas	2.1500
argal	2.4200
argand	2.2833
argent	2.4083
argenti	2.3000
argentina	2.1778
argentine	2.1833
argive	2.4000
argonauts	2.1389
argos	2.4900
argosies	2.1313
argosy	2.3750
arguable	2.2687
argue	2.4700
argues	2.2750
argufying	2.0944
arguin	2.4583
arguing	2.2929
argus	2.4000
argyle	2.4583
aria	1.7875
ariadne	1.7429
arianism	1.8500
arias	1.7900
arid	1.6625
arida	1.6500
aridity	1.7000
aridly	1.6250
aridness	1.9000
ariel	1.7000
aries	1.7000
arigato	1.8571
aright	1.6583
arimathea	1.8000
arina	1.8100
arion	1.9800
ariosto	1.9786
arise	1.8600
arisen	1.8500
arises	1.7667
ariseth	1.8429
arising	1.6714
aristide	2.2313
aristotle	1.7944
arius	1.6700
arived	2.3667
arizona	1.9829
arkady	1.6667
arkansas	1.6375
arkansaw	1.7562
arkham	1.6167
arklow	2.4500
arks	1.5750
arkwright	1.6667
arleigh	1.5857
arlen	1.7300
arlene	1.7167
arles	1.6300
arlington	2.1889
arly	1.7500
armada	1.7500
armadas	1.7571
armadillo	2.4889
armado	1.8083
armagh	1.7333
armagnac	1.9100
armament	1.7938
armaments	1.7389
armand	1.7000
armando	1.7357
armands	1.6429
armas	1.8200
armature	1.8188
armatures	1.7611
armband	1.7571
armbands	1.7000
armchair	1.7163
armchairs	1.6700
arme	1.8375
armed	2.4900
armee	2.3000
armenia	1.9286
armenian	1.9125
armenians	1.8444
armeria	1.8000
armes	1.7300
armful	1.7167
armfuls	1.6571
armie	2.0200
armies	1.9000
armiger	1.9143
arming	1.9417
armitage	1.9125
armless	2.0786
armlet	1.9583
armlets	1.8643
armload	2.4214
armloads	2.2812
armoire	1.9357
armor	2.0500
armored	2.4286
armorer	1.9857
armorers	1.9000
armorial	1.8500
armories	1.8563
armory	2.0083
armour	1.9583
armoured	2.3125
armourer	1.9250
armourers	1.8556
armouries	1.8167
armours	1.8643
armoury	1.9357
armpit	2.1083
armpits	1.9929
armrest	1.8214
armrests	1.7563
arms	1.7500
armstrong	2.0833
arnall	2.0667
arnheim	2.3143
arno	2.1875
arnolds	2.3500
arnott	2.4750
aroa	1.8625
aroha	1.7500
aroma	1.8700
aromas	1.8583
aromatic	1.9475
arona	1.8700
aroon	2.4400
aroostook	2.4111
arose	1.9200
arousal	1.6500
arouse	1.8500
aroused	2.3143
arouses	1.7714
arousing	1.6875
arpeggios	2.1389
arrack	2.2300
arragon	2.1643
arrah	2.1600
arraign	2.0357
arraigned	2.3333
arran	2.2600
arrange	2.0357
arranged	2.4187
arranger	2.0312
arrangers	1.9500
arranges	1.9438
arranging	1.9389
arrant	2.1833
arras	2.2600
array	2.2600
arraying	2.0812
arrays	2.1000
arrears	2.1071
arrest	2.2417
arrestin	2.1250
arresting	2.0333
arrests	2.1071
arri	2.3875
arria	2.2300
arrian	2.1583
arrises	2.0857
arriv	2.2700
arriva	2.1583
arrival	2.0357
arrivals	1.9438
arrive	2.1833
arrives	2.0571
arriving	2.0250
arrogant	2.0438
arrogate	2.1250
arrogated	2.4556
arrow	2.3600
arrowhead	1.9944
arrowroot	2.4444
arrowy	2.2667
arroyo	2.3500
arroyos	2.2000
arruda	2.0167
arse	1.9125
arsenal	1.7643
arsenals	1.7063
arsene	1.8500
arsenic	2.0257
arsenical	1.8978
arsing	1.6750
arson	1.8100
arsons	1.7250
arta	2.4500
artagnan	2.1000
artane	2.2083
arte	2.4625
artem	2.3300
artemis	2.2429
artemisia	2.1056
arter	2.3700
arteria	2.1571
arterial	2.0500
arteries	2.0563
artery	2.2750
artes	2.2300
artesian	2.0250
arth	2.3750
arthritic	2.0089
arthritis	1.9333
arthurian	2.3944
article	2.1114
articled	2.4850
articles	2.0100
artie	2.3000
artifact	2.2663
artifacts	2.1589
artillery	2.3556
artisan	2.0786
artisans	1.9813
artist	2.2917
artiste	2.2000
artistes	2.0875
artistic	2.1725
artistry	2.4438
artists	2.1500
artless	2.3214
artlessly	2.1500
artois	2.1833
arts	2.3750
arturo	2.1917
artus	2.2000
arty	2.5000
aryan	1.8200
aryans	1.7333
asado	1.7100
asaph	1.7400
asbestos	1.9000
ascalon	2.4186
ascanius	1.8913
ascendant	2.3811
ascending	2.3422
ascension	2.4922
asch	1.8700
ascii	2.3960
asclepius	1.7756
ascolta	2.4043
ascot	1.9860
ascribe	2.0400
ascribed	2.4225
ascribes	1.9475
ascribing	1.9311
asenath	1.8786
aseptic	1.9543
asesino	1.9643
asham	1.6200
ashamed	2.1214
ashamedly	1.9944
ashby	1.7200
ashcan	1.6800
ashcans	1.6257
ashed	2.2900
ashen	1.6300
asher	1.6700
ashes	1.5300
asheville	2.0500
ashford	1.4643
ashkhabad	1.7000
ashland	1.5714
ashlar	1.7333
ashley	1.6583
ashore	1.7667
ashtaroth	1.7167
ashton	1.7250
ashtoreth	1.6889
ashtray	1.9857
ashtrays	1.9000
ashwood	2.0214
asia	1.6625
asian	1.6900
asiatic	1.8400
asiatica	1.8100
asiatics	1.7725
aside	2.3600
asides	2.1833
asimov	1.9667
asinine	1.8929
askance	2.4329
asked	2.2500
asker	1.6300
asketh	1.6250
askew	1.6200
askin	2.4100
asking	2.2250
askins	2.2250
asks	1.4500
aslant	1.6500
aslaug	1.5167
asleep	2.1500
asmodeus	2.2250
asparagus	1.7667
aspasia	1.7786
aspen	1.8500
aspens	1.7583
aspera	1.8417
asperity	1.8375
aspersed	2.2875
aspersion	1.8611
asphalt	1.6857
asphalted	2.0611
asphaltic	1.7144
asphaltum	2.2889
asphodel	2.2375
asphodels	2.1333
asphyxia	2.3113
aspic	1.8860
aspics	1.7883
aspinall	2.0063
aspinwall	2.0000
aspirant	1.7688
aspirants	1.7167
aspirate	1.8500
aspirated	2.2111
aspirates	1.7889
aspire	1.7667
aspired	2.2429
aspires	1.7000
aspirin	1.7857
aspiring	1.7250
aspirins	1.7250
asps	1.7750
asquint	1.8786
assail	2.0917
assailant	1.9722
assailed	2.4125
assailing	1.9333
assails	1.9786
assam	2.1200
assassin	2.2438
assassins	2.1389
assault	2.0286
assaulted	2.3278
assaults	1.9375
assay	2.1200
assayed	2.4786
assayer	2.0357
assayers	1.9438
assaying	1.9938
assays	1.9833
asscher	2.1329
assegai	2.1429
assegais	2.0375
assemble	2.0625
assembled	2.4000
assembler	2.0556
assembles	1.9778
assembly	2.0813
assent	2.2083
assented	2.5000
assenting	2.0111
assents	2.0786
asser	2.3300
asserting	2.3111
assertion	2.4389
assertive	2.3500
asserts	2.4643
asses	2.1900
assess	2.4583
assesses	2.3125
assessing	2.1778
assessor	2.2750
assessors	2.1667
asset	2.3900
assets	2.2083
assholes	2.4375
assiduity	1.9111
assiduous	1.8556
assign	1.9917
assignats	1.9389
assigned	2.3375
assignees	2.1167
assigning	1.9889
assigns	1.8929
assin	2.1500
assis	2.0300
assisi	1.9667
assist	2.1250
assistant	1.9944
assisted	2.4375
assisting	1.9556
assists	2.0071
assize	2.4133
assizes	2.2543
associate	2.0700
assoil	2.1500
assorting	2.2000
assuage	1.9643
assuaged	2.3563
assuaging	1.8833
assur	2.0400
assure	1.9750
assured	2.4214
assuredly	2.2278
assures	1.8786
assuring	1.8813
assyrian	1.9438
astarte	2.2643
aster	1.9300
asteria	1.8429
asterisk	1.7125
asterisks	1.6667
astern	1.9083
asteroid	1.7937
asteroids	1.7389
asters	1.8250
asthma	2.4500
asthmatic	2.3256
asti	1.9125
astin	1.9100
astir	1.8300
astolat	2.4929
astolfo	2.3143
aston	1.9700
astonish	1.9000
astor	1.8900
astoria	1.8143
astorre	2.1571
astra	2.3200
astraddle	2.1944
astraea	2.2357
astrakhan	1.9333
astral	2.1500
astray	2.2333
astrea	2.2083
astronaut	2.0833
astute	1.8250
astutely	1.7563
astuter	1.8500
asylums	2.4857
atacama	1.9400
ataghan	1.7571
atalanta	1.7375
atall	2.1800
atama	1.8400
atavism	1.8786
atavistic	1.9533
atchison	1.8975
atelier	1.7786
ater	1.9625
ates	1.7875
athalie	1.6714
athanasia	1.7278
athe	1.7875
athearn	1.8357
atheism	1.7000
atheist	1.8143
atheists	1.7500
atheling	1.6625
athen	1.7900
athena	1.7583
athenaeum	2.4222
athenian	1.8875
athenians	1.8222
athens	1.7083
ather	1.8300
athirst	1.9071
athlete	1.8429
athletes	1.7750
athletic	1.8600
athletics	1.7978
athlone	2.4000
athos	1.9100
athwart	2.2357
atia	1.8625
atilt	1.9500
ation	2.0400
atkinson	2.2500
atlanta	1.7571
atlantes	1.7063
atlantian	1.7500
atlantic	1.7913
atlantica	1.7700
atlantics	1.7367
atlantide	2.1222
atlantis	1.7063
atlas	1.7800
atlases	1.8071
atom	2.0125
atomic	2.1300
atoms	1.8700
atonally	2.0688
atone	1.9400
atoned	2.4667
atonement	1.8611
atones	1.8333
atonic	2.1300
atoning	2.0000
atop	2.2625
atossa	2.1417
atque	1.9500
atreus	2.1083
atrocious	2.1144
atrocity	2.1725
atropos	2.3286
atrox	2.4980
attaboy	2.3929
attach	2.3633
attache	2.2614
attaches	2.1413
attaching	2.2033
attack	2.3300
attacker	2.2038
attackers	2.1033
attacks	2.1829
attagirl	2.0438
attain	2.2750
attainder	2.4889
attaining	2.1778
attains	2.1357
attaint	2.2071
attainted	2.4667
attar	2.4800
attempt	2.4643
attempts	2.3188
atten	2.3900
attend	2.1750
attendant	2.0278
attending	1.9889
attendre	2.1250
attends	2.0500
attent	2.2917
attention	2.1944
attentive	2.1056
attest	2.3417
attesting	2.1000
attests	2.1929
attic	2.4260
attica	2.2883
attics	2.2383
attila	2.3083
attire	2.2167
attires	2.0857
attiring	2.0625
attis	2.2900
attitudes	2.3889
attorney	2.1500
attorneys	2.0556
attribute	2.3556
attrition	2.4389
atween	2.3750
atwill	2.2833
atwood	2.2750
atypical	1.9288
atys	1.8250
auberge	2.2714
auburn	1.6667
auckland	1.5600
auction	1.9971
auctioned	2.3033
auctions	1.9100
auctore	1.8686
audacious	1.7200
audacity	1.7288
audible	1.5571
audibly	1.5786
audience	2.3037
audiences	2.1922
audio	1.6600
audis	1.4300
audit	1.5300
audited	2.0571
auditing	1.5625
audition	1.7062
auditions	1.6611
auditive	1.6062
auditor	1.5857
auditors	1.5500
auditory	1.6125
audley	1.4917
audrey	1.6583
audubon	1.6643
aufidius	1.4125
augean	1.5750
augen	1.5700
auger	1.6100
augers	1.5583
augh	1.4250
aughrim	1.5357
aught	1.5000
augment	1.6357
augmented	2.0222
augments	1.5938
augur	1.4800
augured	2.0214
auguries	1.5000
auguring	1.5313
augurs	1.4500
augury	1.5333
august	1.6333
augusta	1.6286
augustan	1.6500
auguste	1.6357
augustin	1.6688
augustine	1.6667
augustly	1.6125
augustus	1.5750
auks	1.5750
auld	1.5750
aulis	1.6300
aungier	2.4286
aura	1.5500
aurait	1.6083
aural	1.5000
aurally	1.8714
aurangzeb	2.0144
aureate	1.7286
aurelia	1.5429
aurelian	1.5750
aurelius	1.5000
aureole	2.1643
aureoles	2.0563
auric	1.6460
auricle	1.5971
auricles	1.5600
auricular	1.7478
auriga	1.5250
aurochs	1.5900
aurora	1.6083
auroral	1.5643
auroras	1.6357
aurore	1.6167
auschwitz	1.8733
auspices	2.3600
aussi	1.9700
austell	1.9643
austen	1.7417
austere	1.7571
austerely	1.7111
austerer	1.7875
austerity	1.7667
austin	1.7583
austral	1.9857
australia	1.9056
australis	1.8722
austria	2.0357
austrian	2.0063
austro	2.1583
autem	1.6700
auteuil	1.7571
authentic	1.6756
author	1.7417
authored	2.1500
authoress	1.9111
authorial	1.6667
authoring	1.7000
authority	1.7444
authorize	1.9700
authors	1.6786
autism	1.6083
autistic	1.7600
auto	1.7125
autobus	1.6786
autoclave	1.7867
autocracy	1.9567
autocrat	1.9538
autocrats	1.8811
autograph	2.1056
autolycus	2.0811
automata	1.8188
automated	2.1889
automatic	1.8422
automaton	1.8667
autoparts	2.1389
autopsied	2.1611
autopsies	1.7389
autopsy	1.8357
autos	1.6300
autre	2.1100
autres	1.9750
autry	2.1400
auvergne	2.1750
auxiliary	1.8378
avail	1.9100
available	1.8889
availed	2.3286
availeth	1.8500
availing	1.8000
avails	1.8083
avais	1.7500
avait	1.8500
avalanche	1.7144
avant	1.8800
avantage	1.8063
avanti	1.8417
avast	2.0400
avatar	2.0500
avatars	1.9429
avea	1.8875
aven	1.9375
avenel	1.7833
avenge	1.7833
avenged	2.2571
avenger	1.8143
avengers	1.7500
avenges	1.7143
avenging	1.7375
avenida	1.8857
aventures	1.7222
aver	1.9875
average	1.8571
averaged	2.2625
averages	1.7875
averaging	1.8000
averments	1.8111
averring	2.1000
averroes	2.1063
avers	1.8500
averse	1.9500
aversion	1.9062
aversions	1.8389
avert	2.4500
averting	2.1375
averts	2.2583
avery	1.9500
aves	1.8125
avesta	1.9083
avez	2.2325
aviaries	1.7938
aviary	1.9250
aviat	2.0100
aviation	2.0063
aviator	1.9286
aviators	1.8500
avid	1.7375
avidity	1.7429
avidly	1.6750
avignon	1.9857
avila	1.9100
avionics	2.0288
avis	1.7875
aviv	1.9125
avocado	1.8971
avocation	2.0367
avoid	1.7800
avoidance	2.3811
avoiding	1.7188
avoids	1.7000
avoir	1.8600
avon	2.0125
avons	1.8700
avouch	1.8217
avouched	2.2100
avouches	1.7350
avouching	1.8422
avow	2.0250
avowal	1.8333
avowedly	2.3063
avowing	1.8500
avoyelles	1.9611
avuncular	2.4978
avvocato	2.3225
await	1.8800
awaited	2.3071
awaiting	1.7813
awaits	1.7833
awak	1.7625
awake	1.7400
awaked	2.3000
awaken	1.7500
awakened	2.1562
awakener	1.7688
awakening	1.8278
awakens	1.6857
awakes	1.6667
awaking	2.2714
award	1.8700
awarding	1.7750
awards	1.7750
aware	1.9800
awareness	2.0500
awash	1.8100
away	1.9375
aweary	2.0333
aweless	2.0786
awesome	1.9000
awesomely	1.8222
awestruck	2.1089
awful	1.9500
awfullest	2.1222
awfully	2.1929
awfulness	2.0333
awhile	1.9750
awkward	1.7714
awkwardly	1.7222
awls	1.7375
awning	2.0167
awnings	1.9143
awoke	1.8100
awoken	1.8083
awry	2.0375
axehead	1.9486
axel	2.1975
axemen	2.1233
axes	2.1975
axillary	2.2487
axing	1.9180
axiom	2.1480
axioms	2.0067
axis	1.9225
axle	1.9225
axles	1.7980
axletree	2.4738
axletrees	2.3433
axminster	2.0822
axtell	2.3983
ayacucho	1.9138
ayant	1.7200
ayer	1.7625
ayes	1.5875
aylesbury	1.7944
aylmer	1.8250
ayres	1.5700
ayrshire	1.6375
azores	2.4800
azureus	2.2757
baad	2.3500
baaing	2.1083
baal	2.2750
baas	2.4000
baba	2.0500
babble	2.3583
babbler	2.3071
babblers	2.1813
babbles	2.2071
babbling	2.1688
babblings	2.0722
babcock	1.9443
babe	2.0875
babel	1.9300
babes	1.9300
babies	1.8667
babington	2.3444
babo	2.1375
baboon	2.4833
baboons	2.3143
babson	1.9583
babu	2.0250
babushka	1.7375
baby	2.1000
babyish	1.8786
baca	2.0200
baccarat	2.3825
bacchanal	2.0622
bacchante	2.1233
bacchic	2.3843
bach	1.9450
bachelor	2.2725
bachelors	2.1644
bachs	1.8160
bacilli	2.2400
back	1.8950
backache	1.8638
backaches	1.8011
backbite	1.8475
backbone	1.8975
backbones	1.8311
backcloth	2.2122
backdoor	2.0725
backdoors	1.9867
backdrop	1.9787
backdrops	1.9033
backe	1.8460
backed	2.3883
backer	1.8717
backers	1.7900
backfired	2.0533
backhand	1.6725
backhands	1.6311
backhoe	1.8971
backhouse	1.8756
backing	2.3471
backland	1.7350
backlash	1.7600
backless	2.0163
backlog	2.3757
backman	1.8257
backpack	2.0325
backpacks	1.9511
backpay	2.0257
backplate	1.9922
backroad	1.7787
backs	1.7760
backside	2.1600
backsides	2.0644
backstage	1.8367
backstay	1.8600
backstays	1.7978
backstrap	2.1644
backsword	2.1533
backtrack	2.0956
backup	1.9967
backus	1.7300
backward	1.8162
backwards	1.7589
backwash	1.7788
backwater	1.9311
backwoods	2.0367
backyard	1.7975
backyards	1.7422
bacon	2.0660
baconian	2.0600
bacons	1.9383
bacteria	2.0350
bacterial	1.9533
bactria	2.3757
bactrian	2.3037
badass	2.0833
badge	1.7500
badged	2.3083
badger	1.7917
badgered	2.1875
badgering	1.7333
badgers	1.7214
badges	1.6750
badinage	1.7375
badlands	1.5500
badly	1.6800
badman	1.7500
badmen	1.7583
badminton	1.9333
badness	1.9786
bads	1.6500
baer	2.0375
baes	1.8625
baffin	2.0417
baffle	1.9417
baffled	2.3929
baffles	1.8500
baffling	1.8563
bagasse	2.1643
bagatelle	2.0111
bagdad	1.6333
bagful	2.1000
baggage	2.0500
baggages	1.9563
baggie	2.1000
bagging	2.0214
baggot	2.1750
baggy	2.2200
bagh	1.7000
baghdad	1.5857
baghdadi	1.5938
bagley	1.7083
baglioni	1.9438
bagman	1.7833
bagnio	2.0833
bagnios	1.9714
bagot	1.8500
bagpipe	2.0143
bagpiper	2.0125
bagpipes	1.9250
bagration	2.3556
bags	1.7000
bahadur	1.6000
bahamas	1.6857
bahia	1.8100
baiae	1.8800
baikal	2.2250
bail	1.8625
bailed	2.3667
bailer	1.8500
bailers	1.7714
bailey	1.8167
baileys	1.7429
bailie	1.7917
bailiff	1.9429
bailiffs	1.8625
bailin	1.8333
bailing	1.7571
baille	2.1500
baillie	2.0786
bailout	2.3857
bails	1.7500
baily	1.8500
bain	1.8125
bains	1.7100
baird	1.5900
bairn	1.7300
bairns	1.6583
bais	1.6625
baiser	1.8500
bait	1.7875
baited	2.3167
baitfish	2.0500
baith	1.6900
baiting	1.7143
baits	1.6900
baize	2.1960
bajada	1.5833
bake	1.6125
baked	2.3100
bakelite	1.6063
baker	1.6900
bakeries	1.6313
bakers	1.6250
bakery	1.7083
bakes	1.5500
bakeshops	1.7778
bakhtiari	1.6778
baking	2.2750
bakst	1.7400
baku	1.5750
bala	1.6500
balaam	2.0833
balaklava	1.7000
balances	2.3538
balancing	1.6922
balas	1.6800
balbi	1.7500
balboa	1.7750
balbus	1.6500
balcarres	1.9811
balcones	1.7225
balconies	1.8367
bald	1.5250
baldest	2.2357
baldhead	1.5312
baldheads	1.5056
balding	1.5643
baldly	1.5333
baldness	1.8313
baldpate	1.7938
baldric	1.7186
baldrick	1.6413
balds	1.4800
baldwin	1.6571
baldwins	1.6125
baldy	1.5800
bale	1.6625
balearic	1.7725
baled	2.3500
baleen	2.1000
balefire	1.6563
balefires	1.6167
baleful	1.7214
balefully	1.9611
baleine	1.6929
bales	1.5900
balestier	1.7611
balfe	1.5300
bali	1.6625
balinese	1.7438
baling	1.6417
balk	1.5250
balkan	1.5833
balkans	1.5429
balked	2.1417
balkin	2.2750
balking	2.1357
balkon	1.7917
balks	1.4800
balky	1.5800
ball	2.2000
ballad	2.0000
balladry	2.0125
ballads	1.9000
ballagh	1.9286
ballarat	2.1125
ballard	1.9714
ballards	1.8875
ballast	2.1143
ballasted	2.3944
ballboys	1.9938
ballcap	2.1114
ballena	1.9786
ballerina	1.9556
ballet	2.1250
ballets	2.0071
ballgame	1.8938
ballina	1.9929
balling	1.9500
ballistic	1.9978
ballocks	2.3913
balloting	2.3778
ballpark	2.1250
ballpoint	2.1444
ballroom	2.3250
ballrooms	2.2111
balls	2.0200
ballsy	1.9833
bally	2.1200
balm	1.7000
balmiest	1.8875
balminess	2.0222
balmont	1.9357
balmoral	1.7812
balms	1.6200
baloney	2.3286
balor	2.4900
bals	1.5750
balsam	1.6167
balsamic	1.8038
balsamo	1.8214
balsams	1.5714
balt	1.7000
balthasar	1.7111
baltic	1.7383
baltimore	1.8389
baluster	1.7563
balusters	1.7056
bambi	1.8500
bamboo	2.3333
bamboos	2.1857
bamboozle	2.2033
bamma	2.2800
banal	1.6800
banality	1.7063
banan	1.7800
banana	1.7500
bananas	1.7571
banba	1.8400
banbury	1.7714
bancroft	2.3537
band	1.6500
bandage	1.6643
bandaged	2.0938
bandages	1.6188
bandaging	1.6500
bandana	1.6571
bandanna	1.9875
bandbox	1.9700
bandboxes	1.9822
bandeau	2.1929
bandeaux	2.2112
bandera	2.2643
bandied	2.1429
banding	1.6357
bandit	1.6750
banditos	1.6625
bandits	1.6214
banditti	2.0000
bandog	1.6417
bandolero	2.1611
bandolier	2.1278
bandon	1.7417
bands	1.5800
bandsaw	1.7500
bandshell	1.7722
bandsman	1.6375
bandsmen	1.6438
bandstand	1.6667
bandwagon	1.7556
bandy	1.6800
bandying	1.7188
bane	1.7875
baneful	1.7929
banes	1.6900
banfield	1.5250
bang	1.7000
bangable	1.7813
bangbang	2.2000
banged	2.2583
banging	1.6643
bangkok	1.6786
bangle	1.6250
bangles	1.5786
bangor	1.7083
bangs	1.6200
banian	1.9417
banians	1.8500
banias	1.9417
banish	1.8083
banished	2.2000
banishes	1.7250
banishing	1.8333
banister	1.9750
banisters	1.9000
bank	1.8500
bankable	1.8562
bankbook	2.1250
banked	2.3583
banker	1.8417
bankers	1.7643
bankhead	1.6937
banking	2.3214
banknote	1.9625
banknotes	1.8889
bankok	1.8750
bankrupt	1.8875
bankrupts	1.8222
banks	1.7400
bankside	2.1375
banner	2.2417
bannerets	2.0778
banners	2.1071
banning	2.2500
bannister	2.2333
bannon	2.4583
banns	2.2200
banquet	1.9071
banqueted	2.2333
banqueter	1.8889
banquets	1.8313
banquette	2.1444
banquo	1.9750
bans	1.7000
banshee	1.9857
banshees	1.9000
bantam	1.7833
banter	1.8250
bantered	2.2125
bantering	1.7556
bantling	1.6813
bantry	2.1833
bantu	1.7600
baptise	1.9000
baptised	2.3000
baptising	1.7444
baptism	1.8071
baptismal	1.7278
baptisms	1.7438
baptist	1.9214
baptista	1.8813
baptiste	1.8875
baptists	1.8438
baptize	2.1686
baptizing	1.9200
bara	1.9000
barabbas	2.3125
barak	1.7400
barang	1.7833
barata	1.9667
barataria	1.9278
barbadoes	2.4111
barbarism	2.4722
barbarous	2.4722
barbauld	2.4875
barbering	2.4667
barbicans	2.4367
barchetta	2.1367
barclay	1.8257
barco	2.0060
bard	1.7750
barda	1.7400
bardic	1.7883
bardolph	2.3563
bards	1.6800
bardstown	1.8556
bare	1.9125
bareback	2.0412
barebones	1.9611
barefoot	2.2062
barely	1.7917
bareness	2.0250
bares	1.7900
barest	1.9250
barflies	2.1125
barford	2.2214
bargain	2.3500
bargainer	2.2333
bargains	2.2188
bargeman	2.2688
bargemen	2.2750
bargen	2.4583
barges	2.3750
barging	2.3071
barham	1.7833
bari	1.9125
barin	1.9100
baring	1.8083
barish	1.7083
baritone	1.8688
baritones	1.8056
bark	1.7750
barked	2.3083
barkeep	2.1857
barkeeper	2.1056
barker	1.7917
barkers	1.7214
barkin	2.4417
barking	2.2786
barks	1.6800
barky	1.7800
barley	1.7917
barm	1.9500
barmaid	1.7357
barmaids	1.6813
barman	1.8667
barmen	1.8750
barn	1.9500
barnaba	1.9857
barnabas	1.9625
barnaby	2.0143
barnacle	1.8913
barnacled	2.2478
barnacles	1.8256
barnard	1.8286
barnardo	1.8437
barnaul	1.8571
barndoor	2.1000
barnes	1.7917
barnet	1.9583
barnett	2.2929
barney	1.8750
barnfield	1.6111
barnlike	2.2875
barns	1.8200
baroda	1.7750
barok	1.8100
barometer	1.9389
baron	1.9700
barones	1.8286
baroness	2.0750
baronet	1.9714
baronets	1.8875
baronial	1.9375
barons	1.8583
baroque	1.9286
barouche	1.7975
barouches	1.7422
barque	1.9250
barques	1.8357
barr	2.5000
barrack	2.2114
barracks	2.0975
barracuda	2.0644
barrage	2.1500
barranca	2.1225
barrancas	2.0867
barratry	2.5000
barraud	2.0286
barre	2.3300
barrel	2.1583
barreled	2.4625
barreling	1.9778
barrels	2.0357
barren	2.2417
barrenest	2.1111
barrens	2.1071
barricade	2.4978
barrie	2.2167
barrier	2.1857
barriers	2.0750
barrin	2.2583
barring	2.1214
barrio	2.3500
barrios	2.2000
barrister	2.1333
barron	2.3083
barrow	2.3167
barry	2.3600
bars	1.8250
barson	1.8583
barstow	1.9714
bartel	2.2083
bartell	2.4357
bartender	2.5000
barter	2.3250
bartering	2.0889
barters	2.1786
bartholdi	2.4889
bartle	2.2083
bartleby	2.2812
bartlett	2.4813
bartley	2.1500
barton	2.3583
barts	2.3200
baruch	1.7967
basally	2.0000
basalt	1.7000
basaltic	1.7288
basan	1.7800
bascom	2.0217
bascomb	2.0329
base	1.9875
baseball	2.2313
baseboard	2.0111
basel	1.8500
baseless	2.0000
baseline	1.8063
basely	1.8417
basement	1.8750
basements	1.8111
baseness	2.0625
baser	1.9900
bases	1.8500
basest	1.9750
bash	1.7000
bashan	1.7000
bashaw	1.8583
bashed	2.2583
bashful	1.6286
bashfully	1.8889
basho	1.9100
basia	1.7500
basic	1.8260
basically	1.9589
basics	1.7383
basie	1.7600
basil	1.8500
basildon	1.7750
basile	1.8167
basilica	1.8100
basilio	1.9071
basilisk	1.6625
basilisks	1.6222
basin	1.8100
basing	1.7250
basins	1.7250
basis	1.6900
bask	1.6500
basked	2.2250
basket	1.7583
basketful	2.1278
basketry	2.0438
baskets	1.6929
basking	2.2071
basks	1.5800
basle	1.6900
bason	1.8700
basque	1.8417
basques	1.7643
bass	2.3250
bassam	2.1167
bassanio	2.2375
basses	2.1750
basset	2.3417
bassi	2.1900
bassinet	2.1000
basso	2.2500
bast	2.0250
basta	1.9400
bastante	1.8688
bastard	1.8714
bastardly	1.8000
bastards	1.8000
bastardy	1.8625
basted	2.4750
bastes	1.8417
bastile	1.9286
bastille	2.1625
bastinado	1.8667
basting	1.8500
bastings	1.7813
bastion	2.0143
bastioned	2.3167
bastions	1.9250
bastrop	2.4214
bata	1.9750
bataille	2.1375
batavia	1.9643
batch	1.9360
batches	1.8043
bate	1.9875
bateau	1.8417
bateman	1.8786
bates	1.8500
bath	1.9000
bathe	1.8500
bathed	2.3917
bather	1.8750
bathers	1.7929
bathes	1.7583
bathetic	1.8975
bathhouse	2.1556
bathing	1.8929
batho	2.0700
bathos	1.9417
bathrobe	1.8625
bathrobes	1.8000
bathroom	2.1750
bathrooms	2.0778
baths	1.7800
bathsheba	1.8500
bathtub	1.8571
bathtubs	1.7875
bathwater	1.9333
bating	1.8583
batista	1.9214
batiste	1.9286
baton	2.0300
batons	1.9083
bats	1.9000
batshit	1.8786
batsman	1.8286
batson	1.9083
batta	2.4400
battalion	2.1667
batten	2.3417
battens	2.1929
batter	2.3750
batterie	2.1938
batteries	2.0944
battering	2.1222
batters	2.2214
battersby	2.2500
battersea	2.1778
batterson	2.1556
battery	2.2929
batti	2.4500
batting	2.2071
battista	2.2188
battle	2.2583
battlers	2.1063
battles	2.1214
battling	2.0938
battus	2.2333
batty	2.4800
batwings	1.8000
bauble	1.7083
baubles	1.6500
bauch	1.6960
bauer	1.7700
bauhaus	2.1286
baulk	1.6800
baulked	2.1643
baulks	1.6167
bautista	1.7688
bautzen	2.0757
bavaria	1.9214
bavarian	1.9062
bavin	1.9700
bawcock	2.0800
bawd	2.0875
bawdry	2.0750
bawds	1.9300
bawdy	2.0300
bawl	1.9375
bawled	2.4167
bawler	1.9000
bawling	1.8000
bawls	1.8100
bawn	2.0625
baxter	2.2317
baya	1.7750
bayanihan	1.8167
bayard	1.7500
bayed	2.4500
baying	1.8083
bayle	1.8500
bayly	1.8800
bayo	1.9875
bayonet	1.9714
bayoneted	2.2833
bayonets	1.8875
bayonne	2.2571
bayou	1.8900
bayous	1.7917
bayreuth	1.6563
bays	1.7000
bayside	2.1714
bayswater	2.2889
beach	1.9060
beached	2.3257
beaches	1.7829
beaching	1.8975
beacon	2.0133
beacons	1.9114
bead	1.7625
beading	1.7000
beadle	1.6667
beadles	1.6143
beads	1.6700
beadsman	1.6937
beadsmen	1.7000
beadwork	1.6937
beady	1.7700
beagle	1.7000
beagles	1.6429
beak	1.6375
beaked	2.2167
beaker	1.7000
beaks	1.5700
beale	1.6800
beam	1.8125
beamed	2.3333
beaming	1.8857
beamish	1.8000
beams	1.7100
bean	1.8125
beanfeast	1.7667
beaning	1.8857
beanpoles	2.3278
beans	1.7100
beanstalk	1.6833
bear	1.9375
bearable	1.9000
beard	1.7700
bearding	1.7125
beardless	1.8778
beardmore	1.8722
beards	1.6917
beardslee	1.9167
beardsley	1.6556
beare	1.8800
bearer	1.9000
bearers	1.8143
beareth	1.8571
bearing	1.8000
bearings	1.7375
bearish	1.7143
bearishly	1.7333
bearlike	2.1813
bears	1.8100
bearskin	2.2125
bearskins	2.1111
beast	1.9700
beastie	1.8786
beasties	1.8063
beastly	1.8500
beasts	1.8583
beat	2.0125
beata	1.9300
beated	2.4667
beaten	1.9167
beater	1.9500
beaters	1.8571
beati	1.9400
beatie	1.8917
beatific	1.7913
beatin	1.9333
beating	1.8429
beatings	1.7750
beatitude	2.1944
beatniks	2.3750
beatrix	2.2914
beats	1.8700
beatty	2.3583
beau	1.7375
beauchamp	1.9033
beauclerk	1.6644
beaucoup	1.9100
beaufort	1.9625
beaufoy	1.6714
beaulieu	1.7313
beaut	1.7500
beauteous	1.6833
beauti	1.7333
beauties	1.6688
beautiful	1.6667
beautify	1.6500
beauty	1.7583
beauvoir	1.7312
beaux	1.8580
beaver	1.9667
beavers	1.8714
bebop	2.3800
becalming	2.4422
becharms	2.4538
bechstein	2.4144
beckwith	2.3913
bedaub	2.3583
bedbug	2.4417
bedbugs	2.2786
bedding	2.4857
bedford	2.1429
bedhead	2.1571
bedight	2.1429
bedim	2.5000
bedivere	2.2250
bedlam	2.2750
bedlamite	2.2056
bedlinen	2.1562
bedmate	2.3714
bedouin	2.3500
bedouins	2.2188
bedpan	2.4583
bedpans	2.2929
bedpost	2.4571
bedposts	2.3125
bedraggle	2.3778
bedrail	2.3714
bedrock	2.3257
bedsheet	2.4562
bedsides	2.4937
bedsores	2.0812
bedspread	2.1111
bedspring	2.1111
bedstead	2.2125
bedsteads	2.1111
bedtime	2.3929
bedward	2.2714
beef	2.4500
beefs	2.2200
beefsteak	2.0056
beefy	2.3200
beehive	2.1857
beehives	2.0750
beekeeper	2.3278
beeline	2.0714
beelzebub	2.4144
been	2.4500
beens	2.2200
beeps	2.3400
beer	2.5000
beere	2.3300
beerhouse	2.1444
beers	2.2600
beersheba	2.1167
beery	2.3600
bees	2.3250
beest	2.3800
beethoven	2.1889
beetle	2.2083
beetles	2.0786
beetling	2.0563
beets	2.3200
beeves	2.3250
befall	2.0583
befallen	1.9750
befalling	1.9111
befalls	1.9500
befell	2.0667
befit	1.8200
befits	1.7333
befitting	2.0278
befo	1.9000
befog	1.7800
befogged	2.4313
before	1.7917
befoul	1.8667
befouled	2.2437
befriend	2.1688
befriends	2.0722
befuddled	2.2111
befuddles	1.7889
began	1.8700
begat	2.0300
beget	1.9800
begets	1.8667
begetter	2.2313
begetting	2.1167
begg	2.4375
beggar	2.2750
beggaring	2.0556
beggarly	2.0938
beggars	2.1357
beggary	2.2071
beggin	2.2167
begging	2.0857
begin	1.9000
beging	1.8000
beginner	2.1813
beginners	2.0833
beginnin	2.3063
beginning	2.1944
begins	1.8000
begley	1.7833
begone	1.9083
begonia	2.0214
begonias	1.9938
begot	1.9400
begotten	2.1813
begrudge	2.1875
begs	1.8125
beguile	1.9071
beguiled	2.3062
beguiles	1.8313
beguiling	1.8389
behalf	1.5083
behan	1.7100
behav	1.8700
behave	1.8500
behaved	2.3143
behaves	1.7714
behaving	1.7750
behavior	1.8688
behaviors	1.8056
behaviour	1.8278
behead	1.6667
beheading	1.6500
beheld	1.5333
behemoth	1.8438
behemoths	1.7833
behest	1.7833
behests	1.7143
behind	1.7667
behold	2.3833
beholding	2.1278
beholds	2.2286
behoof	2.2250
behooves	2.1500
behove	1.9083
behoved	2.3643
behoves	1.8214
behring	1.6429
beige	1.6900
beignet	1.7929
bein	1.8500
being	1.7400
beings	1.6667
beira	1.7200
beirne	1.7417
beirut	1.7167
beit	1.8250
bejeweled	2.0722
bela	1.6875
belabor	1.8714
belabored	2.2056
belated	2.3000
belay	1.7100
belayed	2.1857
belaying	1.7375
belays	1.6417
belch	1.6860
belched	2.1686
belcher	1.7257
belches	1.6257
belching	1.7600
beldam	1.6083
beldame	1.6143
beldams	1.5643
beleave	1.8214
belen	1.7200
belfast	1.7357
belfries	2.0312
belfry	2.2417
belge	1.6200
belgian	1.6429
belgians	1.6000
belgium	2.4143
belgrave	2.2375
belgravia	2.1556
belial	1.6167
belie	1.6900
belied	2.2583
belief	1.7083
beliefs	1.6500
belies	1.6250
believ	1.8917
believe	1.8714
believed	2.2750
believer	1.8875
believers	1.8222
believes	1.8000
believeth	1.8556
believing	1.8000
belike	2.2583
belinski	2.0938
belittle	1.9813
belittled	2.3278
belittles	1.9056
belive	1.7250
bell	2.2375
bella	2.1100
bellatrix	2.3489
bellboy	2.1143
bellboys	2.0125
belle	2.1200
belleau	1.9571
belleisle	1.8333
belles	1.9833
bellevue	2.0813
bellew	2.0917
bellhop	2.2714
bellhops	2.1500
bellicose	2.0311
bellied	2.4786
bellies	1.9357
bellin	2.0833
bellini	2.1786
bellman	2.0214
bellmen	2.0286
bellowing	2.4111
bells	2.0500
belltower	2.0889
belly	2.1500
bellyband	1.9278
bellyful	1.9188
bellying	2.0125
belmont	1.9571
belmonte	1.9188
belong	2.3833
belongeth	2.1722
belonging	2.1278
belongs	2.2286
belt	1.7375
belted	2.2833
belting	1.6857
beltless	1.8750
belton	1.8000
belts	1.6500
belturbet	2.4000
beltways	1.7000
belus	1.5900
belvidere	2.1111
bely	1.7375
belying	1.7571
belzoni	2.0900
bema	1.8125
bembo	1.9400
bemired	2.3786
bemis	1.9400
bemoan	2.0167
bemoaned	2.3563
bemoaning	2.0056
bemoans	1.9143
bemock	1.9633
bemocking	2.2922
benares	1.7857
benben	1.8833
benbow	1.9417
bench	1.7860
benched	2.2400
bencher	1.7971
benches	1.6971
benchmark	2.1922
bend	1.6875
bendigo	1.6643
bendin	1.7167
bending	1.6571
bends	1.6100
bene	1.8250
beneath	1.8286
benedick	2.1412
benedict	2.3662
benedicts	2.2478
benefice	2.4850
benefices	2.3533
benefit	1.7929
benefited	2.1444
benefits	1.7313
benelux	1.7771
benet	1.9200
bengal	1.6417
bengalese	1.6944
bengali	1.6429
beni	2.1000
benicia	1.9471
benighted	2.1722
benign	1.9167
benignant	1.8556
benignity	1.9833
benignly	1.9250
benison	1.9357
benita	1.9667
benito	2.0250
benjamin	2.3375
bennet	2.3167
beno	2.1750
benois	1.9417
benoit	2.0250
bens	1.7375
benson	1.8000
bent	1.8625
bentham	1.7357
bentinck	1.7600
bentley	1.7429
bentleys	1.6875
bento	1.8800
benton	1.8833
bents	1.7500
bentwood	2.1125
benvenuto	2.4167
benvolio	2.3500
benz	2.1325
benzene	2.1043
benzine	1.9614
benzoin	2.0043
beowulf	1.7643
bequeath	1.8625
bequeaths	1.8000
bequest	1.9000
bequests	1.8250
beranger	1.7750
berar	1.9500
berated	2.4000
berating	1.8625
berdan	1.7250
bere	1.8750
berea	1.8200
bereave	1.9214
bereaved	2.3188
bereaves	1.8438
beresford	1.6500
beret	1.9600
bergan	2.4250
berger	2.4667
bergerac	2.3975
berges	2.3500
bergin	2.4500
bergs	2.4900
bergson	2.3286
beriah	1.7333
beriberi	1.8750
bering	1.7833
berkeley	1.6688
berkshire	1.6833
berle	1.7600
berlin	1.7833
berliner	1.7937
berliners	1.7389
berlioz	2.0186
berlitz	1.9400
berman	1.8417
bermuda	2.4786
bermudas	2.3937
bermudian	2.3111
bern	1.9125
bernal	1.7583
bernard	1.8071
bernardo	1.8250
bernardus	1.7167
bernburg	2.2563
berne	1.8600
berners	1.8000
bernhard	2.2437
bernhardt	2.2833
bernini	2.1500
bernstein	1.8611
beron	1.9400
berowne	1.8857
berretta	2.4625
berries	2.0643
berry	2.3300
berrying	2.1250
berserk	1.8143
berta	2.3500
berth	2.2900
bertha	2.1750
berthe	2.1833
berthier	2.1938
berthing	2.1375
berths	2.1250
bertie	2.2417
berto	2.4200
berwick	1.7900
beryl	1.9500
beryls	1.8417
besant	1.7250
besar	1.8100
beseem	2.2583
beseeming	2.1667
beseems	2.1214
beseen	2.2583
beset	1.9800
besets	1.8667
besetting	2.1167
beshrew	1.6500
beside	2.2583
besides	2.1214
besiege	1.7429
besieged	2.1625
besiegers	1.7222
besieges	1.6875
besieging	1.7111
besmear	1.7857
besmeared	2.1389
besmirch	1.8225
besom	1.8000
besoms	1.7167
besotted	2.4938
besought	1.6250
bespatter	2.1889
bespeak	1.7000
bespeaks	1.6500
bespoke	1.7500
bespoken	1.7562
bess	2.2375
bessemer	2.1063
bessie	2.0417
besso	2.1800
bessy	2.1500
best	1.9375
bested	2.4167
bester	1.9000
bestes	1.7833
bestest	1.9000
bestia	1.8333
bestial	1.7571
bestially	1.9889
bestiary	1.8875
bestir	1.8167
bestirred	2.4056
bestirs	1.7429
bestow	1.9417
bestowal	1.8187
bestowed	2.3625
bestower	1.9750
bestowing	1.8333
bestows	2.4214
bestrew	2.1929
bestrewn	2.1437
bestrid	2.0714
bestrides	2.3833
beta	1.9375
betadine	1.8188
betake	1.7500
betaken	1.7571
betakes	1.6857
betaking	2.2125
betcher	1.8829
bete	1.9500
betel	1.8200
beth	1.8625
bethe	1.8200
bethel	1.7333
bethesda	1.7000
bethink	1.9571
bethinks	1.8750
bethlehem	1.7389
bethought	1.7889
bethsaida	1.6333
betide	2.4250
betimes	1.8071
beto	2.0250
betoken	1.8071
betokened	2.1556
betokens	1.7438
betook	2.2750
betray	2.2583
betrayal	2.0563
betrayals	1.9722
betrayer	2.1500
betrayers	2.0556
betraying	2.1000
betrays	2.1214
betroth	2.1714
betrothal	2.0111
betrothed	2.4389
betroths	2.0625
bets	1.8625
betsy	1.8500
better	2.3500
bettering	2.1056
betters	2.2000
betti	2.4200
betties	2.1500
bettin	2.3333
betting	2.1857
betty	2.4500
bettys	2.2583
betul	1.9500
between	2.3143
betwixt	2.1414
beulah	1.7250
beurre	2.0833
beust	1.8500
bevatron	2.3500
bevel	1.9600
beveled	2.3643
bevelling	2.0500
beverage	1.9438
beverages	1.8722
beverly	1.9429
bevies	1.8917
bevis	1.9400
bevor	2.0400
bevy	2.1375
bewail	1.8583
bewailed	2.2375
bewailing	1.7778
bewails	1.7786
beware	1.8917
bewept	2.0250
bewick	1.7550
bewigged	2.4125
bewilder	2.2875
bewilders	2.1778
bewitch	1.8043
bewitched	2.1533
bewitches	1.7311
bewley	1.7583
bewray	1.8667
bewrayed	2.2438
bewraying	1.8389
bexar	2.0380
bexley	1.8400
beyond	1.8500
bezel	2.1760
bezels	2.0300
bezique	2.0043
bezoar	2.1133
bezonian	2.1038
bhagavad	1.7750
bhang	1.6200
bhopal	1.9917
bhoy	1.9875
bianca	1.7883
bianchi	1.8400
biarritz	2.2600
bias	1.7875
biased	2.4500
biases	1.8167
biasing	1.7143
bibber	2.3667
bibble	2.2333
bibendum	2.4125
bible	1.7600
bibles	1.6833
biblical	1.7100
bibs	1.7875
bibulous	2.2750
biche	1.7360
bickering	1.7033
bicknell	1.9225
bicuspids	1.6644
bicycle	1.7800
bicycled	2.1950
bicyclers	1.7511
bicycles	1.7200
bicycling	1.7400
bicyclist	1.8178
biddable	1.9875
biddeford	2.2722
bidders	2.4857
biddies	1.8643
bidding	1.9000
biddings	1.8250
biddle	1.9000
biddy	2.0500
bides	2.3600
bidi	1.6250
biding	1.6167
bids	1.5375
bien	1.8000
biennial	2.1438
bienvenue	2.3556
bienville	2.0222
bier	1.8500
biers	1.7400
bifacial	1.7100
biff	2.0625
bigamist	1.8875
bigamists	1.8222
bigelow	2.2714
bigger	2.0833
biggest	2.0571
biggish	1.8714
bigheaded	2.4389
bight	1.6300
bights	1.5750
bigler	1.6667
bigness	1.9429
bigot	1.7600
bigoted	2.2214
bigotry	2.0857
bigots	1.6833
bigsby	1.8417
bigwigs	1.6071
bijou	1.8000
biker	2.5000
bilberry	2.1875
bilbo	1.9800
bildad	1.6917
bile	1.8750
bilge	1.7600
bilges	1.6833
biliary	1.8857
bilin	1.8800
bilingual	1.6778
bilious	1.8214
bilk	1.7375
bilked	2.2833
bilks	1.6500
bill	2.4125
billard	2.0929
billboard	2.0778
billet	2.2667
billets	2.1286
billfold	2.3750
billfolds	2.2556
billhead	1.9750
billhook	2.4062
billiard	2.0375
billiards	1.9556
billie	2.1583
billies	2.0357
billing	2.0714
billings	1.9750
billion	2.2357
billions	2.1187
billowing	2.4889
bills	2.1900
billy	2.2900
billycock	2.0511
billys	2.1250
bilocular	2.3644
bilton	1.9167
biltong	1.8286
binary	1.8917
binayak	1.6786
bind	1.6875
binder	2.4000
binders	2.2429
binding	1.6571
bindings	1.6125
bindle	1.6167
binds	1.6100
bine	1.8250
binet	1.9200
bing	1.7375
binge	1.7200
binger	1.7667
bingham	1.6643
bingo	1.7800
bings	1.6500
bini	2.1000
binnacle	2.1600
binocular	2.0200
binomial	2.0312
bins	1.7375
bint	1.8625
bion	2.0250
bioscope	2.0975
bipedal	2.3286
bipeds	2.4500
biplane	1.8571
bipod	1.9400
birch	1.7260
birchbark	1.7478
birchen	1.7257
birches	1.6543
birching	1.7850
birchwood	2.0089
bird	1.5875
birdbath	1.8438
birdcage	2.1725
birdcages	2.0756
birdcalls	2.2589
birdie	1.6083
birdies	1.5643
birding	1.6000
birdless	1.8000
birdlife	1.4937
birdlike	2.0062
birdlime	1.6062
birdnotes	1.7722
birds	1.5300
birdsall	1.7938
birdseye	1.6938
birdshit	1.6500
birdshot	1.6875
birdsongs	1.5667
birdwood	1.9750
birdy	1.6300
biretta	2.1571
birger	2.3667
birgitta	2.4875
birkhead	1.5625
birnam	1.7417
birrell	2.2857
birth	2.1700
birthdate	1.9778
birthday	1.9187
birthdays	1.8500
birthmark	2.4056
births	2.0250
biscay	1.8717
biscuit	1.8971
biscuits	1.8225
biscuity	1.8850
bish	1.5875
bishop	2.0000
bishopric	1.9033
bishops	1.9000
bisley	1.6333
bismarck	1.7412
bismark	1.6929
bismillah	2.0444
bismuth	2.4214
bison	1.7800
bisons	1.7000
bisson	2.1167
bistre	2.2167
bistro	2.2667
bitch	1.7860
bitched	2.2400
bitches	1.6971
bitching	1.8225
bitchy	2.4550
bite	1.8000
biter	1.8400
bites	1.7000
bitin	1.8200
biting	1.7333
bitingly	1.6875
bits	1.7125
bitt	2.4625
bitte	2.3000
bitten	2.2167
bitter	2.2500
bitterer	2.1437
bitterest	2.1167
bitterly	2.0750
bittern	2.1857
bitterns	2.0750
bitters	2.1143
bitts	2.2300
bitty	2.3300
bity	1.8375
bivalve	1.7143
bivalved	2.1375
bivalves	1.6625
bivouac	1.9114
bivouacs	1.8350
biwa	1.8250
biweekly	2.0875
bixby	2.0980
bizet	2.3360
bjerre	2.0667
blab	1.9750
blabber	2.3214
blabbing	2.1688
blabla	1.8000
blabs	1.8400
black	1.7760
blackbird	1.6922
blackburn	1.7533
blacke	1.7550
blacked	2.2329
blacken	1.7614
blackened	2.1200
blacker	1.7900
blackest	1.8038
blackeyed	2.1200
blackface	2.3789
blackfeet	1.9978
blackfish	1.5700
blackie	2.3114
blacking	2.2163
blackish	2.1413
blackjack	1.7067
blackleg	1.8038
blacklegs	1.7478
blackly	1.7829
blackmail	1.7811
blackman	1.7600
blackness	1.9367
blackout	1.8662
blackrock	1.7122
blacks	1.6967
blacktop	1.9413
blackwall	1.9478
blackwell	2.0089
blackwing	1.7422
blackwood	2.0367
bladders	2.3937
blade	2.4500
blades	2.2583
blague	1.6583
blah	1.5750
blaine	1.7000
blains	1.6417
blair	1.6300
blaise	1.7333
blake	1.5500
blakely	1.5500
blakey	1.5917
blalock	2.1900
blam	1.7000
blamable	1.7813
blame	1.6900
blamed	2.2583
blameful	1.7312
blameless	1.8333
blames	1.6250
blaming	1.8214
blanc	1.7560
blanca	1.7300
blancas	1.7400
blanch	1.6800
blanchard	1.6756
blanche	1.6757
blanched	2.1037
blanches	1.6288
blanching	1.7478
blanco	1.7883
blancos	1.7186
bland	1.5800
blanda	1.5833
blandest	2.1813
blandly	1.5714
blandness	1.8278
blang	1.6200
blank	1.7400
blanked	2.2071
blankest	1.7813
blanket	1.8071
blanketed	2.1556
blankets	1.7438
blankety	1.8063
blankly	1.7571
blankness	1.9167
blanks	1.6667
blap	1.8500
blare	1.7900
blared	2.3417
blares	1.7083
blaring	1.7357
blarney	1.7929
blas	1.7000
blase	1.8500
blason	1.7750
blaspheme	1.7333
blasphemy	2.3611
blast	1.8800
blasted	2.3071
blastin	1.8500
blasting	1.7813
blasts	1.7833
blatant	1.8286
blatantly	1.7667
blather	1.7929
blatz	2.1160
blaustein	1.7333
blavatsky	1.7778
blay	1.7000
blazing	2.3900
blazoning	2.4089
blazonry	2.3788
bleach	1.7883
bleached	2.1850
bleachers	1.7422
bleaching	1.8200
bleak	1.5500
bleaker	1.6286
bleakest	1.6625
bleakly	1.6214
bleakness	1.8111
blear	1.7900
bleared	2.2429
blearily	1.8125
blears	1.7083
bleary	1.7917
bleat	1.8500
bleated	2.2857
bleating	1.7625
bleats	1.7583
bleeding	2.3938
bleedings	2.2722
bleeker	1.9929
bleep	2.3200
bleeps	2.1500
blemish	1.7429
blemished	2.1056
blemishes	1.6833
blench	1.6883
blenched	2.1100
blenches	1.6350
blenching	1.7533
blend	1.5900
blender	2.2286
blending	1.6000
blends	1.5417
blenheim	2.1688
blent	1.7300
bles	1.5875
bless	2.0300
blessedly	2.3111
blesses	1.9857
blesseth	2.0250
blessin	1.9571
blessing	1.8750
blessings	1.8111
blest	1.7900
bleu	1.6375
blevins	1.8286
blew	1.7500
bligh	1.5300
blight	1.5750
blighted	2.0250
blighter	1.6375
blighting	1.5889
blights	1.5357
blighty	1.6071
blim	1.7375
blimey	1.7333
blimp	2.0900
blind	1.6100
blinder	2.2429
blinders	2.1250
blindest	2.2000
blindfold	1.9889
blinding	1.6125
blindly	1.5929
blindman	1.6563
blindness	1.8444
blinds	1.5583
blindspot	1.7222
blindworm	1.6944
blink	1.7700
blinked	2.2286
blinkers	1.7250
blinkin	2.3429
blinking	2.2125
blinks	1.6917
blish	1.5300
bliss	2.0300
blissful	1.9062
blister	1.8000
blistered	2.1500
blisters	1.7375
blithe	1.6333
blithely	1.6125
blither	1.6857
blitz	1.9660
blitzen	2.0543
bloater	2.4571
block	2.4860
blockages	2.0867
blockhead	2.0644
blocks	2.2883
blocky	2.3717
blois	2.4600
bloke	2.4200
blokes	2.2333
blond	2.4700
blondie	2.2357
blondies	2.1188
blondin	2.2714
blondish	2.0750
blonsky	2.2071
bloodiest	2.4556
bloodshot	2.4500
bloodying	2.4500
blossoms	2.4500
blotch	2.4217
blotches	2.1850
blots	2.4900
blouse	2.4333
blouses	2.2714
blowers	2.3929
bloweth	2.4357
blowfish	2.1688
blowin	2.4750
blowing	2.3071
blowjob	2.4500
blowout	2.3643
blowpipe	2.4875
bloxham	2.3414
blub	1.7500
blubber	2.1929
blubbered	2.4556
blubbers	2.0813
blubbery	2.1438
blucher	1.6900
blud	1.5000
bludgeon	1.6625
bludgeons	1.6222
blue	1.6375
bluebeard	1.8333
bluebell	2.0750
bluebells	1.9889
blueberry	2.1444
bluebills	2.0667
bluebird	1.7500
bluebirds	1.7000
blueblack	1.8367
bluebook	2.1562
blueboy	1.9286
blued	2.3300
bluedot	2.2000
bluegrass	2.3722
bluegreen	2.4167
bluejay	1.5643
blueness	1.8875
blueprint	1.7556
bluer	1.7100
blues	1.5700
bluest	1.7417
bluestem	1.7375
bluestone	1.7722
bluetick	1.6975
bluey	1.6700
bluff	1.8800
bluffer	1.8643
bluffing	1.7813
bluffly	1.7857
bluffness	1.9944
bluffs	1.7833
bluing	1.7083
bluish	1.6083
bluntest	2.4438
blunting	2.3563
bluntly	2.4429
blur	1.6000
blurr	2.0800
blurred	2.4500
blurring	1.9063
blurry	2.0333
blurs	1.5400
blurt	2.1400
blurted	2.4929
blurting	1.9438
blush	1.5000
blushed	2.0357
blushes	1.4929
blushing	1.6438
blust	1.7600
bluster	1.7786
blustered	2.1333
blusterer	1.7889
blusters	1.7188
blustery	1.7813
blvd	1.5750
boadicea	2.4538
boar	1.9875
board	1.8100
boarder	2.3857
boarders	2.2500
boarding	1.7375
boardman	1.7813
boardroom	2.1833
boards	1.7250
boarhound	2.4333
boarish	1.7429
boars	1.8500
boas	1.8625
boast	2.0100
boasted	2.4000
boaster	1.9571
boastful	2.3312
boasting	1.8625
boasts	1.8917
boat	2.0625
boated	2.5000
boater	1.9833
boaters	1.8857
boathouse	1.9500
boating	1.8714
boatload	2.3375
boatloads	2.2222
boatman	1.9214
boatmen	1.9286
boats	1.9100
boatswain	2.2944
bobber	2.4167
bobbers	2.2571
bobbie	2.3417
bobbies	2.1929
bobbin	2.3833
bobbing	2.2286
bobbins	2.2286
bobble	2.2833
bobbling	2.1125
bobbs	2.4100
bobbsey	2.3286
bobbys	2.3083
bobcat	2.0550
bobs	1.8625
boca	1.9075
bocca	2.4220
bock	1.7825
boda	1.6875
bodega	2.4167
bodes	2.4200
bodices	2.4614
bodie	1.6900
bodied	2.2583
bodies	1.6250
bodiless	1.9563
bodily	1.7833
bodin	1.7400
bodine	1.7250
boding	1.6667
bodings	1.6143
bodkin	2.3000
bodkins	2.1571
bodleian	1.6438
bodley	1.6500
bodo	1.7750
body	1.7375
bodyguard	1.6389
bodying	1.7571
bodys	1.6500
boeotia	1.8143
boer	1.9250
boerhaave	2.1167
boerne	1.8583
boers	1.8000
boethius	1.8188
boeuf	1.6400
boga	1.7375
bogart	2.2583
bogatyr	1.8357
bogdan	1.6417
bogey	1.7600
bogeyman	2.4375
bogeymen	2.4438
bogeys	1.6833
bogging	2.0000
boggle	2.0167
boggled	2.4571
boggler	2.0143
boggles	1.9143
boggs	2.0900
boggy	2.1900
bogies	1.6583
bogota	1.7833
bogs	1.6625
bogu	1.7125
bogue	1.7000
bogus	1.6300
boheme	1.7417
bohemia	1.8786
bohemian	1.8688
bohemians	1.8056
bohr	1.7125
boies	1.7300
boil	1.9500
boileau	1.7929
boiled	2.4250
boiler	1.9083
boilers	1.8214
boiling	1.8071
boilings	1.7438
boils	1.8200
bois	1.7500
boisduval	1.6444
boise	1.8900
boite	1.8300
boiteux	1.8557
boke	1.7000
bokhara	1.7071
boland	2.3083
boldly	2.2583
boldness	2.3750
boldo	2.4800
bolds	2.3500
bolero	2.4917
boleros	2.3214
boles	2.4600
boletus	2.3000
bolger	2.3833
bolinger	2.2313
bolivar	2.3857
bolivia	2.2929
bollards	2.4312
bolsa	2.4500
bolshoi	2.3357
bolshoy	2.3571
bolson	2.4167
bolster	2.4143
bolsters	2.2750
bolter	2.4667
bolters	2.3000
bolting	2.2857
bolton	2.5000
boltons	2.3286
bolts	2.4900
bolus	2.4300
boluses	2.2714
bomb	2.0125
bombard	1.8643
bombards	1.7937
bombast	2.0071
bombastic	1.9644
bombay	1.9083
bombazine	2.4144
bombe	1.9600
bombed	2.4833
bomber	1.9667
bombers	1.8714
bombing	1.8429
bombproof	2.1500
bombs	1.8700
bombshell	1.9333
bona	1.8875
bonafide	2.1812
bonafides	2.0833
bonamici	1.9663
bonanno	2.3857
bonaparte	2.2000
bonar	1.9700
bonbon	1.9833
bonbons	1.8857
bond	1.7625
bondage	1.7286
bondi	1.7400
bonding	1.7000
bondmaid	1.6500
bondman	1.7500
bondmen	1.7571
bondo	1.8000
bonds	1.6700
bondsman	1.6938
bondsmen	1.7000
bondwoman	1.8056
bone	1.9000
boneblack	1.9533
boneless	1.9563
bonemeal	1.7438
boner	1.9200
bones	1.7800
boneset	1.9500
boney	1.8800
boneyard	1.8000
boneyards	1.7444
bonfiglio	1.7000
bonfire	1.6786
bonfires	1.6313
bong	1.8125
bonged	2.3333
bongo	1.8400
bongs	1.7100
bonham	2.4417
boni	2.1750
boniest	2.0357
bonifacio	2.0200
boning	1.9833
bonita	2.0167
bonito	2.0750
bonjour	2.3857
bonkers	1.8286
bonne	2.3800
bonner	2.3167
bonnet	2.3667
bonnets	2.2143
bonnie	2.4417
bonnor	2.4667
bono	2.2500
bonos	2.0600
bons	1.8125
bonsoir	1.7643
bonville	2.1187
bonze	2.3160
boobies	2.1714
booby	2.4800
boodle	2.0917
boody	2.2800
boof	2.3750
boog	2.4500
booger	2.2417
boogie	2.1833
boogs	2.2200
booing	2.2250
book	2.4000
bookcase	2.1787
bookcases	2.0811
booke	2.2500
booker	2.2083
bookers	2.0786
bookings	2.4688
booklet	2.1929
booklets	2.0813
bookman	2.1143
bookmark	2.0500
books	2.1800
bookshelf	1.7944
bookshop	2.2313
bookshops	2.1278
bookstall	2.2444
bookstore	2.0667
booktalk	1.9250
bookworm	2.1000
bookworms	2.0111
booky	2.2800
boomer	2.3417
boomerang	2.0833
booming	2.3357
booms	2.3400
boone	2.4100
boons	2.3400
boor	2.5000
boora	2.3200
boorish	2.0357
boorishly	1.9833
boors	2.2600
boose	2.4500
boost	2.4800
booster	2.2929
boosting	2.1562
boosts	2.2833
boote	2.3900
bootees	2.4857
booters	2.1786
bootes	2.2083
booth	2.3200
bootheel	2.3375
booths	2.1500
booties	2.1286
booting	2.1643
bootjack	2.0975
bootle	2.2083
bootleg	2.1929
bootless	2.2938
bootmaker	2.0500
boots	2.3200
bootstrap	2.4667
booty	2.4200
boozers	2.4900
boozing	2.3186
boquillas	2.1556
bora	1.7875
borax	2.0580
bord	1.6625
bordeaux	2.2175
bordel	2.2667
border	2.3833
borderers	2.1389
bordering	2.1278
borders	2.2286
bore	1.8000
boreal	1.6833
borealis	1.6313
borean	1.7667
boreas	1.7667
bored	2.4600
boredom	2.3071
borel	1.7000
borer	1.8400
borers	1.7500
bores	1.7000
borghese	2.1938
borgia	2.3500
borgias	2.2714
borgne	2.3833
borgs	2.4300
boring	1.7333
borings	1.6714
boris	1.7000
borisovna	1.7389
borman	1.7917
born	1.8375
borne	1.8000
bornean	1.7714
borned	2.3500
borneo	1.8250
borning	1.9000
boro	1.8750
boron	1.8800
borough	1.6571
boroughs	1.6125
borracho	2.2475
borris	2.0833
borromeo	2.1250
borrow	2.2417
borrower	2.2000
borrowers	2.1000
borrowing	2.0333
bors	1.7125
borsalino	1.8167
boru	1.7625
borya	1.7900
borys	1.7300
borzoi	2.0217
bosal	1.6500
bosch	1.8860
bosco	2.0160
bosh	1.6625
bosk	1.6125
bosket	1.7333
bosko	1.8400
bosky	1.6500
bosler	1.7167
bosley	1.6833
bosom	1.8400
bosomed	2.2786
bosoms	1.7500
boson	1.8400
bosons	1.7500
bosphorus	1.7889
bosporus	1.7500
bosquet	1.8857
boss	2.2875
bosses	2.1500
bossiness	2.1611
bossman	2.0500
bossy	2.1900
bost	1.9875
boston	1.9667
boswells	2.4813
bota	1.8625
botanic	1.9971
botanical	1.8756
botanist	1.9875
botanists	1.9111
botanize	2.2038
botas	1.8500
botch	1.8460
botched	2.2829
botcher	1.8400
botches	1.7400
botching	1.8600
bote	1.8750
both	1.7875
bothe	1.7600
bother	1.8000
bothered	2.1937
botherin	1.7937
bothering	1.7389
bothers	1.7286
botkin	2.4167
bots	1.7875
botte	2.3600
bottes	2.1833
bottin	2.2833
bottle	2.1833
bottleful	2.0556
bottlers	2.0500
bottles	2.0571
bottling	2.0375
bottom	2.3333
bottoms	2.1857
botty	2.3900
bouch	1.7660
bouche	1.7467
boucher	1.7829
boucle	1.7467
boudin	1.7000
boudoir	1.6786
boudreau	1.7125
bouffant	1.9063
bouffe	1.9500
bough	1.6300
boughs	1.5750
bought	1.6583
boul	1.9125
boulanger	1.7778
boulder	2.3429
boulders	2.2125
boule	1.8600
boules	1.7667
boulevard	1.9111
boulez	2.0467
boulogne	2.2938
boult	1.8900
bouncing	2.4600
boundary	2.4562
bounding	2.3500
boundless	2.4444
bounteous	2.3389
bounties	2.4062
bountiful	2.3222
bouquet	1.9143
bouquets	1.8375
bourbons	2.4750
bourchier	1.8367
bourdeaux	2.1378
bourdon	1.7143
bourgeois	2.1000
bourget	2.3286
bourn	1.7700
bourne	1.7500
bourse	1.8000
bous	1.7125
bouse	1.8600
bout	1.8375
boutique	1.8188
bouton	1.8667
bouts	1.7300
boutwell	2.0688
bouvard	1.7643
bouvier	1.8071
bovary	1.9250
bove	1.9000
bovine	1.8417
bovines	1.7643
bowditch	1.8413
bowdler	1.8357
bowel	1.8900
bowels	1.7917
bowen	1.9900
bower	2.0300
bowers	1.9083
bowery	1.9917
bowes	1.8900
bowie	1.8600
bowing	1.8083
bowings	1.7357
bowknot	1.9643
bowknots	1.8813
bowl	1.8250
bowlder	2.2929
bowlders	2.1688
bowled	2.3417
bowlegged	2.4000
bowlegs	1.7643
bowler	1.8250
bowlers	1.7500
bowlin	1.8083
bowline	1.7857
bowlines	1.7250
bowling	1.7357
bowls	1.7200
bowman	1.8667
bowral	1.8167
bowsing	2.3071
bowsprit	2.3312
bowsprits	2.2167
bowties	1.8429
boxcar	2.1283
boxcars	2.0100
boxcutter	2.2356
boxe	2.2850
boxer	2.2280
boxers	2.0733
boxes	2.0880
boxful	1.9650
boxfuls	1.8700
boxing	1.8733
boxlike	2.2986
boxy	2.0475
boyan	1.8500
boyana	1.8083
boyar	1.9500
boyars	1.8417
boycott	2.2686
boyd	1.7375
boyds	1.6500
boyes	1.7600
boyet	1.9600
boyfriend	2.0611
boying	1.8667
boyish	1.7667
boyishly	1.7750
boykins	2.3714
boylan	1.8917
boyle	1.9200
boylston	1.9625
boyo	2.0750
boyos	1.9200
boys	1.7875
boyson	1.8333
brackets	2.4788
bradbury	2.5000
bradford	2.2938
bradish	2.3643
bradley	2.4357
bradshaw	2.4062
braiding	2.2875
braids	2.4583
brainsick	2.2533
brainwork	2.3056
brakeman	2.3313
brakemen	2.3375
brakes	2.4583
brambles	2.3563
branches	2.3413
branching	2.3811
brandies	2.2750
branding	2.3063
brandish	2.2313
brandnew	2.3750
brandon	2.4929
brandreth	2.3500
brands	2.4833
branksome	2.3556
bransford	2.2056
brawlers	2.4625
brawling	2.4500
breaches	2.4225
breaching	2.4533
breadths	2.3938
breakage	2.3125
breakages	2.2000
breakdown	2.2500
breaker	2.4429
breakers	2.3000
breaketh	2.3375
breakfast	2.2722
breaks	2.4583
breasting	2.4000
breather	2.4875
breathers	2.3556
breathes	2.4000
breathing	2.4333
brendan	2.4357
breslin	2.4143
bretagne	2.4875
brethren	2.4125
breweries	2.3833
briareus	2.3875
brickbats	2.3811
brickwork	2.2589
brickyard	2.2922
bridal	2.4583
bridals	2.2929
bridgeman	2.2778
bridger	2.4714
bridges	2.3714
bridging	2.3125
bridle	2.4667
bridles	2.3000
bridling	2.2500
briefcase	2.4478
briefest	2.4688
briefing	2.3813
briefly	2.4714
brierly	2.5000
brigadier	2.2833
brigand	2.3643
brigands	2.2313
brigham	2.3929
brighten	2.3250
brightens	2.2111
brighter	2.3500
brightest	2.3000
brightly	2.2812
brighton	2.3750
brigid	2.4667
brimful	2.4643
brimstone	2.4500
bringeth	2.4000
bringin	2.5000
bringing	2.3500
brinkley	2.4750
brinsley	2.3375
brisbane	2.5000
briseis	2.4929
brisker	2.4000
brisket	2.4429
briskets	2.3000
briskly	2.3929
briskness	2.4111
bristles	2.3625
bristling	2.3111
britches	2.3600
british	2.4000
britisher	2.2722
broaches	2.4600
broaching	2.4867
broadbent	2.5000
broadhead	2.2667
broadly	2.4786
broadway	2.4500
broadways	2.3222
brockhaus	2.2033
brockley	2.4225
brogans	2.4357
broglie	2.4214
brogues	2.4000
broiling	2.4563
brokenly	2.4375
brokerage	2.3167
brokers	2.4429
bronchial	2.3978
brothel	2.4429
brothels	2.3000
brotherly	2.3222
brothers	2.3875
brougham	2.3188
broughams	2.2056
brought	2.4214
broughton	2.3111
bruckner	2.3913
bruegel	2.4714
bruising	2.3625
brushes	2.3071
brushfire	2.1111
brushing	2.3563
brushland	2.1667
brushwork	2.1889
bruskly	2.3714
brusque	2.4929
brusquely	2.2833
brutality	2.2833
brutish	2.3786
bubba	2.3800
bubble	2.2083
bubbles	2.0786
bubbling	2.0563
bubbly	2.2333
buber	1.8900
bubonic	2.0400
bubs	1.7500
buccal	2.1600
buccaneer	2.3622
buchanan	1.7100
bucharest	1.8144
buck	1.6700
buckaroo	2.1225
buckaroos	2.0311
buckboard	1.7478
bucked	2.2383
buckenham	2.0922
bucker	1.7217
bucket	1.7717
bucketful	2.1367
buckets	1.7043
buckeyes	1.6350
buckhorn	1.7538
buckhurst	2.0978
bucking	2.2186
buckish	2.1329
buckland	1.6225
buckle	1.6883
buckled	2.1757
buckler	1.7329
bucklers	1.6787
buckles	1.6329
buckley	1.7043
buckleys	1.6538
buckling	1.6663
buckman	1.6971
buckner	1.7329
bucko	1.8860
buckra	1.6300
buckram	1.6543
bucks	1.5960
bucksaw	1.7614
bucksaws	2.2037
buckshot	1.7288
buckskin	2.0788
buckstone	1.7867
buckteeth	1.9867
buckthorn	1.7589
buckwheat	1.7533
bucolic	2.3514
budapest	1.7813
budd	2.0750
buddh	1.9200
buddha	1.8667
buddhi	2.0083
buddhism	1.8938
buddhist	1.9938
buddhists	1.9167
buddies	1.8429
budding	1.8786
buddy	2.0200
buddys	1.9000
budge	1.6300
budged	2.2083
budges	1.5750
budget	1.7417
budgets	1.6786
budging	1.6214
buds	1.5000
buell	2.0700
buen	1.7625
buena	1.7300
buenas	1.7417
bueno	2.0200
buenos	1.9000
buff	2.0250
buffalo	2.4214
buffaloes	2.2111
buffalos	2.2812
buffed	2.4750
buffer	1.9583
buffers	1.8643
buffet	2.0083
buffeted	2.3500
buffeting	1.8778
buffets	1.9071
buffon	1.9917
buffoon	2.3429
buffoons	2.2125
bugatti	2.1500
bugbear	2.3786
bugbears	2.2437
bugg	2.1750
bugger	2.0583
buggers	1.9500
buggery	2.0214
buggies	1.9000
bugging	1.9357
buggy	2.1000
bugis	1.5700
bugle	1.5700
bugler	1.6417
buglers	1.5929
bugles	1.5250
bugs	1.5500
buick	1.7660
buil	1.9625
build	1.7900
builder	2.3714
builders	2.2375
buildin	1.7857
building	1.7250
buildings	1.6778
builds	1.7083
built	1.9300
bulat	1.9800
bulb	1.9500
bulba	1.8800
bulbous	1.7929
bulbs	1.8200
bulbul	1.9000
bulga	1.7200
bulgar	1.8167
bulgaria	1.7688
bulgarian	1.7722
bulge	1.7300
bulged	2.2917
bulges	1.6583
bulgin	1.7583
bulging	1.6929
bulgy	1.7600
bulk	1.7000
bulked	2.2583
bulkeley	1.6500
bulkhead	1.6187
bulkheads	1.5833
bulkier	2.3000
bulkily	2.3357
bulks	1.6200
bulky	1.7200
bull	2.3750
bullard	2.0714
bullbat	2.2571
bulldog	1.9786
bulldogs	1.8938
bulldoze	2.2725
bulldozer	2.2422
bullen	2.1583
buller	2.1917
bullet	2.2417
bulletin	2.1250
bulletins	2.0333
bullets	2.1071
bullfight	1.8389
bullfrog	2.4062
bullfrogs	2.2833
bullies	2.0143
bullion	2.2143
bullivant	2.0167
bullnose	2.2625
bullocks	2.4788
bullring	1.9813
bulls	2.1600
bullseye	2.0875
bullshit	2.0438
bullwhip	2.2625
bully	2.2600
bullyboy	2.1437
bullying	2.0813
bullyrag	2.0250
bulmer	1.8583
bulrush	1.6143
bulrushes	1.5833
bulwark	1.8071
bulwarks	1.7438
bulwell	2.1286
bulwer	1.9667
bumbling	2.3938
bunches	2.4471
bunching	2.4788
bundle	2.4917
bundles	2.3214
bundling	2.2687
bungler	2.4500
bunglers	2.3063
bungling	2.2938
bunkhouse	2.4556
bunkmates	2.4167
buntings	2.3563
buon	1.9875
buoy	1.9625
buoyancy	1.8788
buoyant	1.8643
buoyantly	1.7944
buoyed	2.4333
buoying	1.8857
buoys	1.8300
burbling	2.3563
burch	1.6960
burd	1.5500
burden	2.2750
burdening	2.1778
burdens	2.1357
burdock	1.6043
burdocks	1.5662
burdon	1.6750
bureau	1.6417
bureaus	1.5929
buren	1.7100
burgeons	2.1500
burger	2.3417
burgess	2.4500
burgesses	2.3222
burgh	2.3400
burghardt	2.1444
burgher	2.1929
burghers	2.0812
burghley	2.1188
burglar	2.2286
burglars	2.1125
burglary	2.1750
burgle	2.2250
burgonet	2.2750
burial	1.6083
burials	1.5643
buried	2.2500
burier	1.7333
buries	1.6167
burins	1.6583
burk	1.5500
burke	1.5700
burkes	1.5250
burl	1.6000
burlap	1.7333
burle	1.6100
burleigh	1.5375
burleson	1.6500
burlesque	1.6556
burley	1.6417
burliest	1.7000
burliness	1.8556
burly	1.6400
burma	1.7000
burman	1.7167
burmans	1.6571
burmese	1.7571
burn	1.7250
burnaby	1.8857
burnand	1.6286
burne	1.7100
burned	2.2750
burner	1.7583
burners	1.6929
burness	1.9500
burnet	1.8083
burneth	1.7357
burnett	2.1643
burney	1.7250
burnin	1.9250
burning	1.8357
burnings	1.7688
burnish	1.7500
burnished	2.1111
burnous	1.8214
burnouses	1.8333
burns	1.6400
burnside	2.0750
burnsides	1.9889
burnt	1.7400
burp	1.8750
burr	2.2750
burra	2.1400
burring	1.9929
burro	2.2100
burros	2.0583
burroughs	1.8278
burrow	2.1667
burrower	2.1437
burrowing	1.9833
burrs	2.0800
burs	1.6000
bursar	1.7167
burst	1.8000
bursted	2.2500
bursting	1.7313
bursts	1.7167
burt	2.3500
burthen	2.0214
burthens	1.9313
burton	2.2083
burtons	2.0786
bury	1.7250
buryat	1.8500
burying	1.7500
busboy	1.9250
busby	1.9200
busca	1.8560
buscando	1.7663
busch	1.7960
busco	1.9260
buses	1.7300
bush	1.5500
bushe	1.5700
bushel	1.5250
bushell	1.8500
bushels	1.4929
bushes	1.5250
bushman	2.2000
bushmen	2.2071
bushmills	2.4389
bushwhack	1.6589
bushy	2.4000
busied	2.2167
busier	1.7000
busies	1.5833
busiest	1.7286
busily	1.7417
busin	1.6900
busine	1.6833
busines	1.6286
business	1.9000
busk	1.5000
buskin	2.2583
buskins	2.1214
busks	1.4600
busoni	1.9167
buss	2.1750
busses	2.0750
bussing	1.9357
bust	1.8750
bustard	1.7857
busted	2.3750
buster	1.8583
busting	1.7643
bustle	1.7417
bustled	2.2214
bustles	1.6786
bustling	1.7063
busts	1.7600
busy	1.6750
busybody	1.7063
busying	1.7214
butane	1.7417
butcher	1.7757
butchered	2.1311
butchers	1.7163
butchery	1.7788
buteo	1.8000
butler	1.7250
butlers	1.6643
buts	1.6750
butt	2.4250
butte	2.2700
butter	2.2250
buttercup	2.2033
butterfly	2.3833
butteries	1.9944
buttering	2.0222
butterly	2.0563
buttery	2.1643
buttes	2.1083
buttevant	2.1611
butting	2.0786
buttock	2.1043
buttocks	2.0038
button	2.2583
buttoning	2.1667
buttons	2.1214
buttplate	2.1389
butts	2.2000
buttstock	2.0700
butty	2.3000
buxom	1.9580
buxton	2.1150
buyer	2.3100
buyers	2.1417
buyin	2.3900
buying	2.2083
buyout	2.2750
buys	2.3000
buzzing	2.3871
byam	1.8250
bychkov	1.9043
byculla	2.1257
byes	1.7125
bygone	1.7833
bygones	1.7143
byington	2.3625
byles	1.7900
byline	1.8667
bypass	2.3333
bypassing	2.0944
bypaths	1.9429
byplay	1.9167
byproduct	1.9700
byrd	1.6250
byre	1.7625
byres	1.6700
byrne	1.7700
byron	1.8500
byronic	1.9971
byrons	1.7583
bystander	2.2167
bystreet	2.4875
byward	1.8083
byways	1.7583
byword	1.7333
bywords	1.6714
byzantine	2.3533
cabala	1.8300
cabalists	1.8033
caballero	2.0867
cabals	1.7800
caban	1.9760
cabana	1.9133
cabanas	1.8971
cabanes	1.8329
cabanis	1.9900
cabaret	2.0471
cabbage	2.3043
cabbages	2.1787
cabbie	2.3967
cabbies	2.2400
cabdriver	1.8978
cabe	2.0575
cabildo	1.8971
cabin	2.0060
cabina	1.9383
cabined	2.3971
cabinet	1.9971
cabinets	1.9100
cabins	1.8883
cable	1.8860
cabled	2.4217
cablegram	2.2700
cables	1.7883
cabling	1.8043
cabman	1.9467
cabmen	1.9550
cabochon	2.0450
caboose	2.3757
caborca	1.9443
cabot	2.0460
cabs	1.9450
cabstand	1.8600
cachalot	2.2888
cachalots	2.1789
cache	1.8620
cached	2.4017
cachou	1.9850
cachous	1.8871
caciques	1.8575
cackle	1.8183
cackled	2.2871
cackles	1.7443
cackling	1.7638
cacodemon	2.4233
cacti	2.1820
cactus	2.0100
cactuses	1.9763
cadaver	1.8757
cadavers	1.8038
cadby	1.9760
caddies	1.9114
caddis	1.9550
caddish	1.8614
caddo	2.1460
caddy	2.1160
cadeau	2.3217
cadena	2.3717
cadent	2.4050
cades	2.4260
cadets	2.4050
cadetship	2.3422
cadge	1.7260
cadged	2.2883
cadges	1.6550
cadging	1.6900
cadi	1.7075
cadillac	2.1387
cadiz	1.9420
cadogan	1.6900
cadre	1.8260
cads	1.6200
caduceus	2.3262
cady	1.7450
caelius	1.6829
caerleon	1.8538
caesar	1.8717
caesarean	1.8089
caesarian	1.8089
caesarion	1.9144
caesarism	1.7756
caesars	1.7900
caesura	1.7043
cafe	1.6825
cafecito	2.4512
cafes	1.6060
cafeteria	1.7700
caff	2.1450
cafritz	2.4300
caftan	2.3800
cagayan	1.7400
cage	1.7575
caged	2.4260
cages	1.6660
cagey	1.7660
cagliari	1.7350
cagy	1.7950
cahiers	1.7543
cahill	2.2050
cahoots	2.1686
caiaphas	1.7413
cain	1.7825
caine	1.7560
cains	1.6860
caint	1.7860
caique	1.7967
caiques	1.7257
cair	1.6825
caird	1.5660
cairn	1.7060
cairns	1.6383
cairo	1.7360
caissons	1.9350
caithness	2.3200
caitiff	1.8829
caitiffs	1.8100
caius	1.6060
cajole	2.3800
cajoles	2.2257
cajoling	2.1850
cake	1.5825
caked	2.2860
cakes	1.5260
cakeshop	1.8225
cakewalk	1.5350
cakey	1.6260
caking	2.2550
caky	1.6200
cala	1.6200
calabash	1.7600
calaboose	2.1700
calabria	2.4537
calabrian	2.3811
calais	1.5717
calamity	1.8288
calash	1.5967
calashes	1.5663
calatrava	2.0978
calavera	1.8038
calaveras	1.8033
calc	1.7150
calcasieu	1.6733
calchas	1.6514
calcified	1.9900
calcimine	1.8567
calcined	2.1450
calcite	1.7086
calcium	2.4729
calcu	1.6720
calculate	1.8122
calculus	1.6575
calcutta	2.0075
calder	2.2717
caldera	2.1757
calderon	2.1850
caldron	1.7329
caldrons	1.6788
caldwell	1.8975
cale	1.6325
caledonia	2.2033
calenda	1.5757
calendar	1.6663
calendars	1.6256
calends	1.5329
calendula	1.6256
calenture	1.6422
calexico	1.8187
calf	1.4700
calfs	1.4360
calfskin	1.9788
caliban	1.7186
caliber	1.7686
calibers	1.7100
calibre	2.4686
calibres	2.3225
caliche	1.6371
calico	1.7433
calicoes	1.6763
calif	1.5060
caligula	1.6287
calinda	1.5900
calipee	2.1757
calipers	1.7975
caliph	1.7883
caliphs	1.7186
caliver	1.7257
calixtus	1.8213
calk	1.4950
calked	2.1217
calking	2.1186
calkins	2.1186
call	2.1700
calla	2.0560
callaghan	1.8644
callahan	1.8725
callan	2.0133
callao	2.0383
callas	2.0133
callay	2.0133
callboy	2.0757
calle	2.0660
caller	2.0550
callers	1.9471
calles	1.9383
callest	2.0329
callet	2.1050
callicles	1.8400
callin	2.0383
callinan	1.9538
calling	1.9329
callings	1.8538
calliope	2.1662
callous	2.4900
callously	2.2811
calls	1.9960
callus	1.9133
calm	1.6700
calme	1.6660
calmed	2.2383
calmer	1.7217
calmest	1.7471
calming	1.8043
calmly	1.7633
calmness	2.2163
calms	1.5960
calomel	2.2400
caloric	2.2800
calorie	2.2329
calories	2.1162
calp	2.0200
calpe	1.9460
caltech	2.4443
calumets	2.3662
calutron	2.0038
calvary	1.7686
calve	1.6860
calved	2.2550
calves	1.6217
calvin	1.7050
calvinism	1.7867
calvinist	1.8756
calydon	1.6614
calypso	1.8329
calyx	1.8040
calzones	1.8200
camacho	1.9729
camanche	1.7138
camaron	1.8757
camber	1.8717
cambered	2.2475
cambio	1.9300
cambodge	1.7475
cambrian	2.4413
cambridge	2.2978
cambyses	1.7913
camden	2.3217
came	1.7575
camel	1.6660
camelhair	1.5978
camelias	1.6725
camellia	1.9225
camellias	1.9089
camelot	2.2971
camels	1.6050
cameo	1.7960
cameos	1.7133
camera	1.7717
cameral	1.7043
cameramen	1.7644
cameras	1.7757
cameron	1.8400
camerons	1.7725
camest	1.8217
camilla	2.2329
camille	2.2400
camillus	2.1038
caminar	1.9900
camino	2.1800
camisa	1.8383
camisole	2.2912
camlet	1.9050
camoens	1.8829
camomile	2.1038
camomiles	2.0144
camorra	2.2186
camp	2.2200
campagna	1.9600
campaign	1.9038
campaigns	1.8367
campanile	2.0867
campanini	2.1867
campbell	2.2288
campers	1.9757
campfire	1.8350
campfires	1.7756
camphor	2.0614
campin	2.0717
camping	1.9614
campions	2.0225
campo	2.1660
camps	2.0360
campsite	1.9100
campsites	1.8422
campus	1.9467
camshaft	2.1100
cana	1.7450
canaan	2.1467
canada	1.6967
canadas	1.7114
canadian	1.7038
canadians	1.6589
canaille	2.0225
canakin	2.2329
canal	1.6560
canales	1.6043
canals	1.5967
canard	1.7300
canarian	1.7913
canaries	1.7350
canaris	1.7471
canary	1.8467
cancan	1.7933
canceling	2.2956
cancels	2.4443
cancerous	2.3622
candela	2.1471
candent	2.2471
candia	1.6217
candid	1.5383
candida	1.5471
candidacy	1.7122
candidate	1.6756
candide	2.1257
candidly	1.5413
candied	2.1257
candies	1.5829
candle	1.5717
candlebox	1.8800
candled	2.0757
candlelit	1.5756
candlemas	1.6256
candles	1.5329
candor	1.6550
candour	1.6329
candy	1.6560
candybar	1.7850
candying	1.7038
cane	1.7575
canebrake	2.3978
canela	1.6550
canes	1.6660
canescent	2.4289
canine	1.9467
canines	1.8543
caning	1.8883
canis	1.8860
canister	1.9600
canisters	1.8867
canker	1.8217
cankered	2.2100
cankering	1.7533
cankerous	1.7422
cankers	1.7471
cann	2.4200
canna	2.2560
canne	2.2660
cannel	2.1050
cannell	2.3471
canneries	1.9922
cannes	2.1050
cannibal	2.1787
cannibals	2.0811
cannily	2.3329
canning	2.2329
cannister	2.2200
cannon	2.4383
cannoneer	2.4922
cannons	2.2757
cannot	2.4217
canoe	2.0160
canoeing	1.8663
canoes	1.8967
canon	2.0660
canonic	2.1514
canonical	1.9956
canonize	2.3388
canons	1.9383
canopied	2.4663
canopies	1.9913
canopy	2.1883
canova	1.9717
canrobert	2.1089
cans	1.6700
cansado	1.6900
canst	1.8560
cant	1.7950
cantab	1.9467
canted	2.3217
canteen	2.1114
canteens	2.0100
canter	1.8050
cantered	2.1975
cantering	1.7422
canters	1.7329
canthus	2.1829
canticle	1.7200
canticles	1.6733
cantina	1.7614
cantinas	1.7663
canting	1.7186
cantle	1.6883
cantles	1.6329
canto	1.8260
canton	1.8383
cantoni	1.9686
cantons	1.7614
cantor	1.7717
cantors	1.7043
cantos	1.7383
cantrell	2.2412
cantrip	2.2471
cantwell	2.0475
canty	1.7960
canvas	1.7633
canvases	1.7913
canvass	2.0543
canvassed	2.4367
canvasser	2.0922
canzonet	2.0075
caoc	1.8775
capable	1.9186
capably	1.9400
capac	2.0720
capacious	1.9178
capacity	1.9513
caparison	1.8533
cape	1.9075
capek	1.7460
capel	1.7860
capella	2.0471
capellan	2.0163
caper	1.9260
capered	2.3400
capering	1.8100
capernaum	2.4256
capers	1.8217
capes	1.7860
capet	1.9860
capetown	1.9538
capful	1.7633
capillary	2.1367
capitaine	1.8033
capital	1.7614
capitally	1.9922
capitals	1.7038
capitan	1.8329
capite	1.8467
capitis	1.7686
capitol	2.3829
capitols	2.2475
capn	1.9700
capo	1.9825
capon	1.9660
capone	1.9133
capones	1.8257
capons	1.8550
caporal	1.7614
capote	1.8967
capotes	1.8114
capper	2.4217
cappin	2.4050
capping	2.2471
caprera	1.8186
caprese	1.8400
capri	1.8260
caprices	2.4450
capricorn	1.8178
caprioles	2.2033
caprock	1.7871
caps	1.8200
capsicum	2.4638
capsize	2.0800
capsized	2.4575
capsizes	1.9825
capsizing	1.8511
capstan	1.8971
capstans	1.8225
capstone	1.9225
capsule	1.7900
capsules	1.7288
capt	1.9450
captain	1.8471
captaincy	1.8567
captained	2.1867
captains	1.7788
caption	1.9686
captions	1.8850
captious	1.8350
captivate	1.8978
captive	1.8543
captives	1.7850
captivity	1.8311
captor	1.8717
captors	1.7900
capture	1.7757
captured	2.1913
captures	1.7163
capturing	1.7367
capua	1.8160
capuchin	1.8888
capuchins	1.8233
capucines	1.7733
capulet	1.9329
capulets	1.8538
caput	1.8560
cara	1.8700
carabao	1.9900
carabiner	1.9533
carabobo	2.0475
caracal	1.8800
caracalla	2.0622
caracas	1.9514
caracole	2.3950
carafe	1.7717
caramba	1.8543
caramel	1.7471
caramels	1.6913
carat	2.0160
carats	1.8967
carausius	1.6367
caravan	1.9257
caravans	1.8475
caravel	1.8757
caravels	1.8038
caraway	1.9471
caraways	1.8662
carbines	2.4975
carbonado	2.4978
carcanet	1.9138
carcano	2.0586
carcase	1.9729
carcases	1.8888
carcass	2.1657
carcasses	2.1011
card	1.7450
cardan	1.7300
cardboard	1.8700
carder	2.4383
carders	2.2757
cardew	2.4300
cardgame	1.7288
cardiac	1.8586
cardial	1.6471
cardiff	1.8757
cardigan	1.6663
cardinal	1.6788
cardinals	1.6367
carding	1.6900
cards	1.6560
carduus	1.9686
care	1.8825
careening	2.1589
careens	2.1114
career	2.2800
careering	2.0589
careerism	2.0478
careers	2.1400
careful	1.8471
carefully	2.0589
careless	1.9475
cares	1.7660
caress	2.1050
caresses	2.0475
caressing	1.9422
caressive	1.9811
caret	1.9660
caretaker	1.7978
carets	1.8550
carew	1.8960
careworn	1.8413
carey	1.8660
cargoes	2.2971
carhart	2.1971
carhartt	2.4600
caribbean	2.1533
cariboo	2.2900
caribou	1.8686
carico	1.9100
caridad	1.6900
carinated	2.2644
caring	1.7883
carious	1.8257
cark	1.7450
carking	2.2614
carl	1.7950
carla	1.7560
carle	1.7660
carleen	2.1114
carlier	1.7829
carline	1.7686
carlisle	1.6350
carlist	1.8186
carload	2.3329
carloads	2.2037
carlos	2.4050
carlsbad	1.8225
carlson	1.7614
carlton	1.8329
carly	1.7960
carlyle	1.8186
carmack	1.8800
carman	1.8467
carmel	1.7717
carmelite	1.7478
carmen	1.8550
carmer	1.8883
carmine	1.9971
carmody	1.9471
carn	1.9200
carnage	1.8186
carnal	1.7633
carnality	1.7589
carnally	2.0225
carnation	1.9867
carne	1.8660
carneades	2.1644
carnegie	1.8413
carnelian	1.7422
carney	1.8550
carnival	1.8913
carnivora	1.9200
caro	1.9575
carob	1.9860
caroli	2.4633
carolina	2.2850
carolinas	2.2311
caroline	2.2913
carolines	2.1811
caroling	2.2475
carols	2.4050
carolus	2.2757
carom	1.9460
caromed	2.3543
caroming	1.9600
caroms	1.8383
carotid	1.7686
carouse	1.8686
caroused	2.2725
carousel	1.7975
carousels	1.7422
carouses	1.7975
carousing	1.7200
carp	2.0700
carpe	1.9860
carpenter	1.9089
carpentry	2.1478
carper	1.9883
carpers	1.8900
carpet	2.0383
carpeted	2.3725
carpeting	1.8978
carpets	1.9329
carping	1.8757
carpings	1.8038
carpus	1.8467
carr	2.4700
carra	2.2960
carrack	2.1943
carracks	2.0825
carrara	2.1971
carrasco	2.2512
carraway	2.2037
carre	2.3060
carrel	2.1383
carrell	2.3757
carreras	2.1162
carreta	2.2043
carriage	2.0725
carriages	1.9867
carribean	2.0867
carrick	2.0871
carrie	2.1967
carrier	2.1686
carriers	2.0600
carries	2.0686
carril	2.2717
carrion	2.2686
carrizo	2.3371
carron	2.2883
carrot	2.2717
carrots	2.1329
carroty	2.2043
carrousel	2.0422
carry	2.3360
carryall	2.2975
carryin	2.2471
carrying	2.1288
carryings	2.0367
cars	1.7950
carson	1.8383
carta	2.3560
cartas	2.2633
carte	2.3660
cartel	2.1883
carter	2.3050
carteret	2.2225
carters	2.1614
cartesian	2.0200
carthage	2.0663
carthago	2.1037
cartilage	2.1089
carting	2.1471
cartloads	2.4367
carton	2.3383
cartons	2.1900
cartoons	2.4725
cartouche	2.0622
cartridge	2.2644
carts	2.2960
cartwheel	2.2811
caruso	1.7717
caruthers	1.7144
carvings	2.4163
carwash	1.7900
carwood	2.1900
cary	1.9200
caryatid	1.8288
caryatids	1.7700
carysfort	2.0256
casa	1.7450
casado	1.7550
casanova	1.9038
casares	1.7471
casas	1.7560
casca	1.9520
cascade	2.4300
cascades	2.2887
cascading	1.8011
cascara	1.9514
case	1.9575
casemate	1.9350
casemates	1.8644
casement	1.8600
casements	1.7978
cases	1.8260
casey	1.9260
cash	1.6700
cashbox	1.8671
cashed	2.2383
cashel	1.6050
cashews	2.2257
cashier	1.8257
cashiered	2.1700
cashiers	1.7600
cashing	1.7614
cashman	2.2686
cashmere	2.2225
casi	1.7575
casimir	1.8829
casing	1.7050
casings	1.6471
casino	1.9967
casinos	1.8971
casion	1.8967
cask	1.6200
casket	1.7383
caskets	1.6757
casks	1.5560
caslon	2.4217
caspar	1.9467
casper	1.9050
caspian	1.8329
casque	1.8217
casques	1.7471
cass	2.2950
cassandra	1.9533
casse	2.3260
cassi	2.1660
cassia	2.0717
cassias	2.0329
cassidy	1.9614
cassio	2.2133
cassiopea	2.1589
cassius	1.9471
cassock	2.0300
cassocks	1.9387
cassone	2.0971
cast	1.9950
castalia	1.7663
castalian	1.7700
castanet	1.9163
castanets	1.8478
castaway	1.9662
castaways	1.8922
caste	1.9260
casted	2.4550
castel	1.8217
castelar	1.8538
caster	1.9383
casters	1.8471
castes	1.8217
castigate	1.8644
castile	1.9114
castilian	1.8644
castille	2.1475
casting	1.8329
castings	1.7663
castiron	1.8725
castle	1.8217
castled	2.2900
castles	1.7471
castleton	1.8978
castling	1.7663
castoff	2.0614
castoffs	1.9663
castor	1.9050
castors	1.8186
castrate	2.2287
castro	2.3217
casts	1.8560
castus	1.7967
casual	1.6300
casuality	1.6700
casually	1.9225
casualty	1.6725
casuist	1.8471
casuistry	2.0811
casuists	1.7788
cata	1.9450
cataclysm	1.8622
catacomb	2.0638
catacombs	1.9789
catahoula	1.8922
catalan	1.7829
catalani	1.9038
catalog	2.3329
catalogs	2.2038
catalogue	2.1644
catalonia	2.3644
catalpa	1.9829
catalpas	1.9600
catalyst	1.8475
catalytic	1.8122
catamaran	1.8756
catamite	1.9725
catamites	1.8978
cataplasm	1.8533
catapult	1.9475
catapults	1.8756
cataract	2.1700
cataracts	2.0733
catarrh	2.1971
catarrhal	2.0311
catatonia	2.0644
catatonic	2.1067
catawba	2.1900
catcall	2.1371
catcalled	2.4122
catcalls	2.0325
catch	1.9120
catched	2.3300
catcher	1.8871
catchers	1.8138
catches	1.7871
catchin	1.9871
catching	1.9013
catchment	2.2900
catchpole	2.4067
catchword	1.7844
cate	1.9575
catechism	2.4622
category	1.8975
catenary	1.9163
cater	1.9660
catered	2.3686
caterer	1.9257
caterers	1.8475
catering	1.8350
caters	1.8550
cates	1.8260
catesby	1.9757
catfish	2.2043
catgut	2.4633
catharine	1.8422
catharsis	1.7367
cathartic	2.1456
cathay	1.8133
cathays	1.7400
cathedra	2.2662
cathedral	2.1589
catherine	1.8144
catheter	1.8850
catholic	2.3950
catholics	2.2733
catkin	2.4717
catkins	2.3043
catlett	2.2471
catlike	2.2686
catling	1.7614
catnip	2.2717
cato	2.0325
catrine	2.1971
catron	2.3383
cats	1.8700
catskills	2.3811
catspaw	2.0329
catsup	1.9800
cattails	2.1413
cattegat	2.3037
cattle	2.2383
cattlemen	2.0756
catty	2.4560
catullus	2.0475
catwalk	1.7329
catwalks	1.6788
caucasian	1.7233
caucasus	1.6575
cauchy	2.3600
caucus	1.6433
caucusing	1.6344
caudal	1.5133
caudle	1.5217
caught	1.5800
caul	1.7950
cauldron	1.8037
cauldrons	1.7478
caulfield	1.5422
caulk	1.6560
caulked	2.1471
caulking	2.1413
cauls	1.6960
caus	1.5950
causa	1.5960
causal	1.5467
causality	1.6144
causally	1.8600
causation	1.8422
cause	1.7660
caused	2.3217
causeless	1.8756
causer	1.8050
causerie	1.7663
causes	1.6883
causeth	1.7757
causeway	1.7725
causeways	1.7200
causin	1.6550
causing	1.6043
caustic	1.8014
cautels	1.5900
caution	1.8400
cautioned	2.1811
cautions	1.7725
cautious	1.7225
cavalcade	2.2122
cavalier	1.7975
cavaliere	1.7811
cavaliero	1.8144
cavaliers	1.7422
cavalry	1.7686
cavan	1.9160
cave	1.9825
caveat	2.0217
caveman	1.8757
cavemen	1.8829
caven	1.9460
cavendish	1.6756
cavern	1.9550
cavernosa	1.9644
cavernous	1.9533
caverns	1.8614
caversham	1.7700
caves	1.8460
cavesson	2.1100
caviar	1.9550
caviare	1.9114
cavil	1.9860
cavilers	1.8600
cavilling	2.0644
cavils	1.8717
cavin	1.9460
caving	1.8383
cavities	1.7788
cavity	1.9050
cavort	2.3217
cavorting	2.0867
cavour	1.8550
cawdor	1.9467
cawing	1.8633
cawnpore	2.0913
caxton	2.2450
cayenne	2.1114
ceasing	2.4829
ceilings	2.3788
celadon	2.4971
celandine	2.2367
celerity	2.4163
celestial	2.2811
celestine	2.3533
celsus	2.4217
cementing	2.3367
cenotaphs	2.4867
censorial	2.2478
censors	2.4257
censure	2.4114
censurers	2.2422
censures	2.2725
censuring	2.2311
censuses	2.3475
centaur	2.4757
centauri	2.3725
centaurs	2.3288
centaury	2.3913
centenary	2.4311
centering	2.3589
centuries	2.2589
centurion	2.4144
cephalus	2.3163
cepheus	2.4686
cereals	2.4257
cerements	2.3478
cerulean	2.4725
ceruleus	2.3975
cesarean	2.4225
cestius	2.4971
chaconne	2.1825
chad	1.6200
chadwick	1.6450
chaeronea	1.8256
chaf	1.5950
chafe	1.6060
chafed	2.1883
chafes	1.5550
chaff	1.9760
chaffed	2.3757
chaffee	2.2400
chaffer	1.9329
chaffey	1.9043
chaffing	1.8413
chaffs	1.8633
chaffy	1.9467
chafing	1.6043
chagrin	2.2471
chagrined	2.4978
chahar	1.6800
chaim	1.6860
chain	1.6860
chained	2.1686
chaining	1.7975
chainless	1.9200
chainlink	1.7756
chains	1.6217
chainsaw	1.7600
chair	1.6060
chaired	2.1114
chairing	1.6100
chairlift	1.9756
chairman	1.6538
chairmen	1.6600
chairs	1.5550
chaise	1.7133
chaises	1.6543
chait	1.6660
chaitin	1.6971
chaldean	2.0413
chaldee	2.4400
chalet	1.6883
chalice	2.4229
chalices	2.2825
chalk	1.4560
chalked	2.0043
chalking	2.0163
chalks	1.4300
chalky	1.5133
challeng	1.8413
challenge	1.8200
chalmers	1.6163
chalon	2.3383
cham	1.6700
chamber	1.7900
chambered	2.1422
chambers	1.7288
chambray	2.3975
chambre	2.4900
chambres	2.3413
chameleon	1.6811
chamfers	1.5788
chamois	1.8114
champ	2.0360
champagne	1.8922
champaign	1.8367
champak	1.8400
champed	2.4186
champing	1.8788
champion	2.0225
champions	1.9422
champlain	1.8478
champs	1.9133
chanc	1.7320
chancel	2.4443
chancery	2.4512
chances	2.4443
chancing	1.6888
chancre	1.8443
chancy	1.7433
chandler	1.5913
chandlers	1.5589
chandlery	1.6144
chandra	1.6686
chanel	1.6050
chang	1.5960
change	1.6050
changed	2.1043
changeful	1.6700
changer	1.6614
changers	1.6163
changes	1.5614
changeth	1.6538
changez	1.8014
changing	1.6038
channel	1.9900
channeled	2.2978
channels	1.9038
channing	2.1163
chanson	1.6900
chansons	1.6413
chant	1.6960
chantant	1.7100
chante	1.6883
chanted	2.1757
chanter	1.7329
chantey	1.7043
chantier	1.7225
chanting	1.6663
chantries	1.8978
chantry	2.0400
chants	1.6300
chanty	1.7133
chaos	1.6260
chaotic	1.7514
chap	1.8200
chaparral	2.0089
chapbook	2.1100
chapbooks	2.0200
chape	1.7860
chapeau	1.7186
chapeaux	1.7963
chapel	1.7050
chapell	2.0043
chapelle	1.9600
chapels	1.6471
chaperon	1.8475
chapin	1.8050
chaplain	1.7163
chaplains	1.6700
chaplet	1.7900
chapleted	2.1422
chaplets	1.7288
chaplin	1.7329
chapman	1.7971
chapmen	1.8043
chappell	2.3663
chappies	2.0975
chaps	1.7160
chapter	1.8186
chapters	1.7538
char	1.7950
chara	1.7560
charabanc	1.8956
character	2.0122
charade	2.2900
charades	2.1663
charcas	1.8086
charcoal	1.7638
chardin	1.6900
chare	1.7660
charenton	1.8089
chares	1.6883
charg	2.4960
charge	2.3550
charger	2.3043
chargers	2.1787
charges	2.2043
chargin	2.2900
charging	2.1663
chariest	1.7975
charily	1.8186
chariness	1.9422
charing	1.7186
chariot	1.8686
chariots	1.7975
charisma	1.6913
charities	1.6922
charity	1.7757
charivari	1.7978
charlatan	1.7867
charles	1.6329
charless	1.9038
charley	1.7043
charlie	1.6829
charlies	1.6350
charlotte	2.4644
charm	1.7960
charmant	1.7725
charmante	1.7589
charmed	2.2471
charmer	1.8043
charmers	1.7413
charmeuse	1.7644
charmian	1.8913
charmides	2.1978
charmin	1.9471
charming	1.8663
charms	1.7133
charnel	1.7043
charnock	1.8888
charolais	2.1089
charon	1.8383
charring	2.0038
charro	2.1883
chart	2.2960
charta	2.1800
charter	2.1614
chartered	2.4311
charters	2.0538
chartham	2.0225
chartier	2.0975
charting	2.0413
chartist	2.1288
chartres	2.3038
chartreux	2.3300
charts	2.1300
charwoman	1.8200
charwomen	1.8256
chary	1.7960
charybdis	1.6811
chas	1.6700
chase	1.8260
chased	2.3717
chaser	1.8550
chasers	1.7757
chases	1.7383
chasing	1.6471
chasm	1.6960
chasms	1.6300
chass	2.0960
chasse	2.1550
chasseur	1.9912
chasseurs	1.9144
chassis	1.9186
chaste	1.8217
chastely	1.7538
chasten	1.8186
chastened	2.1644
chastest	1.8538
chastise	1.8350
chastised	2.1978
chastity	1.8163
chasuble	1.6538
chasubles	1.6144
chat	1.8700
chateau	1.7471
chateaux	1.8213
chatfield	2.0200
chatham	1.7400
chats	1.7560
chatt	2.3560
chatte	2.2383
chattel	2.1043
chattels	2.0038
chatter	2.2043
chattered	2.4644
chatterer	2.1200
chatting	2.0788
chatty	2.2633
chau	1.5950
chaud	1.4960
chaudron	1.7038
chauffer	1.8163
chauffeur	1.7256
chauncy	2.4943
chaussee	2.2600
chausses	1.9038
chavez	2.0350
chavis	1.7383
chaw	1.9075
chawed	2.4800
chawing	1.7829
chawl	1.7860
cheam	1.6660
cheap	1.7860
cheapen	1.7686
cheapened	2.1256
cheaper	1.7971
cheapest	1.8100
cheaply	1.7186
cheapness	1.9533
cheapside	2.0700
cheat	1.8260
cheated	2.2686
cheater	1.8257
cheaters	1.7600
cheatham	1.7288
cheatin	1.8114
cheating	1.7475
cheats	1.7383
cheboygan	1.8422
checker	2.4514
checkers	2.3075
checkley	2.3450
checklist	2.3178
checkmate	2.3511
checkout	2.4450
checks	2.4683
chee	2.2700
cheek	2.0360
cheekbone	1.9756
cheeked	2.4186
cheekily	2.4663
cheeks	1.9133
cheeky	1.9967
cheeping	2.0413
cheer	2.2160
cheere	2.1217
cheerer	2.1043
cheerful	2.4600
cheerier	2.0475
cheeriest	2.0311
cheerily	2.0788
cheering	1.9913
cheerio	2.1686
cheerless	2.1256
cheerly	2.0257
cheers	2.0633
cheery	2.1467
cheese	2.1383
cheeseman	2.0033
cheeses	2.0186
cheesy	2.0300
cheetah	2.0400
cheetahs	1.9475
cheever	2.2471
chef	1.6825
chefs	1.6060
cheka	1.5260
chekhov	1.6971
chel	1.5575
chelas	1.6050
chelmno	2.1971
chelovek	2.1037
chelsea	1.6543
chelton	1.6971
chem	1.6825
chemic	1.9100
chemical	1.7950
chemicals	1.7400
chemin	1.8967
chemise	1.8900
chemises	1.8163
chemist	1.9114
chemistry	2.1311
chemists	1.8350
chenier	1.8757
chenille	2.1288
cheops	1.8467
chepstow	1.8913
cheque	1.7467
chequer	1.7829
chequered	2.1367
chequers	1.7225
cheques	1.6829
cher	1.7325
chercher	1.7450
cherchez	1.8675
chere	1.7160
cherie	1.7050
cherish	1.5971
cherished	1.9922
cherisher	1.6478
cherishes	1.5700
cherkasov	1.6867
cherokee	1.9725
cheroot	2.1614
cheroots	2.0537
cherries	1.9413
cherry	2.1217
chert	2.2460
chertok	2.0400
chertsey	2.0975
cherub	1.7550
cherubic	1.7700
cherubim	1.7600
cherubin	1.7600
cherubs	1.6900
cherwell	2.0163
ches	1.5575
chesham	1.5614
cheshire	1.6413
chess	2.0060
chessman	1.9038
chessmen	1.9100
chest	1.7660
chested	2.2257
chester	1.7829
chestnut	2.4287
chestnuts	2.3033
chests	1.6883
chesty	1.7717
chet	1.8075
chettle	2.0686
chev	1.9575
cheval	1.7883
chevalier	1.7811
chevaux	1.8957
cheveley	1.7913
cheviot	1.9614
chevrons	2.4975
chew	1.7200
chewable	1.7913
chewed	2.3550
chewer	1.8383
chewers	1.7614
chewin	1.7383
chewing	1.6757
chews	2.4360
cheyenne	2.0163
cheyennes	1.9367
chez	1.9775
chianti	1.7971
chiapas	1.8757
chiba	1.8860
chibouk	1.8829
chic	1.9275
chica	1.8620
chicago	1.8657
chicane	1.8229
chicas	1.8517
chiccory	2.1800
chicha	1.7683
chick	1.7620
chickasaw	1.8400
chicken	1.7514
chickens	1.6950
chicks	1.6850
chico	1.9320
chicory	1.8514
chicot	1.9100
chid	1.7075
chide	2.4960
chides	2.2967
chiding	1.6686
chief	1.8360
chiefest	1.8413
chiefly	1.7543
chiefs	1.7467
chieftain	2.2367
chien	1.8360
chiens	1.7467
chieti	1.8883
chiffon	2.0114
chiffons	1.9225
chignon	1.9686
chigorin	1.7538
chigurh	1.6186
chihara	1.7900
chil	1.9575
child	1.7860
childbed	2.3350
childe	2.4300
childeric	2.2456
childern	2.2975
childhood	2.0589
childish	1.6475
childless	1.8867
childlike	2.0700
children	1.8350
childrens	1.7756
childs	1.7050
chile	1.8960
chileans	1.7725
chiles	1.7967
chilhowee	2.2367
chili	1.8960
chill	2.3260
chillen	2.1543
chillest	2.1475
chillier	2.1162
chillies	2.0288
chilling	2.0600
chillness	2.2422
chills	2.1550
chilly	2.2383
chilperic	2.0344
chiltern	1.8850
chilterns	1.8200
chim	1.9075
chime	1.8560
chimed	2.3967
chimera	1.8400
chimeras	1.8350
chimeric	1.8638
chimes	1.7633
chiming	1.9400
chimiques	1.9144
chimney	2.1971
chimneys	2.0850
chimp	2.2260
chin	1.9075
china	1.8460
chinaman	1.8038
chinamen	1.8100
chinatown	1.9478
chinaware	1.9478
chincha	1.7871
chinchin	1.9075
chine	1.8560
chinee	2.2383
chines	1.7633
chinese	1.8614
ching	1.7860
chink	1.9060
chinked	2.3257
chinking	2.2975
chinks	1.8050
chinless	2.0600
chino	2.1360
chinos	1.9967
chins	1.7860
chinstrap	2.1700
chintz	2.0683
chion	2.0160
chip	2.1575
chipper	2.4543
chippewa	2.3413
chipping	2.2975
chippings	2.1867
chips	1.9860
chiquito	1.9413
chirality	1.7089
chiron	1.8467
chirp	1.9260
chirped	2.3400
chirping	1.8100
chirps	1.8217
chirrup	2.2329
chirruped	2.4867
chirrupy	2.1787
chis	1.7575
chisel	1.7967
chiseled	2.1913
chiseling	1.7367
chiselled	2.3700
chiseller	2.0256
chisels	1.7257
chiswick	2.2138
chit	1.8825
chita	1.8260
chitchat	1.8887
chitlins	1.7100
chits	1.7660
chitter	2.2114
chittered	2.4700
chiv	1.8825
chivalric	1.7289
chivalry	1.7163
chives	1.7633
chivies	1.7329
chivvying	2.1089
chivying	1.8350
chladni	1.8329
chlamydia	2.2367
chloral	2.2043
chlorate	2.2975
chlorine	2.2163
chlorotic	2.2122
choate	1.9800
chock	1.8220
chocked	2.2657
chockfull	1.9456
chocking	2.2450
chocks	1.7350
chocolat	2.4325
chocolate	2.3456
chocs	1.8620
choctaw	2.1800
choir	1.8360
choire	1.8050
choirs	1.7467
chok	1.7825
choke	1.7560
choked	2.3133
chokers	1.7257
chokes	1.6800
chokey	1.7633
choking	2.2829
choler	2.4967
cholera	2.3686
choleric	2.3262
cholula	2.3614
chom	1.9825
chomp	2.2860
chomping	2.0350
chon	1.9825
choose	2.3717
chooser	2.3186
choosers	2.1913
chooses	2.2186
chooseth	2.2288
choosing	2.0788
choosy	2.2633
chop	2.2325
chopin	2.0800
chopine	2.0186
chopper	2.4971
chopping	2.3350
chops	2.0460
choral	1.7383
chorale	1.7257
chord	1.7260
chords	1.6550
chore	1.8360
chorea	1.7967
chores	1.7467
chorister	1.8589
chorizo	2.0014
chort	2.3660
chortle	2.1114
chortled	2.4850
chortling	1.9978
chorus	1.7217
chorused	2.2350
choruses	1.7600
chose	1.9560
chosen	1.9300
choses	1.8467
chote	1.8960
chough	1.6883
choughs	1.6329
choux	1.9740
chow	1.9950
chowders	2.3538
chree	2.1160
chris	1.5460
chrism	1.5883
chrissake	1.7644
christ	1.7217
christen	1.7225
christi	1.7114
christian	1.7089
christie	1.7038
christies	1.6589
christina	1.7200
christine	1.7256
christmas	1.7256
christo	1.7543
christs	1.6614
christum	2.3912
christus	1.6413
christy	1.7329
chromatic	1.8289
chrome	1.7133
chromed	2.1971
chromo	1.9467
chromos	1.8543
chronic	1.9086
chronicle	1.8122
chronicon	1.9122
chrysalid	1.5033
chrysalis	1.5256
chrysler	1.6038
chto	1.7575
chuang	2.2467
chuck	2.3720
chuckle	2.1871
chuckles	2.0762
chuckling	2.0567
chucks	2.1933
chud	2.4700
chuffing	2.2663
chuffs	2.4300
chugging	2.3413
church	2.2767
churches	2.0762
churchill	2.4456
churchly	2.1575
churl	2.3160
churlish	1.9788
churls	2.1467
churn	2.4160
churning	2.2538
churns	2.2300
chute	2.4460
chutes	2.2550
chutney	2.2614
ciao	1.7950
cibil	1.8960
cibo	1.9200
ciborium	2.4538
cicadas	1.7443
cicalas	1.7014
cicatrix	2.2250
cicerones	2.3956
cider	2.4760
ciego	1.8660
ciel	1.6450
cielos	2.3050
cierra	2.1467
cierto	2.2550
cigale	1.5800
cigar	1.7660
cigarette	2.0811
cigarillo	2.4811
cigars	1.6883
cilia	1.7960
ciliate	1.8900
ciliated	2.2912
cilicia	1.8014
cimabue	1.8829
cimber	1.8967
cimmerian	2.0589
cinch	1.7620
cinched	2.2229
cinches	1.6800
cinco	1.8920
cincture	1.8825
cinctures	1.8178
cincuenta	1.7622
cinder	2.3800
cinders	2.2257
cindery	2.2971
cine	1.7950
cinema	1.7633
cinemas	1.7686
cinereous	1.7311
cines	1.6960
cinna	2.2860
cinnabar	2.2788
cinnamon	2.2725
cinq	1.9825
cinque	1.8467
cinthia	1.8114
cioran	1.8300
cipher	1.9133
ciphered	2.2787
ciphering	1.8144
ciphers	1.8257
circa	1.7620
circassia	1.9622
circle	1.6933
circled	2.1800
circles	1.6371
circlet	1.7800
circlets	1.7200
circling	1.6700
circs	1.7020
circuit	1.8086
circuited	2.1567
circuitry	2.0511
circuits	1.7450
circular	1.8388
circulars	1.7789
circulate	1.8511
circus	1.6683
circuses	1.7200
cirque	1.7800
cirrus	1.9883
cism	1.6825
ciss	2.1825
cissy	2.1060
cistern	1.8543
cisterns	1.7850
cita	1.7575
citable	1.8400
citadel	2.2257
citadels	2.1100
citation	1.9538
citations	1.8811
cite	1.7700
cited	2.4360
cites	1.6760
cithaeron	1.8478
cither	1.7300
cities	1.6717
citified	2.0600
citing	1.7133
citizen	2.0729
citizenry	1.9789
citizens	1.9763
cito	1.8450
citoyen	1.8043
citoyens	1.7413
citrine	2.0900
citron	2.2133
citrons	2.0829
cits	1.6825
citt	2.4325
citta	2.2660
cittern	2.1686
city	1.8075
citybound	2.3533
citys	1.7060
ciudad	1.5717
civet	1.8960
civic	1.8120
civil	1.8360
civilian	1.7788
civilians	1.7256
civilise	1.8225
civilised	2.1867
civility	1.8038
civilize	2.0575
civilized	2.3956
civilly	2.1114
civis	1.6760
civita	1.7467
civitas	1.7543
clack	1.7520
clacked	2.2157
clacking	2.2013
clacks	1.6767
clad	1.6200
claddagh	1.8475
clads	1.5560
claffey	1.9043
clagett	2.1329
claggart	2.3350
claggett	2.3413
claggy	2.0467
claim	1.6860
claimant	1.7038
claimants	1.6589
claimed	2.1686
claimers	1.6725
claiming	1.7975
claims	1.6217
clair	1.6060
claire	1.6133
clairs	1.5550
clam	1.6700
clamart	2.1257
clamber	1.7900
clambered	2.1422
clambers	1.7288
clammily	2.2038
clamor	1.8717
clamored	2.2475
clamoring	1.7867
clamorous	1.7756
clamors	1.7900
clamour	1.8186
clamoured	2.1644
clamours	1.7538
clamp	2.0360
clamped	2.4186
clamping	1.8788
clamps	1.9133
clams	1.5960
clamshell	1.7811
clan	1.6700
clancy	1.7433
clane	1.6660
clang	1.5960
clanged	2.1043
clanging	1.6038
clangor	1.6329
clangs	1.5467
clank	1.7160
clanked	2.1900
clanking	2.1788
clanks	1.6467
clanky	1.7300
clannish	2.0413
clans	1.5960
clansmen	1.6538
clanton	1.7614
clap	1.8200
clapboard	1.8144
clapham	1.7114
clapp	2.4360
clapper	2.2614
clappers	2.1413
clapping	2.1288
claps	1.7160
claptrap	2.1350
claques	2.2471
clar	1.7950
clara	1.7560
clare	1.7660
clarence	2.4700
clarendon	1.7311
claret	1.8550
claribel	1.7475
claridge	1.6725
clarified	2.0256
clarifies	1.6033
clarify	1.6614
clarin	1.7883
clarinet	1.8350
clarion	1.8829
clarions	1.8100
clarissa	1.9413
clarita	1.7471
claritas	1.7538
clarity	1.7757
clark	1.6560
clarke	1.6550
clarks	1.5967
claro	1.8260
clase	1.8260
clash	1.5960
clashed	2.1043
clashes	1.5614
clashing	1.7038
clasp	1.8160
clasped	2.2614
clasping	1.7413
clasps	1.7300
class	2.0960
classes	2.0329
classic	2.0157
classical	1.8900
classics	1.9263
classify	1.8663
classing	1.9163
classless	2.0589
classmate	2.0144
classroom	2.3422
classy	2.0467
clat	1.8700
clathrate	1.7922
clatter	2.2043
clattered	2.4644
clatters	2.0913
claude	2.1883
claudia	1.5329
claudian	1.5663
claudio	1.6543
claudius	1.4913
claus	1.5360
clause	1.6883
clauses	1.6329
claustral	1.9089
clave	1.8460
claver	1.8717
clavicle	1.7575
clavicles	1.7067
clavigera	1.7422
clavis	1.7383
claw	1.9075
clawed	2.4800
clawing	1.7829
clawlike	2.1663
clawson	2.3971
clay	1.6700
claybank	1.7600
clayey	1.6883
claymores	2.3867
clays	1.5960
clayton	1.7614
claytons	1.7038
clean	1.6660
cleaned	2.1543
cleaner	1.7114
cleaners	1.6600
cleanest	1.7350
cleanin	1.8543
cleaning	1.7850
cleanings	1.7311
cleanlier	1.7478
cleanly	1.7471
cleanness	2.1533
cleans	1.6050
cleanse	1.7257
cleansed	2.1475
cleanses	1.6725
cleansing	1.6089
cleanth	1.6329
cleanups	2.4413
clear	1.7660
clearance	2.3733
clearcut	1.7763
cleared	2.2257
clearer	1.7829
clearest	1.7975
clearing	1.7100
clearings	1.6644
clearly	1.7043
clearness	1.9311
clears	1.6883
cleary	1.7717
cleat	1.8260
cleated	2.2686
cleats	1.7383
cleavage	1.7725
cleave	1.8133
cleaved	2.2829
cleaver	1.8400
cleavers	1.7725
cleaves	1.7400
cleaving	1.7475
cleburne	1.8225
cleef	2.1760
clef	1.6825
clefs	1.6060
clefts	2.3050
cleitus	1.5971
clem	1.6825
clematis	1.7350
clemence	2.4138
clemency	1.7450
clemens	1.6400
clement	1.7114
clemente	1.7038
clements	1.6600
clench	1.6683
clenched	2.0950
clenches	1.6200
clenching	1.7400
cleo	1.7200
cleomenes	1.6867
cleon	1.7560
cleopatra	2.1756
clepe	1.7960
cler	1.7325
clergy	2.3383
cleric	1.7600
clerical	1.6825
clerics	1.6943
clerk	1.6060
clerked	2.1114
clerking	2.1100
clerkly	1.6614
clerks	1.5550
clerkship	1.7756
clery	1.7460
cleva	1.8860
cleveland	1.7089
clever	1.9300
cleverer	1.9038
cleverest	1.9033
cleverly	1.8350
clevinger	1.8144
clew	1.7200
clewed	2.3550
clewing	1.6757
clews	2.4360
cliburn	1.6900
clich	1.6420
cliche	1.6433
cliches	1.5943
click	1.6020
clicked	2.1086
clicking	2.1075
clicks	1.5517
client	1.6967
cliente	1.6900
clientele	1.6422
clients	1.6400
cliff	1.8860
clifford	1.7475
cliffords	1.6978
cliffs	1.7883
clift	2.3460
clifton	2.2257
climactic	1.9711
climate	1.8114
climates	1.7475
climatic	1.8325
climax	1.9283
climaxed	2.4275
climaxes	1.9525
climaxing	1.8244
climb	1.7860
climbed	2.2543
climber	1.8114
climbers	1.7475
climbin	1.7829
climbing	1.7225
climbs	1.7050
clime	1.6960
climes	1.6300
clin	1.7075
clinch	1.6850
clinched	2.1075
clincher	1.7200
clinches	1.6325
clinching	1.7511
cline	1.6960
clines	1.6300
cling	1.6260
clinging	1.6225
clings	1.5717
clingy	1.6550
clinic	1.9267
clinical	1.8075
clinics	1.8371
clink	1.7460
clinked	2.2114
clinker	1.7686
clinkers	1.7100
clinking	2.1975
clinks	1.6717
clinquant	1.7700
clint	1.7260
clinton	1.7829
clio	1.8450
clip	1.9575
clipboard	1.8756
clipper	2.3400
clippers	2.2100
clipping	2.1975
clippings	2.0978
clips	1.8260
clipt	1.9260
clique	1.7467
cliques	1.6829
cliquot	1.8686
clive	1.6960
cloacal	2.3586
cloak	2.3860
cloakroom	2.4144
cloaks	2.2050
cloche	2.3600
clock	2.4620
clocks	2.2683
clockwise	2.1844
clockwork	2.0900
cloddish	2.2725
clods	2.3260
clogging	2.3975
clogs	2.3660
cloister	2.3038
cloisters	2.1922
cloistral	2.4089
clomping	2.4350
closely	2.2971
closeness	2.3922
closer	2.4967
closes	2.3800
closest	2.4114
closets	2.3686
closeup	2.4829
closeups	2.3350
closin	2.3467
closing	2.1971
closings	2.0850
closter	2.3971
closure	2.1686
cloth	2.4660
clothe	2.3300
clothes	2.1829
clothier	2.3037
clothiers	2.1922
clothing	2.2475
cloths	2.2717
clots	2.4660
cloture	2.2400
cloud	2.3660
cloudier	2.1413
clouding	2.0850
cloudland	1.9589
cloudless	2.2089
cloudlet	2.1350
cloudlike	2.3922
clouds	2.1883
cloudy	2.2717
clouet	2.4467
clouston	2.3100
clouting	2.1725
clouts	2.3050
cloven	2.4300
clover	2.4633
cloves	2.3467
clovis	2.3300
clowning	2.3662
clownish	2.2913
clowns	2.3800
cloying	2.3400
cloyingly	2.1644
cloys	2.4660
club	1.7200
clubbing	2.0413
clubby	2.2133
clubhouse	1.7978
clubmen	1.7329
clubs	1.6360
clubwoman	1.7978
clubwomen	1.8033
cluck	1.5720
clucked	2.0871
clucking	2.0888
clucks	1.5267
clue	1.6075
clueless	1.8100
clues	1.5460
clumsier	2.3350
clumsiest	2.2867
clumsily	2.3662
clurman	1.6400
cluster	1.7614
clustered	2.1200
clusters	1.7038
clutch	1.6600
clutched	2.0888
clutches	1.6138
clutching	1.7344
clutter	2.0757
cluttered	2.3644
clyde	2.3660
clyster	1.8043
clysters	1.7413
coach	1.9220
coached	2.3371
coaches	1.7943
coaching	1.9075
coachman	2.3513
coachmen	2.3575
coachwork	1.7900
coactive	2.0513
coadjutor	2.0978
coagulant	1.7922
coagulate	1.8644
coahuila	2.2725
coal	1.7075
coalblack	1.7456
coalesce	2.4638
coaling	1.6686
coalition	1.8089
coalman	1.7186
coalmines	1.8033
coalmont	1.9225
coals	1.6260
coaly	1.7260
coamings	1.8225
coan	1.8325
coarse	1.9300
coarsely	1.8350
coarsened	2.2367
coarser	1.9400
coarsest	1.9350
coase	1.9560
coast	1.9860
coastal	1.8329
coasted	2.3829
coaster	1.9400
coasters	1.8600
coasting	1.8475
coastline	1.8256
coasts	1.8717
coastward	1.8756
coastwise	1.9200
coat	2.0325
coated	2.4800
coates	1.8467
coating	1.8543
coatings	1.7850
coatless	2.0225
coatrack	2.2012
coats	1.8860
coattail	2.2225
coattails	2.1200
coax	2.1675
coaxes	2.1200
coaxing	1.9314
coaxingly	1.8467
cobalt	1.7883
cobban	2.3383
cobble	2.2633
cobbler	2.2257
cobblers	2.1100
cobbles	2.1257
cobbling	2.0975
cobden	2.4300
cobham	1.7883
coble	1.7960
cobs	1.8325
coburg	2.3883
cobweb	2.2383
cobwebby	2.4787
cobwebs	2.1043
coca	1.8775
cocacola	2.3925
cocaine	1.8157
coccyx	2.4217
coche	1.7720
cochere	1.7871
cochin	1.9267
cochineal	1.7900
cochise	1.9157
cochrane	1.7200
cock	1.7525
cockade	2.2657
cockades	2.1450
cockatoo	2.2012
cockatoos	2.1011
cockboat	1.9075
cockburn	1.7388
cocke	1.7320
cocked	2.2933
cocker	1.7767
cockerel	1.7013
cockerell	1.9344
cockerels	1.6567
cockeyed	2.1513
cockhorse	1.8122
cocking	2.2657
cockle	1.7433
cocklebur	1.8511
cockles	1.6800
cockney	1.7514
cockneys	1.6950
cockpit	1.9514
cockpits	1.8700
cockroach	1.7933
cocks	1.6620
cockscomb	1.8933
cocksure	1.6200
cockswain	2.1567
cocktail	1.7700
cocktails	1.7178
cocky	1.7620
cocoa	1.8920
cocoanuts	2.3733
coconuts	2.4825
cocoon	2.3683
cocoons	2.2157
cocotte	2.2300
cocottes	2.1138
cocteau	1.9371
cocu	1.8525
cocytus	1.7586
coda	1.6575
codding	1.9257
coddled	2.3829
coddling	1.8475
codes	2.3960
codfish	1.5400
codger	1.7467
codgers	1.6829
codicil	1.7729
codicils	1.7138
codified	2.0100
codify	1.5800
codling	1.5971
cods	1.5825
coeds	2.3960
coeli	1.7060
coercing	1.8138
coercion	1.9575
coercions	1.8844
coercive	1.8575
coeur	1.7160
coeval	1.8967
coevally	2.1225
coevals	1.8114
coexist	1.9386
coffee	2.3717
coffeepot	2.2644
coffees	2.2186
coffer	2.0133
cofferdam	1.8422
coffers	1.9114
coffey	1.9800
coffin	1.9967
coffined	2.3413
coffining	1.9922
coffins	1.8971
cogency	1.7800
cogent	1.7467
cogently	1.6975
cogging	1.9829
coghlan	1.6757
cogitated	2.1811
cogito	1.7717
cognac	1.9017
cognate	1.8400
cognisant	1.8089
cognition	1.9533
cognitive	1.8644
cognizant	2.4289
cognomen	1.9287
cognomens	1.8589
cogs	1.6325
cogwheel	1.9475
cohabited	2.2144
cohen	1.7360
cohens	1.6633
cohere	1.7550
cohered	2.2329
coherence	2.3844
coherency	1.7900
coherent	1.7663
cohesion	1.7725
cohesive	1.6725
cohort	2.2967
cohorts	2.1543
coif	1.6450
coifed	2.2217
coiffeuse	1.8867
coiffure	1.8413
coiffured	2.2033
coifs	1.5760
coign	1.7360
coigns	1.6633
coil	1.9200
coiled	2.4050
coiling	1.7900
coils	1.7960
coin	1.8700
coinage	1.7900
coincide	2.2325
coincides	2.1289
coined	2.3717
coiner	1.8550
coiners	1.7757
coining	1.9186
coins	1.7560
coir	1.7700
coital	1.7133
coition	1.9114
cojones	1.7900
coke	1.6700
coked	2.3560
cokes	1.5960
colburn	2.3043
colchis	2.3229
colcord	2.2514
coldish	2.0829
coldly	2.2383
coldness	2.3600
colds	2.3260
coldwater	2.2367
colefax	2.4886
coleman	2.2971
colenso	2.2757
coleridge	2.1200
coles	2.4360
coleslaw	2.2287
colgan	2.3217
colias	2.3800
colicky	2.2514
colics	2.3600
collapses	2.4533
collaring	2.4200
collators	2.4422
colleague	2.3589
colleges	2.4663
collegian	2.4256
colliding	2.2922
colliers	2.4538
collision	2.4422
collusion	2.4256
colman	2.4050
coltish	2.1829
colts	2.4660
coma	1.8575
comal	1.7460
comanche	1.7700
comanches	1.7178
comatose	1.9663
comb	1.9825
combat	2.0217
combatant	1.9256
combated	2.3600
combating	1.8867
combative	1.9256
combats	1.9186
combe	1.9360
combed	2.4633
comber	1.9467
combers	1.8543
combin	1.9133
combine	1.8757
combined	2.2788
combines	1.8038
combing	1.8257
combings	1.7600
combining	1.9367
combo	1.9760
combs	1.8460
come	1.8700
comeback	2.0200
comedian	2.2037
comedians	2.1033
comedie	2.2686
comedies	2.1475
comedor	2.2900
comedown	2.2850
comedy	2.3967
comelier	1.7600
comeliest	1.7756
comely	1.7633
comen	1.8560
comer	1.8960
comerford	2.1144
comers	1.7967
comes	1.7560
comest	1.8967
comet	1.9560
cometary	1.9350
cometh	1.8467
comets	1.8467
comf	1.7075
comfit	1.7133
comfits	1.6543
comfort	2.0829
comforted	2.3700
comforter	2.0256
comforts	1.9850
comfy	1.7260
comic	2.1120
comical	1.9229
comically	2.1178
comicbook	2.2956
comics	1.9767
comida	1.8800
comin	2.0960
coming	1.9633
comings	1.8686
cominius	2.0038
comitatus	1.9311
comity	2.0300
comma	2.3460
command	2.0900
commander	2.4756
commando	2.0725
commands	1.9912
commas	2.2550
comme	2.3560
commend	2.0971
commends	1.9975
comment	2.1971
commented	2.4589
comments	2.0850
commes	2.1800
commies	2.2614
commingle	2.1144
commissar	2.4311
commit	2.4467
commiting	2.1700
commits	2.2829
committal	2.4311
commodity	2.1700
commodore	2.1533
commoner	2.3413
commoners	2.2256
commonest	2.2922
commonly	2.3725
commons	2.3400
commotion	2.3311
como	2.2200
comp	2.3325
compa	2.1860
compact	2.3729
compactly	2.1900
compactor	2.2289
compadre	2.0600
compagnie	2.1033
compagnon	2.1644
compania	2.1350
companied	2.4700
companies	2.0478
companion	2.2033
compar	2.2050
compare	2.1257
compared	2.4975
comparer	2.1100
compares	2.0225
comparing	2.0089
compass	2.3614
compasses	2.2533
compeer	2.4471
compeers	2.3037
compel	2.0467
compell	2.2971
compels	1.9400
compete	2.1329
competent	2.0589
competing	2.0144
compile	2.1043
compiled	2.4787
compiler	2.0913
compilers	2.0033
compiles	2.0038
compiling	1.9922
compl	2.1260
complain	1.9725
complains	1.8978
complaint	1.9533
complete	2.0288
completed	2.3700
completer	2.0256
completes	1.9478
complex	2.1029
compliant	1.9422
complied	2.3788
complies	1.9038
complots	2.4600
comply	2.0717
complying	1.9756
compo	2.2560
component	2.0478
comport	2.4400
comports	2.2975
compos	2.0967
compose	2.1471
composer	2.1288
composers	2.0367
composes	2.0412
composing	1.9367
composite	1.9644
compost	2.1686
composted	2.4367
composure	1.9144
compote	2.1043
compounds	2.4978
comprar	2.1043
comprenez	2.1011
compress	2.1975
compris	1.9686
comprise	2.0288
comprised	2.3700
comprises	1.9478
compro	2.1300
compromis	2.0811
comps	2.1260
compson	2.0686
compt	2.2260
comptoir	2.0288
compton	2.1400
compute	2.0400
computed	2.4225
computer	2.0350
computers	1.9533
computes	1.9475
computing	1.9422
comrade	2.3114
comradely	2.1422
comrades	2.1850
comstock	1.8450
comt	1.9075
comte	1.8560
comtesse	2.1038
conan	1.8460
conant	1.8383
concave	1.9657
concavely	1.8733
concavity	1.9178
conceals	2.3950
conceits	2.4638
conceives	2.3844
conch	1.8220
conches	1.7229
conchita	1.8700
concho	1.9767
conchs	1.7350
concierge	2.2289
concise	1.8871
concisely	1.8122
concision	1.8622
concl	1.8220
conclave	1.8825
conclaves	1.8178
conclude	2.1700
concluded	2.4956
concludes	2.0733
concoct	2.0914
concocted	2.3767
concocter	2.0322
concocts	1.9925
concord	1.7657
concorde	2.2512
concords	1.7075
concours	1.7575
concourse	1.8344
concrete	2.0013
concreted	2.3456
concubine	1.8456
concur	1.8017
concurred	2.3956
concurs	1.7300
concussed	2.4400
conda	1.7060
condamine	1.8478
condemns	2.4975
condense	2.2663
condign	1.6686
condiment	1.7478
conditio	1.8100
condition	1.8200
condo	1.7760
condole	2.2614
condolent	2.1589
condoling	2.1144
condom	1.7967
condoms	1.7257
condone	1.7757
condoned	2.1913
condor	1.7300
condorcet	2.4344
condors	1.6686
conducive	1.7344
conduct	1.9014
conducted	2.2289
conductor	1.8622
conducts	1.8263
conduit	1.7686
conduits	1.7100
cone	1.8700
cones	1.7560
conestoga	1.8033
coney	1.8560
coneys	1.7633
conf	1.7075
confab	1.8883
confer	1.7467
conferred	2.3589
confers	1.6829
confess	1.9400
confessed	2.3478
confesses	1.9256
confessor	1.8922
confetti	2.0913
confiance	2.3344
confidant	1.6422
confide	2.1757
confident	2.0922
confiding	1.6033
confine	1.7186
confined	2.1412
confines	1.6663
confining	1.8144
confirm	1.6829
confirmed	2.0589
confirms	1.6350
confiteor	1.7089
conflict	1.8325
conflicts	1.7733
confluent	1.6533
conflux	1.7100
conform	1.7257
conforme	1.7163
conformed	2.0922
conforms	1.6725
confound	2.3350
confounds	2.2200
confreres	2.1033
confront	2.2475
confronts	2.1422
confucius	1.6400
confus	1.6050
confuse	1.7257
confused	2.1475
confuses	1.6725
confusing	1.6089
confusion	1.7367
confute	1.6829
confuted	2.1100
confutes	1.6350
confuting	1.6644
cong	1.7825
congdon	1.7257
congeal	1.6686
congealed	2.0478
congeals	1.6225
congee	2.1550
congenial	1.8033
conger	1.7967
congeries	1.7089
congest	1.8114
congested	2.1589
congo	1.8160
congrats	2.2662
congress	2.4225
congreve	2.3662
congruent	2.1533
congruity	2.2089
congruous	2.1533
coni	2.1450
conic	2.1120
conical	1.9229
conically	2.1178
conies	1.9217
conifer	1.8900
conifers	1.8163
conjoin	2.4471
conjoins	2.3037
conkling	1.7975
conmigo	2.3043
conna	2.3460
connacht	2.2012
connais	2.0971
conneaut	2.0850
connell	2.4114
connellan	2.2533
connemara	2.1200
conner	2.2967
connery	2.2257
connex	2.3700
connexion	2.2467
conning	2.2971
connive	2.3471
conniver	2.3037
connor	2.4467
connote	2.3757
conquer	1.9114
conquered	2.2367
conqueror	1.8700
conquers	1.8350
conquest	1.9100
conquests	1.8422
conrad	1.7550
conrade	2.3114
conroy	1.8467
cons	1.7825
conscious	1.8678
conscript	2.0956
consensus	1.7200
consent	1.8829
consented	2.2144
consents	1.8100
conserves	2.4367
consider	2.1913
considers	2.0922
consign	1.6971
consigned	2.0700
consignee	1.9644
consignor	1.8256
consigns	1.6475
consist	1.8114
consisted	2.1589
consists	1.7475
conso	1.8160
console	2.2900
consoler	2.2538
consoles	2.1662
consoling	2.1367
consonant	1.7978
consort	2.1257
consorted	2.4033
consorts	2.0225
conspire	1.7913
conspired	2.1589
conspires	1.7367
constable	1.9089
constance	2.4733
constancy	1.8789
constant	1.8663
constants	1.8033
consti	1.8967
constrain	2.0978
construct	2.2344
construe	2.1100
construed	2.4422
construes	2.0200
consul	1.7883
consulado	1.7644
consular	1.8287
consulate	1.8422
consuls	1.7186
consult	1.7900
consulte	1.7725
consulted	2.1422
consults	1.7288
consumer	2.4475
consumers	2.3200
consumes	2.3600
consuming	2.4311
contact	2.1300
contacted	2.4067
contacts	2.0263
contagion	1.8922
contain	1.8257
contained	2.1700
container	1.8256
contains	1.7600
contemn	2.1971
contemned	2.4589
contemner	2.1144
contemns	2.0850
contempt	2.0475
contempts	1.9644
contend	1.7400
contender	2.2033
contends	1.6850
content	1.8400
contented	2.1811
contento	1.8538
contents	1.7725
contest	1.8829
contested	2.2144
contests	1.8100
context	2.0886
contigo	1.7900
continent	1.8256
continua	2.4725
continual	2.3422
continue	2.4788
continuer	2.4256
continues	2.3478
contort	2.1971
contorted	2.4589
contour	1.7971
contours	1.7350
contr	2.3260
contra	2.2050
contract	2.3638
contracts	2.2456
contralto	2.0311
contrario	2.1811
contrary	2.1662
contrast	2.2038
contrasts	2.1033
contre	2.2133
contreras	2.0756
contrite	2.0913
contrive	2.1038
contrived	2.4367
contriver	2.0922
contrives	2.0144
contumely	2.3533
contused	2.2475
contusing	1.6978
contusion	1.8256
conv	1.9075
convene	1.8329
convened	2.2412
convent	1.8543
convents	1.7850
conventus	1.7533
converge	2.2913
converges	2.1811
convers	1.8114
converse	1.8913
conversed	2.2478
converses	1.8256
convert	2.2400
converted	2.4922
converter	2.1478
converts	2.1225
convex	1.9700
convexity	1.8967
convey	1.8633
conveyed	2.2412
conveyer	1.8538
conveyers	1.7922
conveying	1.8367
conveyor	1.8912
conveyors	1.8256
conveys	1.7829
convict	2.0229
convicted	2.3233
convicts	1.9325
convinces	2.4011
convivial	1.7367
convoked	2.1787
convoy	1.8967
convoyed	2.2662
convoying	1.8589
convulse	1.8725
convulsed	2.2311
conway	1.8633
cooing	2.2050
cook	2.3700
cookbook	2.3850
cooke	2.2260
cookery	2.1329
cookhouse	2.0867
cooks	2.1560
cookstove	2.0978
cookware	2.1225
coolidge	2.4850
coombe	2.3550
coomber	2.3043
coombs	2.2800
coomes	2.2050
coonamble	2.0811
coons	2.3160
coonskins	2.3922
cooper	2.4883
cooperage	2.2200
cooperate	2.3089
coopering	2.1978
coopers	2.3186
coopting	2.2413
coos	2.4200
coosa	2.2560
coots	2.2960
copa	2.1075
copal	1.9460
copas	2.0460
cope	2.1200
copeland	1.7850
copes	1.9560
copestone	1.9867
copier	2.0217
copies	1.9050
copilots	2.4538
coping	1.9467
copings	1.8543
copious	1.9614
copiously	1.8700
copland	1.8043
copley	1.9300
copo	2.1950
coporate	2.0162
copperas	2.3475
coppers	2.3829
coppery	2.4543
copra	1.9860
cops	2.0325
copse	2.1160
copses	1.9800
copt	2.1575
coptic	2.0433
copts	1.9860
copula	2.0050
copulate	2.0350
copulated	2.3756
copy	2.1575
copybook	2.2787
copybooks	2.1700
copying	1.9971
copyist	2.0971
copyists	1.9975
copyright	1.7978
coquet	1.9633
coquetry	2.1975
coquets	1.8686
coquette	2.2163
coquettes	2.1144
coquilles	2.0922
coquimbo	1.9912
coracle	1.8229
coral	1.6660
corals	1.6050
coram	1.7660
coranto	1.7971
corbels	2.4829
corcoran	1.7950
cord	1.6325
cordage	1.6543
cordate	1.7686
corday	1.6550
corde	2.4360
cordelia	2.0913
cordial	1.5829
cordiale	1.5913
cordially	1.8533
cordials	1.5475
cordier	1.6900
cording	1.6257
cordis	1.5800
cordite	1.6614
cordon	1.7300
cordoned	2.1412
cordova	1.6971
cords	1.5660
corduroy	1.6600
corduroys	1.6200
cordwood	1.9975
core	1.7700
cored	2.4360
coree	2.2460
corelli	1.9757
cores	1.6760
corey	1.7760
corfu	2.3860
corin	1.7960
corinna	2.1257
corinne	2.1329
corinth	1.7257
cork	1.6325
corked	2.2133
corker	1.6967
corkers	1.6400
corking	2.1971
corks	1.5660
corkscrew	1.8678
corky	1.6660
corless	1.9257
corley	1.6967
cormac	1.9350
cormack	1.8157
cormorant	1.8867
corn	1.8075
cornbread	2.3533
corncob	1.8943
corncobs	1.8200
corncrake	1.7956
corncrib	1.9450
corne	1.7760
corneal	1.6829
corned	2.3300
cornel	1.6967
cornelia	1.6787
cornelian	1.6922
cornelius	1.6256
cornell	1.9971
corner	1.8133
cornered	2.2037
cornering	1.7478
cornerman	1.7867
corners	1.7400
cornet	1.8633
cornetcy	1.8825
cornetist	1.8589
cornets	1.7829
cornfield	1.5478
cornflour	2.0533
cornhusks	2.4144
corniest	1.9413
corning	1.8829
cornish	1.7971
cornmeal	2.0100
cornrows	2.2412
corns	1.7060
cornwall	1.9850
cornwell	2.0537
corollary	2.4644
corollas	2.4850
corona	1.8133
coronach	1.8700
coronado	1.8037
coronal	1.7400
coronals	1.6850
coronary	1.8725
coroner	1.8471
coronet	1.8900
coroneted	2.2200
coronets	1.8163
corot	1.8360
corpo	1.9560
corpora	1.8400
corporal	1.7725
corporals	1.7200
corporate	1.9033
corporeal	1.7589
corporis	1.7788
corposant	1.8089
corps	1.8260
corpse	1.9300
corpses	1.8400
corpulent	1.8533
corpus	1.7717
corpuscle	1.8178
corral	2.0550
corrals	1.9471
corredor	2.4537
correggio	2.3422
correlate	2.0256
corrida	1.9686
corrido	2.0186
corridor	1.9537
corridors	1.8811
corridos	1.9287
corriente	1.9978
corrigan	1.9725
corrival	1.9725
corrodes	2.4287
corroding	1.9256
corrosion	2.0756
corrosive	1.9867
corrugate	2.0089
corrupt	2.2329
corrupted	2.4867
corrupter	2.1422
corruptly	2.0811
corrupts	2.1162
corsage	1.6829
corsair	1.6400
corsairs	1.5975
corse	1.8360
corselet	1.8038
corselets	1.7478
corses	1.7467
corset	1.9133
corseted	2.2788
corsets	1.8257
corsi	1.6760
corsica	1.7086
corsican	1.7200
corsini	1.8614
corso	1.7360
cort	2.4325
cortege	2.1614
cortes	2.1133
cortex	2.3033
cortez	2.3933
cortical	2.0325
cortlandt	2.0144
coruscant	1.8011
cory	1.8075
corydon	1.7400
cosa	1.7075
cosas	1.7260
cosby	1.9860
cose	1.9200
cosey	1.8960
cosier	1.7550
cosiest	1.7757
cosign	1.6633
cosily	1.7967
cosiness	1.9413
cosmetic	1.8263
cosmetics	1.7678
cosmic	1.9600
cosmical	1.8325
cosmo	2.0160
cosmorama	1.8422
cosmos	1.8967
coss	2.2575
cossack	2.0729
cossacks	1.9762
cost	1.9575
costa	1.8860
costard	1.8329
coste	1.8960
costed	2.4300
coster	1.9133
costes	1.7967
costing	1.8114
costive	1.8614
costlier	1.8038
costliest	1.8144
costly	1.8217
costs	1.8260
costumes	2.4475
cosy	1.7575
cote	1.8450
coterie	1.8114
coteries	1.7475
cotes	1.7360
cots	1.7575
cotta	2.3260
cottage	2.1543
cottagers	2.0422
cottages	2.0475
cotten	2.2467
cotter	2.2800
cotton	2.3133
cottons	2.1686
couch	1.7420
couchant	1.7388
couche	1.7267
couched	2.2086
couches	1.6657
couching	1.7950
cougar	1.7717
cough	1.6060
coughed	2.1114
coughing	1.7100
coughlin	1.6725
coughs	1.5550
could	1.7260
coulda	1.7050
couldn	1.7383
couldnt	1.7471
couldst	1.7900
coulee	2.2217
coulees	2.0900
couleur	1.7400
coulisses	2.0033
coulter	1.8543
councils	2.4700
counsels	2.3850
countdown	2.3700
counters	2.4350
counties	2.3913
counting	2.4225
coup	2.0825
coupe	1.9960
coupee	2.3550
couper	1.9967
couperin	1.9413
couple	1.8800
coupled	2.3400
coupler	1.8971
couples	1.7971
couplet	1.9400
couplets	1.8600
coupling	1.8100
couplings	1.7533
coupon	2.0300
coupons	1.9257
coups	1.9260
cour	1.7325
courage	1.7114
courcy	1.8017
courier	1.7471
couriers	1.6913
courir	1.6800
couronne	2.0913
cours	1.6460
course	1.7800
coursed	2.2543
courser	1.8114
coursers	1.7475
courses	1.7114
coursing	1.6350
court	2.2460
courte	2.1467
courtenay	2.0089
courteous	1.9589
courtesan	1.9533
courtesy	1.9975
courtier	2.0663
courtiers	1.9811
courtin	2.1114
courting	2.0100
courtly	2.0471
courtney	2.0600
courtrai	2.3100
courts	2.0883
courtship	2.1311
courtyard	2.0033
cousin	1.7133
cousinly	1.7725
cousins	1.6543
cout	1.8075
couth	1.7060
couts	1.7060
coutts	2.1383
couture	1.6971
couvade	2.2971
covariant	1.8311
cove	1.8700
coven	1.8560
covenant	1.8100
covenants	1.7533
covens	1.7633
covent	1.8467
coventry	2.1100
cover	1.8960
coverall	2.0225
coveralls	1.9422
coverdale	1.6811
covered	2.3186
covering	1.7913
coverings	1.7367
coverlet	1.8413
coverlets	1.7811
covers	1.7967
covert	2.2967
covertly	2.1100
coverts	2.1543
coverture	2.0478
coves	1.7560
covet	1.9560
coveted	2.3614
coveting	1.8288
covetous	1.8162
covets	1.8467
covey	1.8560
covin	1.8560
covington	2.2478
cowan	1.8560
coward	1.8133
cowardice	2.4067
cowardly	1.7475
cowards	1.7400
cowbell	2.2757
cowbird	1.9043
cowbirds	1.8288
cowboy	2.1383
cowboys	2.0186
cowdery	2.4614
cowe	2.0075
cower	2.0060
cowered	2.3971
cowering	1.8600
cowers	1.8883
cowhand	1.6686
cowherd	1.7043
cowherds	1.6538
cowhide	2.3400
cowhides	2.2100
cowing	1.7883
cowitch	1.8157
cowl	1.7950
cowled	2.3217
cowley	1.7717
cowlick	1.7014
cowling	1.7186
cowls	1.6960
cowman	1.8467
coworkers	1.7089
cowpats	1.9686
cowpens	1.8614
cowper	1.9883
cowrie	1.8633
cowries	1.7829
cowslip	2.4329
cowslips	2.2913
coxcomb	2.1000
coxcombs	2.0000
coxe	2.2550
coyly	1.9260
coyote	1.9383
coyotes	1.8471
cozen	2.2720
cozenage	2.0513
cozener	2.1443
cozening	2.1638
cozens	2.1100
cozier	2.0183
coziest	2.0014
cozily	2.0600
coziness	2.1388
cozy	2.1525
crab	2.2700
crabapple	2.3256
crabbing	2.3163
crablike	2.3475
crabs	2.0760
crabwise	2.0663
crac	2.2400
crack	2.0120
cracked	2.4014
cracken	1.9300
cracker	1.9586
crackers	1.8763
cracking	2.3638
crackings	2.2456
crackle	1.9300
crackled	2.3262
crackles	1.8513
crackling	1.8567
crackly	1.9514
crackpot	2.1263
crackpots	2.0344
cracks	1.8933
cracksman	1.8400
cracky	1.9767
cracow	2.1433
craddock	2.0512
cradle	1.7883
cradled	2.2614
cradles	1.7186
cradling	1.7412
crafter	2.4471
craftier	2.3475
craftiest	2.2978
craftily	2.3788
crafts	2.4633
craftsman	2.2200
craftsmen	2.2256
crag	1.9950
craggy	2.2633
crags	1.8560
craig	1.8260
craighead	1.6978
craigie	1.7757
crakes	1.7050
cram	1.9950
cramer	1.9383
cramm	2.4560
cramming	2.2788
cramp	2.2960
cramping	2.0413
cramps	2.1300
crampton	2.1412
crams	1.8560
cranberry	2.1811
crandall	1.9725
crane	1.9260
craned	2.4550
cranes	1.8217
cranfield	1.6311
crania	2.0550
cranial	1.9471
craning	1.9900
crank	1.9760
cranked	2.3757
crankin	2.4900
cranking	2.3413
cranks	1.8633
cranky	1.9467
cranmer	2.2757
crannies	2.2475
crans	1.8560
cranston	1.9663
cranton	1.9471
cranz	2.1720
crap	2.1450
crape	2.0460
crash	1.8560
crashed	2.2900
crashes	1.7471
crashin	1.9471
crashing	1.8663
crass	2.3560
crassest	2.2663
crassness	2.2589
crassus	2.0829
crate	2.0860
crater	2.0717
cratered	2.3975
cratering	1.9200
craters	1.9614
crates	1.9550
crating	1.9471
cravat	2.1633
cravats	2.0400
crave	2.1060
craven	2.0550
cravenly	2.0288
cravens	1.9471
craver	2.0883
craves	1.9717
cravin	2.0550
craving	1.9471
cravings	1.8663
craw	2.2325
crawfish	1.8725
crawford	1.9100
crawfurd	1.8538
crawl	2.0460
crawled	2.4257
crawler	1.9829
crawlers	1.8975
crawley	1.9543
crawlin	1.9686
crawling	1.8850
crawls	1.9217
crawly	2.0050
cray	1.9950
crayfish	1.6538
crayon	2.0550
crayons	1.9471
creagh	1.8217
creak	1.7860
creaked	2.2400
creakily	2.3100
creaking	2.2225
creaks	1.7050
creaky	1.7883
cream	1.9260
creamed	2.3400
creamer	1.8971
creamery	1.8850
creaming	1.9475
creams	1.8217
crease	2.0133
creased	2.4543
creases	1.9114
create	2.0133
created	2.4543
creates	1.9114
creating	1.9100
creation	2.0538
creations	1.9700
creative	1.9538
creator	1.9829
creators	1.8975
creature	1.8850
creatures	1.8200
credible	2.2538
credit	2.4633
crediting	2.1811
crediton	2.3288
creditor	2.2788
creditors	2.1700
credits	2.2971
credulity	2.2422
creek	2.2960
creeks	2.1300
creekside	2.3533
creels	2.1633
creeper	2.3471
creepers	2.2163
creepily	2.2913
creepin	2.3329
creeping	2.2038
creeps	2.3467
creepy	2.4300
crees	2.3360
creighton	1.7922
crema	1.9260
cremate	1.9829
cremated	2.3725
cremation	2.0256
cremona	2.0829
cremorne	2.0038
crenels	1.7543
crenshaw	1.8725
creo	2.0450
creoles	2.3471
creon	2.0160
creosote	1.8600
creosoted	2.2200
crep	2.1575
crepe	2.0560
crepey	2.0133
crepitant	1.9200
crept	2.0860
crescendo	2.4789
crescents	2.4844
cress	2.2660
cresset	2.2971
cressets	2.1725
cressida	1.9600
cressy	2.1883
crest	2.0260
crested	2.4114
cresting	1.8725
crestless	2.0200
crestline	1.8478
creston	1.9971
crests	1.9050
cretan	1.9883
cretans	1.8900
crete	2.0360
cretic	2.0267
cretin	2.0133
cretinous	1.9922
cretonne	2.2913
creux	2.0140
crevasse	2.3475
crevasses	2.2311
crew	2.0450
crewcut	2.0800
crewe	2.0660
crib	2.0825
cribbage	2.2475
cribbing	2.2225
cribs	1.9260
crichton	1.8950
crick	1.8620
cricked	2.2943
cricket	1.8943
cricketer	1.8789
crickets	1.8200
cricks	1.7683
crier	1.9760
criers	1.8633
cries	1.8360
crieth	1.9133
crikey	2.4633
crim	2.0325
crime	1.9560
crimea	1.8967
crimean	1.8829
crimen	1.9300
crimes	1.8467
criminal	1.9600
criminals	1.8867
crimmins	2.2975
crimp	2.3260
crimps	2.1550
crimpy	2.2383
crimson	1.8971
crimsoned	2.2256
cringe	1.8467
cringed	2.3114
cringes	1.7686
cringing	1.7850
crinkle	1.9257
crinkled	2.3225
crinkles	1.8475
crinkly	1.9471
crinoid	1.9900
crinoids	1.9038
crinoline	2.4089
crip	2.2825
cripes	2.0133
cripple	2.4257
cripples	2.2850
crippling	2.2422
crises	1.8800
crisis	1.7467
crisp	1.9860
crisped	2.3829
crispian	1.8725
crispin	1.9257
crisping	1.8475
crisply	1.8614
crispness	2.0644
criss	2.2660
cristina	1.9100
cristo	2.0133
criterion	1.9644
critic	1.9433
critical	1.8200
criticise	1.8956
criticism	1.8233
criticize	2.1044
critics	1.8514
critique	1.9038
critiques	1.8367
critter	2.2829
critters	2.1600
croagh	1.8717
croak	1.8460
croaked	2.2829
croaker	1.8400
croakers	1.7725
croaking	2.2600
croaks	1.7550
croaky	1.8383
croatia	1.9971
crocheted	2.2789
crock	1.9220
crocked	2.3371
crockery	1.8825
crocket	1.9371
crocketed	2.2567
crockett	2.2325
crockford	1.6844
crocks	1.8183
crocodile	1.8844
crocus	1.8850
crocuses	1.8825
croesus	1.7543
crofter	2.4257
crofton	2.4543
crofts	2.4383
croire	1.8883
crois	1.8960
croix	2.1040
croke	1.8560
croker	1.8800
crokes	1.7633
crombie	1.9757
crome	2.0160
cromer	2.0133
cromlechs	2.4733
cromwell	2.2038
crone	2.0160
crones	1.8967
cronies	2.0186
cronin	2.1800
crook	2.4160
crookback	2.1844
crookedly	2.4367
crooker	2.2471
crookes	2.1471
crooks	2.2300
crooner	2.3614
crooning	2.3538
crop	2.3575
croppers	2.4100
cropping	2.3975
crops	2.1460
croque	2.0133
croquet	2.0543
croqueted	2.3478
crore	1.9360
crosbie	2.0043
crosby	2.0883
crosier	1.8757
crosiers	1.8037
cross	2.3260
crossbar	2.3037
crossbars	2.1922
crossbow	2.3037
crosscut	2.2138
crosse	2.3467
crossers	2.1725
crosses	2.1971
crossest	2.2475
crossfire	1.9922
crossin	2.1686
crossing	2.0600
crossings	1.9756
crossly	2.1043
crossman	2.1038
crossness	2.2422
crosson	2.2114
crossties	2.0922
crossways	2.4756
crosswire	2.4867
crossword	2.4589
crotch	1.9517
crotched	2.3075
crotches	1.8325
crotchet	1.9575
crotchets	1.8844
crotchety	1.9400
croton	2.0300
crotty	2.4050
crouch	1.8850
crouched	2.2575
croucher	1.8700
crouches	1.7825
crouching	1.8844
croup	2.1860
croupier	2.0288
croupy	2.1217
crout	1.9660
crow	2.1200
crowbait	2.0913
crowbar	2.2257
crowbars	2.1100
crowd	2.0760
crowding	1.9038
crowds	1.9467
crowe	2.1260
crowfoot	2.3100
crowing	1.9043
crowland	1.7850
crowley	1.8900
crown	2.0560
crowned	2.4329
crowner	1.9900
crowning	2.0288
crownless	2.1256
crowns	1.9300
croydon	1.8971
crozier	2.1014
croziers	2.0013
cruachan	1.8950
crucial	1.8014
cruciate	1.9450
crucible	1.8450
crucibles	1.7844
crucifer	1.7950
crucified	2.1233
crucifies	1.7011
crucifix	1.8375
cruciform	1.7733
crucify	1.7871
crud	1.7950
crudely	2.2757
crudeness	2.3756
cruder	2.4717
crudest	2.3900
crudities	1.6922
crudity	1.7757
crudo	1.8260
cruel	1.8060
cruelest	1.8225
crueller	2.0600
cruellest	2.0422
cruelly	2.0900
cruelness	1.9533
cruelties	1.7144
cruelty	1.8043
cruet	2.0060
cruets	1.8883
cruise	1.9967
cruised	2.4400
cruiser	1.9971
cruisers	1.9100
cruises	1.8971
cruising	1.7975
crumbles	2.4663
crumbling	2.4033
crunches	2.4512
crunching	2.4789
cruppers	2.3538
crusade	2.3186
crusader	2.2788
crusaders	2.1700
crusades	2.1913
crusading	1.7144
cruse	1.9660
cruses	1.8550
crush	1.7360
crushed	2.2043
crusher	1.7614
crushers	1.7038
crushes	1.6614
crushing	1.7913
crusoe	1.8300
crust	1.9960
crusted	2.3900
crusting	1.8538
crusts	1.8800
crusty	1.9633
crutch	1.8767
crutched	2.2513
crutches	1.7763
crux	2.1050
cruz	2.2400
crybabies	1.9533
crybaby	2.1114
cryer	2.0060
cryin	2.0860
crying	1.9550
crypt	2.2160
cryptic	2.1014
crypto	2.1717
crypts	2.0633
crystal	1.8829
crystals	1.8100
ctca	2.1400
cuadra	1.7633
cual	1.5950
cualquier	1.7867
cuando	1.6550
cuarenta	1.7788
cuartel	2.0900
cuarto	2.2717
cuatro	2.2717
cuba	1.7950
cuban	1.7960
cubans	1.7133
cubby	2.3960
cube	1.8325
cubes	1.7260
cubic	1.8420
cubical	1.7300
cubicle	1.7371
cubicles	1.6825
cubism	1.7217
cubist	1.8550
cubistic	1.8450
cubists	1.7757
cubit	1.8060
cubits	1.7217
cuboid	1.7133
cubs	1.7200
cuck	1.6400
cuckold	2.2443
cuckolds	2.1263
cuckoo	2.2933
cuckoos	2.1514
cuckquean	1.7233
cucumbers	2.3789
cuddled	2.3186
cuddling	1.7913
cuddy	1.9960
cudgel	1.5550
cudgeled	2.0100
cudgelled	2.2089
cudgels	1.5186
cuds	1.4700
cueball	2.1471
cuellar	2.0186
cuenta	1.7217
cuento	1.7800
cuentos	1.7114
cuero	1.8160
cues	1.6075
cuesta	1.7717
cueva	1.9260
cuff	1.9950
cuffe	1.9260
cuffed	2.4550
cuffing	1.8329
cufflink	1.8413
cufflinks	1.7811
cuffs	1.8560
cuidado	1.6971
cuirass	2.0471
cuirasses	2.0089
cuisine	1.7329
cuisses	2.0686
cuius	1.6860
culberson	1.8422
culdesac	2.2513
culet	1.9060
culinary	1.8538
cull	2.3450
cullen	2.1383
culler	2.1717
culling	2.0329
culls	2.1360
culminate	1.9867
culpa	2.0760
culpable	2.0288
culpepper	2.3756
culprit	1.9614
culprits	1.8788
cult	1.8450
culte	1.8060
cultist	1.8471
cultivate	1.8533
cults	1.7360
cultural	1.6600
culture	1.7186
cultured	2.1412
cultures	1.6663
cultus	1.6967
culver	1.8550
culverin	1.8350
culvers	1.7757
culvert	2.2043
culverts	2.0913
cumbering	2.3867
cuneiform	2.2589
cuore	1.8160
cupbearer	1.9756
cupboard	1.9287
cupboards	1.8589
cupcakes	1.7512
cupel	1.8660
cupful	1.8300
cupid	1.8260
cupidity	1.7975
cupids	1.7383
cupolas	2.4329
cupping	2.3043
cupreous	1.7850
cupressus	1.9367
cups	1.9200
cupule	1.9383
cura	1.6450
curable	1.7757
curacoa	1.8443
curandera	2.0811
curandero	2.1200
curate	1.8050
curates	1.7329
curative	1.7975
curator	1.8043
curbing	2.4900
curbstone	2.4422
curd	1.5200
curdled	2.0186
curdles	1.4757
curdling	1.5288
curds	1.4760
curdy	1.5760
cure	1.6575
cured	2.3460
cureless	1.8350
curer	1.7260
cures	1.5860
curettage	2.0311
curfew	2.2633
curia	1.6460
curieux	1.7314
curing	1.6383
curio	1.8160
curios	1.7300
curiosa	1.7114
curiosity	1.7367
curious	1.6971
curiouser	1.8144
curiously	1.6644
curl	1.5700
curled	2.1717
curlers	1.6043
curlews	2.1686
curley	1.6217
curlicue	1.6325
curlicues	1.5956
curliest	1.6850
curling	1.5900
curls	1.5160
curly	1.6160
curlycues	1.6122
curnow	1.9633
curran	2.0633
currant	2.0257
currants	1.9350
currency	2.0263
current	2.0329
currently	1.9256
currents	1.9413
currey	2.0717
curricle	1.9450
curricula	1.9789
curried	2.4829
currish	1.8900
curry	2.1560
currying	2.0163
curs	1.5700
curse	1.7460
cursed	2.3050
curses	1.6717
cursing	1.5900
cursorily	1.6978
cursory	1.6471
curst	1.7760
curt	2.3200
curtail	2.0900
curtailed	2.3756
curtain	2.0614
curtained	2.3533
curtains	1.9663
curtal	2.0300
curtin	2.1383
curtis	2.0383
curtiss	2.2900
curtius	1.9614
curtly	2.0633
curtness	2.2288
curtsey	2.1186
curtseyed	2.3978
curtseys	2.0163
curtsied	2.3725
curtsies	1.8975
curtsy	2.0633
curtsying	1.9700
curvature	2.3478
curving	2.4471
curwen	1.8133
cury	1.6950
curzon	1.9683
cusa	1.5950
cusack	1.7100
cushing	1.6757
cushion	1.8400
cushioned	2.1811
cushions	1.7725
cusp	1.7950
cusped	2.3217
cuspidor	1.6725
cuspidors	1.6311
cusps	1.6960
cuss	2.1450
cusses	2.0550
cussin	2.0217
cussing	1.9186
custard	1.7686
custodes	2.1725
custodial	1.6644
custodian	1.7200
custody	1.7471
custom	1.8717
customary	1.8811
customed	2.2475
customer	1.8600
customers	1.7978
customs	1.7900
cutaway	1.8614
cute	1.7325
cuteness	1.9350
cutest	1.8050
cuthbert	2.0913
cuticle	1.6943
cuticles	1.6450
cutie	1.7160
cuties	1.6467
cutlass	1.9686
cutlasses	1.9478
cutler	1.7050
cutlers	1.6471
cutlery	1.7186
cutlet	1.7550
cutlets	1.6900
cutoff	1.9550
cutoffs	1.8614
cutout	1.7550
cutpurse	1.8038
cutpurses	1.7478
cuts	1.6450
cutt	2.3950
cutter	2.2050
cutters	2.0757
cutthroat	2.0589
cuttin	2.1883
cutting	2.0614
cuttingly	1.9478
cuttings	1.9663
cuttle	2.0883
cutty	2.2760
cutwater	1.8850
cuvier	1.7633
cuzco	2.1580
cyanic	1.9850
cyanide	2.3829
cycad	1.7920
cycads	1.7100
cyclades	2.1513
cyclamen	1.7388
cyclamens	1.6900
cycle	1.7420
cycled	2.3017
cycles	1.6683
cyclic	1.7817
cycling	1.7014
cyclist	1.8014
cyclists	1.7388
cycloid	2.2514
cyclone	2.3657
cyclones	2.2325
cyclonic	2.4550
cyclopean	2.3289
cyclops	2.4586
cyclorama	2.1678
cydnus	2.4967
cygne	1.7060
cygnet	1.8050
cygnets	1.7329
cylinder	2.2725
cylinders	2.1644
cymbals	2.4829
cymbeline	2.3811
cypher	1.9383
cyphers	1.8471
cypress	2.1329
cypresses	2.0756
cyprian	1.8900
cyprus	1.8300
cyrano	1.9550
cyril	1.8060
cyrus	1.6160
cytherea	1.7225
dabbing	2.1500
dabble	2.1917
dabbler	2.1643
dabbles	2.0643
dabbling	2.0438
dabney	1.8083
dabs	1.7250
dacca	2.3120
dacha	1.6760
dachas	1.6967
dachau	1.6467
dack	1.6450
dacres	1.8383
dactyl	2.0467
dactylic	1.9888
dactylics	1.9122
dactyls	1.9400
dadaist	1.6357
daddies	1.7857
daddy	1.9400
daddys	1.8333
dado	1.5625
dados	1.5100
dads	1.4000
daedalus	1.9937
daemon	1.9833
daff	1.9250
daffodil	1.8125
daffodils	1.7556
daft	2.5000
dagger	1.9917
daggered	2.3375
daggers	1.8929
dago	1.6125
dagobert	2.0750
dagon	1.6700
dagonet	1.7571
daguerre	1.9125
dahl	1.4500
dahlia	1.5083
dahlias	1.5500
daid	1.3625
dailies	1.5786
daily	1.6500
daintier	1.6687
dainties	1.5813
daintiest	1.6944
daintily	1.7000
dainty	1.6417
daiquiri	1.6938
dairy	1.5300
dairyman	2.2938
dais	1.4125
daises	1.5667
daisies	1.4643
daisy	1.4900
daji	1.5375
dake	1.3625
dakota	1.6583
dalai	1.4500
dalberg	2.1643
dale	1.4125
dales	1.3900
daleth	1.5417
daley	1.4900
dalhousie	1.5722
dali	1.4125
dalin	1.5100
dalkey	1.4250
dall	1.9500
dallas	1.8667
dalliance	2.4422
dallied	2.3143
dallies	1.7714
dalloway	2.3875
dally	1.9200
dallying	1.8688
dalmatic	1.7038
dalrymple	2.3389
dalton	1.6083
daly	1.4500
dama	1.5250
damage	1.5917
damaged	2.0929
damages	1.5500
damaging	1.5938
damar	1.6800
damas	1.5800
damascene	2.3644
damascus	1.6850
damask	1.5000
damasked	1.9688
damasks	1.4714
damaso	1.6417
dame	1.5375
dames	1.4900
damien	1.7833
damiens	1.7143
damier	1.8167
damm	2.2000
damme	2.0900
damming	2.1071
dammit	2.2250
damn	2.2000
damnable	2.0312
damnably	2.0500
damnation	2.1111
damnatory	2.0278
damndest	2.4313
damning	2.1071
damnit	2.2250
damns	2.0200
damocles	1.7225
damon	1.8900
damp	2.0000
damped	2.4583
dampen	1.9083
dampened	2.2750
dampening	1.9333
dampens	1.8214
damper	1.9417
dampers	1.8500
dampest	1.9357
dampier	1.9000
damping	1.8357
dampish	1.7500
damply	1.8500
dampness	2.0813
damps	1.8600
dams	1.4500
damsel	1.5917
damsels	1.5500
damson	1.6083
damsons	1.5643
dana	1.5250
danae	1.7100
danaher	1.5786
danby	1.6800
danc	1.6200
dancehall	2.4033
dancers	2.4186
dances	2.4883
dancin	1.6717
dancing	1.6186
dandelion	2.0611
dander	2.2083
dandies	1.4571
dandified	1.8500
dandle	1.4250
dandled	1.9500
dandling	1.4688
dandridge	1.5667
dandruff	1.7375
dandy	1.4800
dandyish	1.5188
dandyism	1.5813
dane	1.5375
danes	1.4900
daney	1.5900
danforth	1.8188
dang	1.4500
danged	2.0917
danger	1.5750
dangereux	1.6600
dangerous	1.5778
dangers	1.5357
dangle	1.4583
dangled	1.9786
dangler	1.5357
danglers	1.5063
dangles	1.4357
dangling	1.4938
daniel	1.7000
danieli	1.6929
daniels	1.6429
danish	1.6417
danite	1.7833
dank	1.6000
dann	2.2000
dans	1.4500
danske	1.4250
dant	1.5750
dante	1.5900
dantean	1.6214
dantes	1.5417
danvers	1.6214
danzig	1.7217
daoud	1.4500
daphne	2.3083
daphnis	2.3214
dapper	2.2750
dapping	2.1214
dapple	2.1583
dapples	2.0357
darbies	2.4571
darc	1.7700
darcy	1.7760
dardan	1.5833
dare	1.6625
dared	2.3500
daren	1.6900
darent	1.7083
darer	1.7300
dares	1.5900
daresay	1.6214
darest	1.7583
daria	1.6500
darien	1.6833
daring	1.6417
daringly	1.6188
darius	1.5750
dark	1.5250
darke	1.5500
darken	1.5917
darkened	2.0375
darkening	1.7222
darkens	1.5500
darker	1.6250
darkest	1.6643
darkie	2.2333
darkies	2.1000
darkish	2.0500
darkling	1.5938
darkly	1.6167
darkman	1.6143
darkness	1.8313
darks	1.4800
darksome	1.6125
darky	1.5800
darlin	1.6417
darling	1.5929
darlings	1.5563
darlins	1.5929
darn	1.7000
darned	2.2583
darnel	1.6250
darnell	1.9357
darning	1.8214
darns	1.6200
darrow	2.1500
dart	2.3250
darter	2.1583
darters	2.0357
dartford	2.3562
darting	2.0214
dartmouth	2.0833
darton	2.1917
darts	2.1200
darwin	1.7500
darwinian	1.8500
darwinism	1.8167
darwins	1.6857
dash	1.4500
dasha	1.4800
dashboard	1.6500
dashed	2.0917
dasher	1.5750
dashes	1.4583
dashiell	1.8750
dashing	1.6357
dashingly	1.6167
dashwood	1.9062
dass	2.0750
dast	1.7750
dastard	1.7286
dastardly	1.6889
dastards	1.6750
dastur	1.6833
data	1.7250
database	1.9563
datable	1.8214
datchet	1.8043
date	1.7375
dated	2.4100
dateless	1.8750
dates	1.6500
datin	1.7700
dating	1.6917
datura	1.6500
daub	1.5750
daubed	2.1917
daubeny	2.4500
dauber	1.6750
daubery	1.6929
daubing	1.5929
daubs	1.5200
daudet	2.2083
daughter	1.5312
daughters	1.5056
dauntless	2.3722
daunts	2.4333
dauphin	1.8214
dauphine	1.8000
dauphins	1.7563
davao	1.7700
dave	1.7625
davenant	1.7563
davenport	2.2333
daventry	2.0562
david	1.6100
davids	1.5583
davidson	1.6500
davies	1.6500
davin	1.7700
davis	1.6500
davises	1.7143
davits	1.6750
davitt	2.1750
davos	1.7100
davy	1.7750
davys	1.6800
dawdle	1.7167
dawdled	2.2000
dawdling	1.6875
dawn	1.8125
dawned	2.3333
dawning	1.8857
dawnings	1.8125
dawns	1.7100
dawnstar	1.8813
dawson	2.4333
daybed	2.2417
daybook	2.0143
daybooks	1.9250
daybreak	2.2437
daydream	1.6188
daydreams	1.5833
dayers	1.5750
daylight	1.5813
daylights	1.5500
dayroom	2.0429
days	1.4500
daystar	1.7571
daytime	1.6429
daytimes	1.6000
dayton	1.6917
daytrader	2.3500
dazing	2.4050
deacon	2.4967
deacons	2.3257
dead	2.4875
deadbeat	2.3500
deadhead	2.0125
deadlier	2.0687
deadliest	2.0500
deadlight	1.9222
deadline	2.0562
deadly	2.1750
deadman	2.1643
deadness	2.3125
deadpan	2.2500
deadwood	2.4250
deaf	2.4625
deafen	2.2167
deafening	2.1389
deafer	2.2500
deafness	2.3000
deah	2.4125
deal	2.4125
dealer	2.2167
dealers	2.0857
dealin	2.2000
dealing	2.0714
dealings	1.9750
deals	2.1900
dealt	2.2900
deane	2.3600
deanery	2.2286
deans	2.2900
dearer	2.3833
dearest	2.3143
dearie	2.3250
dearly	2.2917
dearness	2.4000
dears	2.3900
deary	2.4900
deasy	2.3900
death	2.4500
deathbeds	2.5000
deathday	2.0938
deathful	2.1063
deathless	2.3111
deathlike	2.4944
deathly	2.2643
deaths	2.2583
deathtrap	2.4500
deau	2.4625
deauville	2.3167
debacle	2.4686
debark	2.4917
debases	2.4429
debasing	2.2750
debatable	2.4000
debaters	2.3875
debates	2.4429
debating	2.3750
debauch	2.3329
debauchee	2.4589
debauches	2.1422
debility	2.3687
debits	2.4500
debonair	2.3187
debora	2.5000
deborah	2.3286
debutante	2.2333
deckhands	2.4922
deducible	2.4478
defacing	2.2225
defame	2.2667
default	2.2214
defeat	2.4000
defeating	2.1389
defeatism	2.1278
defeats	2.2429
defend	2.1833
defendant	2.0333
defenders	2.4500
defending	1.9944
defends	2.0571
defense	2.2500
defenses	2.1313
defensive	2.0556
defer	2.4400
deferent	2.1813
deferring	2.3389
defers	2.2500
defiant	2.2000
defiantly	2.0556
deficient	2.1200
deficit	2.2329
deficits	2.1163
defier	2.3083
defies	2.1917
defile	2.3250
defiler	2.2786
defiles	2.1786
defiling	2.1437
definable	2.1722
define	2.2917
defines	2.1500
defining	2.2563
definite	2.2875
deflating	2.1000
defoe	2.4300
deform	2.3000
deformity	2.2389
deforms	2.1571
defuse	2.3000
defying	2.2429
degas	2.4500
degrading	2.4889
dehorning	2.2278
deific	2.1717
deifies	2.0000
deify	2.2400
deifying	2.0688
deign	2.3000
deigning	2.1813
deigns	2.1333
deine	2.3900
deiphobus	2.2500
deist	2.4600
deists	2.2667
deitch	2.2633
deities	2.1143
deity	2.4000
deja	2.3375
delacour	2.1725
delagoa	2.1429
delancy	2.1757
delano	2.4167
delaroche	2.0922
delaware	2.2438
delawares	2.1389
delay	2.2900
delaying	2.1000
delays	2.1250
dele	2.4250
delegate	2.2062
delegates	2.1056
delenda	2.0286
delete	2.2750
deletion	2.2500
deletions	2.1444
delhi	2.3600
deli	2.4250
delia	2.2600
delicacy	2.2325
delicate	2.1913
delicates	2.0922
delicious	2.0644
delicti	2.3186
delight	2.0143
delighted	2.3167
delights	1.9250
deligne	2.0643
delilah	2.1000
delilahs	2.0000
delimit	2.3071
deline	2.2083
delineate	2.1222
delirious	2.0111
deliv	2.3000
deliver	2.1786
delivered	2.4444
deliverer	2.1000
delivers	2.0687
delivery	2.1312
delmonico	2.3867
delmore	2.2929
delphi	2.5000
delphic	2.4257
delphine	2.3187
delphos	2.3714
delrio	2.2750
delt	2.4625
delta	2.2900
deltas	2.2083
deluding	1.9375
deluge	2.0833
deluges	1.9714
deluging	1.9625
delusion	2.1063
delusions	2.0167
delusive	2.0063
deluxe	2.4400
delve	2.3200
delver	2.2667
delvers	2.1286
delves	2.1500
delving	2.1000
demagogue	2.0389
demain	2.2833
demand	2.1750
demanding	1.9889
demands	2.0500
demarco	2.3543
demas	2.3900
demasiado	2.0833
demean	2.2667
demeaning	2.1722
demeanor	2.2687
demeanour	2.1833
dementia	2.1312
demerara	2.2125
demerit	2.2357
demerits	2.1188
demesne	2.1357
demesnes	2.0312
demeter	2.3071
demetrius	2.3278
demeure	2.1214
demian	2.4500
demidov	2.3071
demigod	2.2357
demigods	2.1187
deming	2.4167
demirep	2.4071
demises	2.3357
democracy	2.4844
democrats	2.4089
demonios	2.5000
demonism	2.4188
demonisms	2.2944
demons	2.4667
demotic	2.4329
denial	2.3667
denials	2.2143
denier	2.4917
denies	2.3750
denotes	2.3357
denoting	2.2812
dens	2.4625
dense	2.4600
densely	2.2000
denseness	2.3167
denser	2.3833
densest	2.3143
density	2.1571
dental	2.2083
dentals	2.0786
dentatus	2.1688
denticles	2.0256
dentil	2.3500
denting	2.1714
dentist	2.2714
dentistry	2.4111
dentists	2.1500
denton	2.3667
dents	2.3300
denture	2.1429
dentures	2.0375
denver	2.3500
depakote	2.2563
departing	2.4667
departure	2.4444
depaul	2.3917
depend	2.2833
dependant	2.1000
depending	2.0611
depends	2.1429
depicting	2.2811
depiction	2.4089
depicts	2.4257
depletion	2.2667
deponent	2.2812
depos	2.4800
depose	2.4750
deposes	2.3071
deposing	2.1562
deposit	2.2643
depositor	2.1444
deposits	2.1438
depots	2.3667
deprave	2.3714
depraves	2.2375
depraving	2.1889
depravity	2.2333
depress	2.4857
depresses	2.3500
deprive	2.2643
deprives	2.1438
depriving	2.1056
depth	2.4500
depthless	2.3111
depths	2.2583
depute	2.3500
deputies	2.1313
deputing	2.1625
deputy	2.3750
derail	2.3500
derange	2.1571
deras	2.4300
derelict	2.2788
derelicts	2.1700
derick	2.2467
deriding	2.0438
derision	2.2125
derisive	2.1125
derisory	2.1188
derivable	2.1833
derive	2.3250
derives	2.1786
deriving	2.1313
derleth	2.1857
dermal	2.2417
dernier	2.4214
derogate	2.2313
deronda	2.1857
derrick	2.4971
derricks	2.3475
derriere	2.4625
derringer	2.3611
derwent	2.3500
derzhavin	2.3089
descant	2.2900
descants	2.1663
descartes	2.4422
deschanel	2.0533
describe	2.3662
describes	2.2478
descrying	2.2867
deseo	2.4900
deseret	2.3500
deserters	2.4167
deserting	2.4056
design	2.1333
designate	2.0722
designed	2.4437
designer	2.0562
designers	1.9722
designing	2.0833
designs	2.0143
desir	2.2400
desirable	2.0722
desirably	2.0889
desire	2.1417
desires	2.0214
desirest	2.0938
desireth	2.0563
desiring	2.0063
desirous	1.9937
desist	2.2667
desisting	2.0500
desists	2.1286
desk	2.2875
desks	2.0900
desktop	2.2571
desmarest	2.1444
desmond	2.2714
despair	2.1714
despaired	2.4389
despairs	2.0625
desparate	2.2444
despatch	2.2538
desperado	2.1389
desperate	2.2167
despina	2.2286
despise	2.2643
despiser	2.2313
despisers	2.1278
despises	2.1438
despiseth	2.1611
despising	2.0278
despite	2.2214
despoil	2.3071
despond	2.2000
despot	2.3667
despotic	2.2287
despotism	2.1056
despots	2.2143
desprez	2.3686
despues	2.1286
dessous	2.3714
dessus	2.4417
destin	2.3667
destines	2.1438
destinies	2.2111
destitute	2.1167
destroyer	2.4500
destroys	2.4625
desuetude	2.4167
desultory	2.0778
detach	2.4550
detaches	2.2100
detaching	2.2644
detail	2.4000
detailing	2.1389
details	2.2429
detain	2.3667
detaining	2.2389
detains	2.2143
detention	2.2556
determin	2.3937
determine	2.3111
determing	2.2722
deterrent	2.4389
deterring	2.3944
deters	2.3333
detest	2.4333
detesting	2.1611
detests	2.2714
dethrone	2.1688
dethroned	2.4944
detonator	2.2833
detour	2.3333
detours	2.1857
detriment	2.4278
detritus	2.4125
deucalion	2.1256
deus	2.3875
deutsch	2.2043
devant	2.4750
devastate	2.3889
devereaux	2.2767
devereux	2.3613
deviant	2.3571
deviants	2.2250
deviate	2.4500
deviates	2.3062
deviating	2.2611
deviation	2.3889
deviling	2.2812
devilish	2.2062
devilling	2.4500
devilment	2.2722
devilry	2.3857
devils	2.4500
devious	2.3643
deviously	2.1833
devisers	2.2937
devises	2.3357
devising	2.1812
devlin	2.4167
devoid	2.3917
devoir	2.4583
devoirs	2.2929
devonian	2.4562
devotes	2.3357
devoting	2.2812
devotion	2.4250
devotions	2.3000
devour	2.4333
devourer	2.2812
devourers	2.1722
devouring	2.1611
devours	2.2714
devout	2.4833
devoutest	2.2722
devoutly	2.2500
dewdrops	2.3813
dewily	2.3750
dewlap	2.3333
dewlaps	2.1857
dexterity	2.3322
dexterous	2.2767
dharma	1.6167
dholes	2.2333
dhow	1.7750
diabetes	1.7813
diabetic	1.8663
diable	1.7000
diablo	2.4167
diaboli	2.3071
diabolic	2.2662
diabolism	2.1389
diabolus	2.1625
diaconal	1.7350
diacritic	1.8678
diadem	2.2333
diadems	2.1000
diagnose	1.8438
diagnosed	2.2056
diagnoses	1.7833
diagnosis	1.6944
diagonal	1.6125
diagonals	1.5778
diagram	2.1500
diagrams	2.0438
dial	1.4125
dialectic	2.3678
dialects	2.3725
dialed	2.0667
dialer	1.5500
dialing	1.5000
dialled	2.3143
dialogue	2.0063
dialogued	2.3500
dialogues	1.9278
dials	1.3900
diameter	1.7188
diameters	1.6722
diamond	1.7429
diamonds	1.6875
dian	1.5375
diana	1.5500
diane	1.5600
diapason	1.7500
diaper	1.7333
diapered	2.1437
diapers	1.6714
diaphane	1.6375
diaphragm	1.6389
diaries	1.6071
diario	1.7917
diarist	1.7429
diarists	1.6875
diarrhea	1.9000
diary	1.6900
dias	1.5375
diaspora	1.7000
diastole	2.2062
diatribe	2.0562
dibble	2.0667
dibdin	1.5833
dibs	1.5375
dibujo	2.3500
dich	1.5075
dicho	1.7560
dichotomy	2.4144
dichter	1.6400
dicing	1.5967
dick	1.4575
dickason	1.6350
dickens	1.5114
dicker	1.5800
dickered	2.0288
dickey	1.5467
dickhead	1.4975
dickie	2.1883
dickies	2.0614
dickinson	2.0589
dickon	1.7467
dicks	1.4260
dicky	1.5260
dico	1.6700
dict	1.9075
dicta	1.8460
dictate	1.9257
dictated	2.3225
dictates	1.8475
dictating	1.8533
dictation	1.9811
dictator	1.9100
dictators	1.8422
diction	1.9471
didactic	1.8450
diddle	1.7333
diddled	2.2143
diddler	1.7714
diddlers	1.7125
diddling	1.7000
diddly	1.7583
diderot	2.1786
didi	1.3750
didn	1.4125
didna	1.4500
didnt	1.4900
dido	1.4500
dids	1.2875
didst	1.5500
died	2.3750
diego	1.6900
diehards	1.5000
diem	1.5500
diemen	1.6083
dien	1.5500
dieppe	2.2250
dies	1.4250
diese	1.6300
diesel	1.5750
diest	1.6600
diet	1.6750
dietary	1.7714
dieted	2.2417
dieter	1.7250
dieters	1.6643
dieth	1.6000
dieting	1.6500
dietitian	1.6889
dietrich	1.9538
diets	1.6000
dieu	1.4750
dieux	1.6480
diez	1.8450
diferente	1.5889
diff	1.8125
differ	1.8167
differed	2.2062
different	1.7944
differing	1.7500
differs	1.7429
difficile	1.8089
difficult	1.8089
diffident	2.1389
diffuse	1.7857
diffused	2.2000
diffusely	1.7333
diffuser	1.8125
diffuses	1.7250
diffusing	1.6556
diffusion	1.7833
diffusive	1.6944
digas	1.4900
digby	2.3900
dige	1.4250
digest	1.6000
digested	2.0437
digester	1.6562
digesting	1.6056
digestion	1.7333
digestive	1.6444
digests	1.5571
digg	1.9625
digged	2.4333
digger	1.9167
diggers	1.8286
diggin	1.9000
digging	1.8143
diggings	1.7500
dight	1.4300
dighton	1.5714
digit	1.5000
digital	1.4857
digits	1.4667
dignam	1.5417
digne	1.5000
dignified	2.0000
dignifies	1.5778
dignify	1.6286
dignitary	1.7889
dignities	1.6667
dignity	1.7429
dignus	2.3583
digo	1.5000
digress	2.3286
digs	1.3375
dijo	1.6250
dijon	1.6800
dike	2.3750
dikes	2.1600
dilate	1.7833
dilated	2.2571
dilating	1.7375
dilation	1.8813
dilations	1.8167
dilatory	1.7875
dild	1.4875
dildos	1.5333
dile	1.6250
dilemma	2.0286
dilemmas	2.0000
diligence	2.2644
diligent	1.6313
dilke	1.5200
dill	2.1625
dillinger	1.9056
dilly	2.0900
dilute	1.6333
diluted	2.1286
diluter	1.6857
dilutes	1.5857
diluting	1.6250
dilution	1.7688
dilys	1.5900
dimaggio	1.9937
dimas	1.6100
dime	1.5750
dimension	1.7111
dimes	1.5200
dimestore	1.7000
diminish	1.8313
dimitri	2.1214
dimity	1.8333
dimly	1.7100
dimmer	2.1000
dimmest	2.0714
dimming	2.1286
dimness	2.2429
dimple	1.8500
dimpled	2.3143
dimples	1.7714
dimpling	1.7875
dims	1.4875
dimsdale	1.5125
dimwit	1.6750
dina	1.5625
dinah	1.5100
dine	1.5750
dined	2.2800
dineen	2.0417
diner	1.6600
dinero	1.7083
diners	1.6000
dines	1.5200
ding	1.4875
dingaan	1.9214
dingdong	1.5250
dinge	1.5200
dinged	2.1167
dinghy	2.1750
dingier	1.6071
dingiest	1.6438
dingily	1.6429
dinginess	1.8056
dingle	1.4833
dingles	1.4571
dingo	1.5800
dingoes	1.5500
dings	1.4500
dingwall	1.8250
dingy	1.5500
dinin	1.8600
dining	1.7667
dinky	1.6700
dinn	2.2375
dinna	2.1100
dinner	2.1000
dinners	1.9857
dinning	2.1286
dinorah	1.7286
dinosaur	1.7000
dins	1.4875
dinsmore	1.7437
dint	1.6125
dioceses	2.4225
diodati	1.7357
diode	2.3900
diodes	2.2083
diodorus	1.5688
diogenes	1.6125
diomed	2.3083
dion	1.7750
dionysiac	2.4144
dionysian	2.3056
dionysius	2.2389
dionysos	2.3688
dionysus	2.3125
diorama	1.6714
dios	1.6250
dioxide	2.2771
diphthong	1.7778
dipl	1.7375
diploma	2.3429
diplomacy	2.3311
diplomas	2.2750
diplomat	2.3750
diplomats	2.2556
dipper	2.3667
dippers	2.2143
dipping	2.2000
dippy	2.4700
dips	1.7375
dipshit	1.7857
dipt	1.8625
diptera	1.8143
dirac	1.7260
dire	1.4750
directing	2.3478
direction	2.4756
directive	2.3867
directly	2.4225
director	2.4663
directors	2.3367
directory	2.3922
direful	1.6143
direfully	1.8778
direktor	1.5312
direness	1.8063
direr	1.5800
direst	1.6333
dirge	2.2400
dirges	2.0833
dirigible	1.5444
dirk	1.3375
dirks	1.3300
dirs	1.3875
dirt	2.1375
dirtier	1.9786
dirtiest	1.9688
dirty	2.0700
dirtying	1.9625
disable	1.6429
disabled	2.0750
disabling	1.6333
disabuse	1.7250
disabused	2.1000
disaccord	1.9400
disagree	2.3438
disagrees	2.2278
disallow	2.3312
disant	1.5417
disapp	2.1583
disappear	2.0556
disarm	1.6250
disarmed	2.0625
disarming	1.7444
disarms	1.5786
disarray	1.9188
disaster	1.7125
disasters	1.6667
disavow	1.7357
disavowed	2.1556
disband	1.6357
disbanded	2.4667
disbands	1.5938
disbelief	1.6778
disbranch	2.2922
disburse	1.7125
disbursed	2.0889
disc	1.7075
discard	1.6900
discards	1.6412
discerner	2.3811
discerns	2.3850
discharge	2.1089
disciple	1.7913
discipled	2.1589
disciples	1.7367
disciplin	1.8033
disclaim	1.6600
disclaims	1.6200
disclose	2.2287
discloses	2.1256
disco	1.7560
discoid	1.6471
discomfit	1.6811
discord	1.6257
discordia	1.6256
discords	1.5850
discount	2.4225
discounts	2.2978
discours	1.6350
discourse	1.7256
discover	1.7913
discovers	1.7367
discovery	1.7922
discredit	2.1811
discreet	2.1913
discrete	1.8788
discs	1.6260
discus	1.6050
discuss	1.9186
discussed	2.3311
discusses	1.9089
disdain	1.5429
disdained	1.9500
disdains	1.5125
diseas	1.6500
disease	1.7643
diseased	2.1812
diseases	1.7063
disembark	1.7111
disengage	1.6278
disesteem	2.0000
disfavor	1.6500
disfavour	1.6333
disfigure	1.4611
disgorge	2.0312
disgorged	2.3722
disgorges	1.9500
disguise	1.6563
disguised	2.0389
disguises	1.6167
disgust	1.6071
disgusted	2.0000
disgusts	1.5688
dish	1.3375
dishcloth	1.9644
dishclout	1.9867
dished	2.0167
dishes	1.3833
dishing	1.5714
dishonest	1.7278
dishonor	1.8187
dishonors	1.7611
dishonour	1.7833
dishpan	1.7071
dishrags	1.4438
dishwater	1.6833
dishy	2.2300
disinfect	2.2922
disinter	1.6312
disjoin	1.6214
disjoins	1.5813
disjoint	1.6438
disk	1.2875
disks	1.2900
dislike	1.9643
disliked	2.3563
dislikes	1.8813
disliking	2.3278
dislocate	2.1256
dislodge	1.9813
dislodged	2.3278
dislodges	1.9056
disloyal	2.0000
dismal	1.4583
dismally	1.7938
dismantle	1.5556
dismast	1.6929
dismasted	2.0667
dismay	1.5417
dismayed	2.0000
dismaying	1.6222
dismember	1.6833
dismiss	1.9571
dismissal	1.8444
dismissed	2.3611
dismisses	1.9389
dismount	2.4375
dismounts	2.3111
disney	1.5500
disobey	1.6643
disobeyed	2.0444
disobeys	1.6188
disorder	2.0312
disorders	1.9500
disown	1.6250
disowned	2.0625
disowning	1.7444
disowns	1.5786
disparage	1.7111
disparate	1.8000
disparity	1.7333
dispatch	1.7538
dispel	1.5667
dispell	1.8857
dispelled	2.2167
dispense	1.7063
dispensed	2.0833
dispenser	1.7389
dispenses	1.6611
dispersal	1.5889
disperse	1.7313
dispersed	2.1056
disperses	1.6833
dispirits	1.5944
displace	2.4100
displaces	2.2867
displant	1.6188
display	1.5929
displayed	1.9889
displays	1.5563
displease	1.6944
disport	2.0286
disports	1.9375
dispos	1.6167
disposal	1.5750
dispose	1.7357
disposed	2.1562
disposer	1.7688
disposers	1.7167
disposes	1.6813
disposing	1.6167
dispraise	1.6611
disprove	1.6812
disproved	2.0611
disproven	1.6944
disproves	1.6389
disputant	1.6611
dispute	1.6286
disputed	2.0625
disputes	1.5875
disputing	1.6222
disquiet	1.7563
disraeli	1.6688
disregard	1.6778
disrelish	1.5056
disrepair	1.6833
disrepute	1.7056
disrobe	1.7357
disrobed	2.1562
disrobing	1.6944
disrupt	1.7929
disrupted	2.1444
dissemble	1.9056
dissent	1.9857
dissented	2.2944
dissenter	1.9500
dissents	1.9000
dissever	2.1188
dissipate	2.0278
dissolute	2.2278
dissolve	2.3312
dissolves	2.2167
dissonant	1.8778
dissuade	2.2750
dissuader	2.2444
dist	1.6625
distaff	1.8929
distaffs	1.8188
distain	1.6857
distal	1.5917
distance	2.3975
distances	2.2756
distant	1.6929
distantly	1.6611
distaste	1.7875
distemper	1.9167
distend	1.6000
distended	2.4389
distends	1.5625
distich	1.6543
distil	1.7333
distill	2.0286
distilled	2.3278
distiller	1.9833
distills	1.9375
distils	1.6714
distinct	1.8850
distingu	1.6250
distort	2.0571
distorted	2.3500
distorts	1.9625
distract	2.2412
distracts	2.1367
distrain	1.9750
distrait	1.9625
distress	2.1750
district	2.1475
districts	2.0533
distrito	2.0063
distrust	2.0063
distrusts	1.9278
disturb	2.4643
disturber	2.3333
disturbs	2.3188
disunion	2.4937
disunite	2.3813
disunity	2.4000
disuse	1.5500
disused	2.0571
ditch	1.5860
ditched	2.0971
ditcher	1.6543
ditches	1.5543
ditching	1.6975
dites	1.5000
dithering	1.5944
dition	1.7583
ditties	1.9214
ditto	2.1600
ditty	2.1300
diuretic	1.6663
diurnal	1.4929
diva	1.5375
divan	1.5900
divans	1.5417
dive	1.5750
dived	2.2800
diver	1.6600
diverge	2.1786
divergent	2.0944
diverging	2.0500
divers	1.6000
diverse	1.7214
diversely	1.6833
diversify	1.5611
diversion	1.7333
diversity	1.6500
divert	2.1000
diverted	2.4188
diverting	1.9389
diverts	1.9857
dives	1.5200
divest	1.7000
divested	2.1187
divesting	1.6722
divi	1.5500
dividable	1.6389
divide	2.1583
dividend	1.9812
dividends	1.9056
divider	2.1357
divides	2.0357
dividing	1.5188
divin	1.6200
divina	1.6167
divine	1.6250
divined	2.1214
divinely	1.6062
diviner	1.6786
divines	1.5786
divinest	1.7063
diving	1.5667
divining	1.7563
divinity	1.8062
divino	1.8583
divisible	1.5778
division	1.6875
divisions	1.6444
divisive	1.5875
divisor	1.5643
divisors	1.5312
divorce	2.4614
divorces	2.3163
divorcing	1.6589
divulge	1.5857
divulged	2.0250
divulges	1.5500
divulging	1.5889
dixey	1.9280
dixi	1.6850
dixie	1.6780
dixieland	1.5767
dixit	1.7080
dixon	1.7880
dizzily	2.3657
dizziness	2.3678
dizzying	2.2700
django	1.4583
djinn	2.1500
dlya	1.4500
dmitri	2.1833
dnepr	1.6900
dnieper	1.9071
doable	1.7500
doan	1.6125
dobb	2.4375
dobbin	2.2167
dobbins	2.0857
dobell	2.0000
doberman	1.7625
dobies	1.6250
doble	1.6200
dobs	1.6125
dobson	1.7167
doch	1.5825
docherty	2.0100
docile	1.7383
docilely	1.6913
docility	1.7538
dock	1.5325
docked	2.1467
docket	1.6800
dockets	1.6257
dockrell	1.7975
docks	1.4860
dockyard	1.6162
dockyards	1.5811
docs	1.5825
docteur	1.7971
docto	1.9760
doctor	1.8967
doctoral	1.7850
doctorate	1.9144
doctored	2.2662
doctoring	1.8033
doctors	1.8114
doctrinal	2.0422
doctrine	2.1412
doctrines	2.0478
document	2.3850
documents	2.2644
dodd	1.9375
doddering	2.2500
doddridge	1.8056
dodge	1.5200
dodged	2.1167
dodger	1.6000
dodgers	1.5571
dodges	1.4833
dodging	1.5429
dodgson	1.5857
dodington	2.0722
dodo	1.5250
dodona	1.6000
dods	1.3625
doer	1.6750
doers	1.6000
does	1.5000
doeskin	2.0929
doesn	1.5600
doesnt	1.6000
doest	1.7200
doff	1.8875
doffed	2.3833
doffing	1.7714
doffs	1.7700
dogberry	2.5000
dogcart	2.0757
dogcarts	1.9788
doge	1.5000
dogeared	2.0812
doges	1.4600
dogfight	1.7375
dogfish	1.7286
dogfood	2.1929
dogg	2.0375
dogged	2.4833
doggedly	2.2500
dogger	1.9667
doggerel	1.8438
doggery	1.9429
doggie	1.9083
dogging	1.8571
doggo	2.0200
doggone	1.9500
doggoned	2.3438
doggy	1.9900
doghouse	1.7063
doglike	2.0071
dogma	1.5500
dogmas	1.5917
dogmatic	1.7475
dogmatism	1.6778
dogpatch	1.7913
dogs	1.4125
dogsbody	1.6750
dogshit	1.6000
dogstar	1.7357
dogtags	2.1214
dogtown	2.2643
dogwatch	1.7350
dogwood	1.9714
doherty	2.0143
doigts	2.1833
doilies	1.6286
doily	1.7200
doin	1.6500
doing	1.5800
doings	1.5333
doit	1.6250
dokey	1.5200
doktor	1.5667
dolabella	2.3667
dolan	2.3500
dold	2.3625
dole	2.5000
doleful	2.2000
dolefully	2.3333
doles	2.2600
dolina	2.2500
dollard	2.4500
dollars	2.4786
dollhouse	2.3833
dollies	2.3929
dolling	2.4286
dollinger	2.2944
dolman	2.2583
dolmen	2.2667
dolmens	2.1286
dolmetsch	2.1644
dolphin	2.4571
dolphins	2.3125
dols	2.4125
doltish	2.0571
dolts	2.2900
domain	1.6833
domains	1.6286
dome	1.6500
domed	2.3400
domes	1.5800
domesday	1.6125
domestic	1.7663
domestics	1.7144
domi	1.9250
domicile	1.8850
domiciled	2.2422
domiciles	1.8200
domina	1.8667
dominance	2.4589
dominant	1.8500
dominate	1.9313
dominated	2.2833
dominates	1.8611
dominator	1.9167
domine	1.8750
domineer	2.1750
domineers	2.0778
domingo	1.8357
domini	2.0583
dominic	2.0471
dominica	1.9913
dominical	1.9144
dominican	1.9700
dominick	1.9288
dominico	2.0350
dominicus	1.9033
dominie	2.0000
dominies	1.9125
dominion	2.0875
dominions	2.0000
dominique	1.9889
domino	2.1083
dominoes	1.9500
dominos	1.9929
domitian	1.8188
domitius	1.7438
dommage	2.0429
domna	2.1700
domo	2.0000
doms	1.5625
dona	1.6375
donal	1.5700
donald	1.4917
donaldson	1.5667
donate	1.8000
donated	2.2714
donatello	2.4278
donati	1.8000
donation	1.8938
donations	1.8278
donc	1.7325
doncaster	1.8422
donde	2.3400
done	1.6500
donegal	1.6571
donelson	1.6312
dong	1.5625
donga	1.5700
donging	1.5857
doniphan	1.9125
donizetti	2.3978
donjon	2.4333
donkey	1.7167
donkeys	1.6571
donkin	2.4000
donky	1.7300
donn	2.3125
donna	2.1700
donnas	2.1083
donne	2.1800
donnell	2.2857
donnelly	2.2250
donner	2.1500
donnez	2.3133
donning	2.1714
donno	2.4600
dono	2.0000
donoghue	2.2188
donohoe	1.9571
donor	1.9000
donors	1.8000
donovan	1.8857
dons	1.5625
dont	1.6875
donte	1.6800
dood	2.1500
doodle	1.9250
doodled	2.3786
doom	2.3500
dooms	2.1400
doomsday	1.9625
doon	2.3500
door	2.2500
doorjamb	1.9375
doorknob	2.1313
doorless	2.1313
doorman	2.0286
doormat	2.1429
doormen	2.0357
doornail	2.0188
doorpost	2.1562
doorposts	2.0611
doors	2.0600
doorsill	2.2313
doorstep	2.1187
doorsteps	2.0278
doorway	2.0500
doorways	1.9563
dooryard	1.9750
dooryards	1.9000
doos	2.2000
dooty	2.2200
dope	1.9000
dopers	1.8167
dopes	1.7800
dopey	1.8800
dora	1.5375
dorado	1.6167
doran	1.5900
dorans	1.5417
dorcas	1.6717
dordogne	1.5438
doreen	2.0250
doren	1.6000
dorg	2.4625
doria	1.5600
dorian	1.6000
doric	1.6360
dories	1.5250
doris	1.5000
dork	1.4125
dorking	2.0714
dorm	1.5875
dormant	1.6500
dormer	1.6667
dormers	1.6143
dormeuse	1.6563
dormir	1.7667
dormitory	1.7944
dormouse	1.8313
dorms	1.5300
dorn	1.5875
dornier	1.8214
dorothea	1.6063
dorothy	2.2000
dorris	1.9167
dors	1.4625
dorsal	1.4583
dorset	1.7667
dorsey	1.6833
dory	1.5875
dose	1.7000
dosed	2.3800
doses	1.6200
dosing	1.5333
doss	2.0375
dosshouse	1.9389
dossier	1.9214
dost	1.7375
dotage	1.6500
dotard	1.6417
dotards	1.5929
dote	1.6250
doted	2.3200
doters	1.6333
dotes	1.5600
doth	1.5375
dothan	1.5917
doting	1.6167
dots	1.5375
dotting	2.0000
dotty	2.1900
doubl	1.5900
double	1.6000
doubled	2.1000
doubleday	2.0111
doubler	1.6571
doubles	1.5571
doublet	1.7000
doublets	1.6500
doubling	1.6000
doublings	1.5667
doubloons	2.3944
doubly	1.6250
doubters	2.3625
doubting	2.3500
doubtless	2.4444
douche	1.5800
douchebag	1.7867
doug	1.4625
dough	1.4300
doughty	1.5357
doughy	2.1583
douglas	1.5071
douglass	1.7938
dour	1.5125
dourly	1.5250
douse	1.6600
doused	2.2333
dout	1.5875
doute	1.6000
douw	1.6250
doux	1.7225
dove	1.6500
dovecote	2.4350
dovecotes	2.3089
dovelike	2.0375
dover	1.7200
doves	1.5800
dovetail	1.7813
dowager	1.7214
dowagers	1.6687
dowd	1.7250
dowdall	1.9429
dowden	2.3917
dowdies	1.6429
dowdily	1.7786
dowdiness	1.9111
dowdy	1.7400
doweling	1.6625
dowell	2.0417
dowels	1.6250
dower	1.8300
dowered	2.2714
dowers	1.7417
dowie	1.6600
dowland	1.5429
dowley	1.6250
dowling	1.5929
down	1.7000
downbeat	1.8563
downcast	1.8475
downcome	1.7850
downe	1.6900
downed	2.2583
downers	1.6786
downes	1.6250
downfall	1.8125
downgrade	2.4944
downie	1.8667
downing	1.8214
downlands	1.6333
download	2.2562
downpour	1.9062
downright	1.5944
downriver	1.7222
downs	1.6200
downscale	1.7144
downshift	2.0722
downside	2.0625
downstage	1.7500
downstate	1.8389
downtown	1.7875
downturn	1.6750
downward	1.7188
downwards	1.6722
downwind	1.6750
dowries	1.6571
dowry	1.7600
dowsabel	2.2313
dowser	2.4583
dowson	2.3583
doxies	1.6650
doxy	1.7975
doyen	1.6600
doyle	1.7200
doyles	1.6500
doyley	1.7333
doze	2.1700
dozen	2.0960
dozens	1.9633
dozers	1.9967
dozes	1.9960
dozing	1.7967
dozy	1.9325
drab	1.9750
drabbest	2.2688
drably	1.8333
drabness	2.0563
drabs	1.8400
drachma	2.3543
drachmas	2.2850
drachms	2.3114
draco	1.9460
draff	2.0000
draft	2.4600
draftees	2.4250
drafters	2.1562
drafting	2.1438
drafts	2.2667
draftsman	2.0889
draftsmen	2.0944
drafty	2.3500
drag	1.7000
dragged	2.4786
dragger	2.0357
draggers	1.9438
draggin	2.0214
dragging	1.9313
draggled	2.3312
dragnet	1.7929
drago	1.7500
dragoman	1.7563
dragomans	1.7056
dragon	1.7750
dragonfly	1.6389
dragoni	1.9143
dragons	1.7071
dragoon	2.1571
dragooned	2.4278
dragoons	2.0500
drags	1.6200
dragster	1.7937
dragsters	1.7389
drain	1.7100
drainage	1.7000
drained	2.1857
drainer	1.7429
draining	1.8125
drainpipe	2.0278
drains	1.6417
drake	1.5500
drakes	1.5083
dram	1.7000
drama	1.6800
dramas	1.7000
dramatic	1.8288
dramatics	1.7700
dramatis	1.7438
dramatist	1.8389
dramatize	2.0311
drame	1.6900
drams	1.6200
dramshop	1.8812
drank	1.7400
drap	1.8500
drape	1.8100
drapeau	1.7357
draped	2.3583
draper	1.8417
draperies	1.7389
drapers	1.7643
drapery	1.8357
drapes	1.7250
draping	1.7500
drastic	1.8614
drat	1.9000
draught	1.5571
draughts	1.5250
draughty	1.5875
drave	1.8700
draw	1.9375
drawback	2.0537
drawbacks	1.9700
drawed	2.5000
drawer	1.9833
drawers	1.8857
draweth	1.9286
drawin	1.8833
drawing	1.8000
drawings	1.7375
drawl	1.8100
drawled	2.2571
drawling	1.7375
drawls	1.7250
drawn	1.9100
dray	1.7000
drayage	1.6929
drayman	2.5000
drays	1.6200
drayton	1.7786
dread	1.6500
dreadful	1.6687
dreadfuls	1.6278
dreading	1.6375
dreads	1.5917
dream	1.6900
dreamed	2.1714
dreamer	1.7286
dreamers	1.6750
dreamier	1.8562
dreamiest	1.8611
dreamily	1.8875
dreamin	1.8714
dreaming	1.8000
dreamings	1.7444
dreamland	1.6722
dreamless	1.9222
dreamlike	2.1056
dreams	1.6250
dreamt	1.7083
dreamwork	1.6611
drear	1.7900
drearier	1.7812
dreariest	1.7944
drearily	1.8125
dreary	1.7917
dredge	2.2667
dredger	2.2286
dredgers	2.1125
dredging	2.1000
dreg	1.7875
dreggy	2.1250
dregs	1.6900
dreiser	1.7786
drench	1.6883
drenched	2.1100
drenching	1.7533
dresden	2.2000
dress	2.0300
dressage	1.9000
dresser	2.0857
dressers	1.9875
dresses	1.9857
dressing	1.8750
dressings	1.8111
dressy	1.9917
drest	1.7900
drew	1.7500
drewe	1.8300
drexel	1.9233
dreyer	1.7500
dribbled	2.4750
dribbles	2.0000
dribbling	1.9889
driblets	1.7125
dribs	1.6900
dried	2.3600
drier	1.7400
dries	1.6000
driest	1.7667
drift	2.3700
drifter	2.2143
drifters	2.1000
driftin	2.2000
drifting	2.0875
drifts	2.1917
driftwood	2.3667
drill	2.1900
drillbit	2.0625
driller	2.0857
drillers	1.9875
drillin	2.0714
drilling	1.9750
drillings	1.9000
drills	2.0417
drily	1.7900
dring	1.6500
drink	1.7700
drinkable	1.8111
drinker	1.7857
drinkers	1.7250
drinkin	2.3429
drinking	2.2125
drinkings	2.1111
drinks	1.6917
drip	1.9875
dripping	2.2125
drippings	2.1111
drips	1.8500
driv	1.7125
drive	1.7200
drivel	1.6500
driveled	2.0812
driveling	1.6389
driven	1.7333
driver	1.7667
drivers	1.7000
drives	1.6500
driveway	1.7437
driveways	1.6944
drivin	1.7333
driving	1.6714
drizzle	2.3229
drizzles	2.1950
drizzling	2.1622
drizzly	2.3443
drogas	1.6750
drogheda	2.0375
droit	1.7600
drollery	2.4875
drome	1.7800
dromedary	2.1889
dromio	2.0750
drone	1.7800
droned	2.3333
drones	1.7000
droning	1.8857
drooling	2.4937
drooping	2.1938
droops	2.3333
droopy	2.4167
drop	2.0625
droplet	1.9286
droplets	1.8500
dropper	2.4000
droppers	2.2625
droppin	2.3857
dropping	2.2500
droppings	2.1444
drops	1.9100
dropshot	1.9250
dropsical	1.7867
dropsies	1.7688
dropsy	1.8917
dropt	2.0100
droshkies	2.0167
droshky	1.6214
dross	2.0900
drossy	2.0417
drought	1.6071
droughts	1.5688
drouth	1.6583
drouths	1.6071
drouthy	2.2500
drove	1.7800
drover	1.8167
drovers	1.7429
droves	1.7000
drown	1.8200
drowne	1.7917
drowned	2.2643
drowning	1.8813
drownings	1.8167
drowns	1.7333
drowses	2.3357
drowsier	2.2375
drowsily	2.2687
drowsing	2.1812
drowsy	2.4000
drub	1.7500
drubbing	2.0562
drudge	1.5750
drudged	2.0786
drudgery	1.6562
drudges	1.5357
drudging	1.5813
drug	1.5500
drugged	2.3929
drugging	1.8563
druggist	1.9438
druggists	1.8722
drugs	1.5000
drugstore	1.6889
druid	1.6300
druidic	1.6829
druidical	1.6311
druidism	1.6125
druids	1.5750
drumlins	2.3937
drumstick	2.3144
drunkard	2.3875
drunkards	2.2667
drunkenly	2.3833
drunkest	2.4563
drupes	1.7917
drury	1.6400
drus	1.5500
druzhinin	2.0089
dryad	1.6800
dryads	1.6167
dryden	2.2917
drydock	1.6186
dryer	1.7700
dryest	1.7917
drying	1.7583
dryish	1.6583
dryland	1.6857
drylands	1.6375
dryly	1.8200
dual	1.3750
dualism	1.4643
dualities	1.5056
duality	1.5357
duals	1.3600
duane	1.5300
dubb	2.3250
dubbing	2.0214
dubbo	2.2500
dubiety	1.7286
dubiosity	1.7056
dubious	1.6571
dubiously	1.6333
dublin	1.5917
dubliner	1.6500
dubliners	1.6111
dubs	1.5000
dubuque	1.6786
ducal	1.4960
ducat	1.7560
ducats	1.6800
ducharme	1.6538
duchess	1.8043
duchesse	1.8850
duchesses	1.8200
duchies	1.6114
duchy	2.3360
ducis	1.5060
duck	1.4200
ducked	2.0717
duckie	2.1633
ducking	2.0757
duckling	1.5413
ducklings	1.5144
ducks	1.3960
ducky	1.4960
duclos	2.1883
duct	1.8700
ductile	1.8400
ducting	1.7614
ducts	1.7560
ductwork	1.7475
duda	1.3250
dudas	1.4200
dude	2.3375
dudeens	2.3714
dudes	2.1300
dudgeon	1.5714
dudley	1.4083
dudleys	1.3929
duds	1.2500
duel	1.3875
duele	1.4400
dueling	1.4857
duelist	1.5857
duelists	1.5500
duelled	2.3000
duelling	1.7750
duellist	1.8625
duellists	1.8000
duels	1.3700
duenna	1.9917
duennas	1.9643
duer	1.5625
dues	1.3875
duet	1.6375
duets	1.5700
duff	1.7750
duffel	1.6750
duffer	1.7917
dufferin	1.7875
duffers	1.7214
duffs	1.6800
duffy	1.7800
duggan	1.8500
dugong	1.5083
dugongs	1.4786
dugout	1.5250
dugouts	1.4929
dugs	1.3000
duke	1.5375
dukedom	2.1571
dukedoms	2.0500
dukes	1.4900
dulcified	1.9700
dulcimer	1.7350
dulcimers	1.6867
dulcinea	1.6850
dull	2.1250
dullard	1.9286
dullards	1.8500
duller	2.0250
dulles	1.9083
dullest	2.0071
dulling	1.9071
dullish	1.8214
dullness	2.1313
dulls	1.9600
dully	2.0600
dulness	1.8929
duluth	1.5500
dulwich	1.6543
duly	1.6250
dumaine	2.3857
dumbleton	2.3444
dumpling	2.4438
dumplings	2.3167
dunams	2.4333
dunciad	2.3900
dundonald	2.0944
dungarees	2.4667
dungeness	2.3778
dungeon	2.3857
dungeons	2.2500
dunghills	2.4611
dunkerque	2.3333
dunsinane	2.2000
dunsmore	2.4000
dunstable	2.3611
dunstan	2.4571
dunwich	2.3971
duologues	2.4500
duomo	2.0000
dupe	1.7875
duped	2.4500
dupes	1.6900
duplicate	1.8089
duplicity	1.7422
dupont	1.8583
durable	1.6500
durably	1.6714
durance	2.3757
durand	1.4333
durango	1.5357
durante	1.5643
duration	1.7875
durations	1.7333
durbars	2.4143
dure	1.4375
durer	1.5500
duress	1.8083
durfee	2.4833
durga	2.2000
durgin	2.1583
durham	1.4667
durin	1.5300
during	1.4917
durkin	2.1250
durn	1.4750
durned	2.1083
durov	1.5700
durst	1.6000
duse	1.5875
dusk	1.2500
duskier	2.0429
duskily	2.0786
duskiness	2.1444
dusks	1.2600
dusky	1.3600
dust	1.6250
dusted	2.2083
duster	1.6917
dustiest	1.7125
dustiness	1.8667
dusting	1.6214
dustings	1.5813
dustless	1.8188
dustpan	1.7571
dusts	1.5600
dusty	1.6600
dutch	1.5560
dutcher	1.6329
dutchess	1.8163
dutchman	2.1225
dutchmen	2.1288
dutchy	2.2633
dutee	2.0400
duteous	1.5429
dutiable	1.6875
duties	1.5000
dutiful	1.5214
dutifully	1.8056
dutton	2.0917
duty	1.5500
duxbury	1.7629
duyvil	2.0750
dvor	1.7875
dvorak	1.6417
dwarf	2.3900
dwarfing	2.1000
dwarfish	2.0250
dwarfs	2.2083
dwarves	2.4714
dwell	2.0600
dwelled	2.4357
dweller	1.9929
dwellers	1.9062
dwellest	1.9813
dwelleth	1.9438
dwelling	1.8938
dwellings	1.8278
dwells	1.9333
dwelt	1.6600
dwight	1.5167
dwindle	1.5214
dwindled	1.9688
dwindles	1.4938
dwindling	1.5389
dwyer	1.7000
dyak	1.4000
dyas	1.5750
dybbuk	2.1667
dyed	2.4125
dyeing	1.5667
dyer	1.6375
dyers	1.5700
dyes	1.4625
dyeworks	1.5438
dyin	1.7375
dying	1.6500
dyke	1.6125
dykes	1.5500
dylan	1.6800
dynamical	2.3589
dynamics	2.4538
dynamite	2.4750
dynastic	2.4788
dynasties	2.3111
dyson	1.6100
dyspepsia	1.6889
dyspeptic	1.7867
dystopia	1.8625
dystopian	1.8556
dystopias	1.8556
each	1.8325
eads	1.5375
eager	1.7400
eagerest	1.7813
eagerly	1.6857
eagerness	1.9167
eagle	1.6000
eagled	2.1833
eagles	1.5500
eaglet	1.7167
eardley	1.6286
eardrop	1.9714
eardrops	1.8875
eardrums	2.3813
eared	2.4600
earflaps	2.1438
earholes	2.2313
earing	1.7333
earl	1.7125
earldom	1.6857
earldoms	1.6375
earle	1.7000
earless	1.9429
earlier	1.7357
earliest	1.7563
earliness	1.9056
earlobe	2.3786
earlobes	2.2437
earls	1.6300
early	1.7300
earmarks	1.7063
earn	1.8375
earned	2.3500
earner	1.8333
earnest	1.8429
earnestly	1.7778
earning	1.9000
earnings	1.8250
earns	1.7300
earphones	1.8722
earring	2.0571
earrings	1.9625
ears	1.7125
earshot	1.8143
earth	2.2300
earthen	2.0857
earthier	2.1562
earthiest	2.1278
earthlier	2.0278
earthly	2.1071
earths	2.0750
earthward	2.0111
earthwork	1.9611
earthworm	2.0389
earwigs	1.6786
ease	1.8750
easeful	1.8429
easel	1.7600
easels	1.6833
easement	1.8188
eases	1.7600
easie	1.6700
easier	1.7250
easies	1.6083
easiest	1.7500
easily	1.7667
easiness	1.9187
easing	1.6500
east	1.9125
eastcheap	1.8533
easter	1.8833
easterly	1.8000
eastern	1.8714
easting	1.7857
eastman	1.8357
eastward	1.8250
eastwards	1.7667
eastwest	1.9563
easy	1.7125
easygoing	1.6611
eatable	1.9000
eatables	1.8250
eate	1.8750
eaten	1.8600
eater	1.9000
eaters	1.8000
eatin	1.8800
eating	1.7833
eaton	1.9400
eats	1.7875
eaux	1.7725
eave	1.9000
eaves	1.7800
eavesdrop	1.9611
ebal	1.9375
ebbing	2.3833
eben	2.1000
eber	2.1500
eberhard	1.8625
eblana	1.8583
eblis	1.8200
ebon	2.1750
ebonite	2.1286
ebook	2.4700
ebullient	2.1278
eckerman	2.3850
eclipsing	2.3478
ecstasies	2.3367
ecuador	2.4686
eddies	2.4917
eddying	2.5000
eddystone	2.3944
edgar	2.4900
edgardo	2.2143
edgartown	2.4944
edgefield	1.9667
edgeless	2.2812
edges	2.3000
edgewater	2.2222
edgeways	2.1063
edgewise	2.1938
edgewood	2.4562
edgin	2.4200
edging	2.2333
edgings	2.1000
edibility	2.1667
edible	2.2417
edibles	2.1071
edicts	2.4300
edifies	2.0000
edify	2.2400
edifying	2.0688
edinburgh	2.4444
edison	2.2583
edith	2.3000
editing	2.1500
edition	2.3143
editions	2.1875
editor	2.2750
editorial	2.0222
editors	2.1357
edits	2.3000
edler	2.3400
edmond	2.4333
edmonds	2.2714
edson	2.3800
eduardo	2.1714
educa	2.3660
educate	2.2971
educating	2.1422
education	2.2700
educator	2.2350
edulis	2.2167
edward	2.2833
edwardian	2.0833
edwards	2.1429
edwin	2.4500
edwina	2.3083
edythe	2.2167
eels	2.1000
eerie	2.2200
eerily	2.2250
eery	2.4000
effacing	2.0225
effendi	1.8786
effendis	1.8062
effet	2.1800
effete	2.0917
efficacy	2.0950
efficient	1.9422
effie	2.0500
effigies	1.8125
effigy	1.9500
effluence	2.4811
effluent	1.8750
effluvia	1.8500
effluvium	2.4444
effort	2.4500
efforts	2.2857
effulgent	1.9000
effuse	2.0333
effused	2.4714
effusion	1.9688
effusions	1.8944
effusive	1.8688
egad	1.7375
egan	1.7875
egeria	1.7750
egerias	1.7786
egerton	2.2214
eget	1.9250
egeus	1.6400
eggar	2.2900
eggcup	2.3217
eggcups	2.1757
egghead	1.9571
egging	2.0667
eggnog	2.2833
eggplant	2.0563
eggs	2.2125
eggshell	2.1125
eggshells	2.0222
egill	2.2600
eglantine	1.7167
egli	1.6750
eglinton	1.7812
egoism	1.7417
egor	1.8000
egos	1.7500
egotism	1.7500
egotist	1.8643
egotistic	1.8533
egotists	1.7938
egregious	2.2111
egrets	2.4167
egypt	2.0500
egyptian	1.9125
egyptians	1.8444
ehren	1.5800
ehrenfest	1.6056
eider	2.4100
eiderdown	2.0944
eier	1.7375
eiffel	1.7917
eight	1.5400
eightball	2.4444
eighteen	1.9125
eighteens	1.8444
eightfold	2.3389
eighth	1.5000
eighths	1.4714
eighties	1.5375
eightieth	1.6222
eights	1.5000
eighty	1.5833
eileen	2.1667
eine	1.7125
eins	1.6250
einstein	1.7875
einsteins	1.7333
eire	1.6125
eireann	2.0214
eisel	1.6700
either	1.6750
eius	1.5250
ejaculate	1.8311
ejecting	2.4413
ejectment	2.4144
ejido	1.6300
ejidos	1.5750
ekaterina	1.7500
eked	2.3750
ekes	1.4250
eking	2.3200
elaborate	1.8611
elaine	1.6250
elam	1.5875
elan	1.5875
elapse	1.7833
elapsed	2.2571
elapsing	1.6375
elastic	1.7971
elate	1.7600
elated	2.3167
elates	1.6833
elating	1.7143
elation	1.8786
elba	1.6625
elbe	1.7000
elbow	1.7900
elbowed	2.3143
elbowing	1.7250
elbows	2.3750
elder	2.3400
elderly	2.1143
elders	2.1667
eldest	2.2667
eldin	1.5200
eldon	1.5800
eldorado	1.5813
eldritch	1.6475
eleanor	1.7929
eleanore	1.7750
electing	2.4788
elections	2.4756
electoral	2.3700
electors	2.4663
electuary	2.4644
elegance	2.4038
elegancy	1.7350
elegant	1.7000
elegantly	1.6667
elegiac	1.8186
elegies	1.6143
elegy	1.7000
eleison	1.6286
element	1.6643
elemental	1.6167
elements	1.6188
elena	1.6000
eleonore	1.8312
elephant	1.6875
elephanta	1.6778
elephants	1.6444
elevate	1.9071
elevated	2.3063
elevates	1.8313
elevating	1.8389
elevation	1.9667
elevator	1.8938
elevators	1.8278
eleven	1.8417
eleventh	1.7688
elevenths	1.7167
elfin	1.5000
elfish	1.3667
elfland	1.3929
elfrida	1.9714
elfs	1.3125
elgin	1.5600
elia	1.5500
eliakim	2.1214
elias	1.6000
elicit	1.6717
elicited	2.0975
eliciting	1.6533
eligible	1.5750
eligibly	1.5938
elihu	2.2800
elijah	1.4167
eliminate	1.8889
elinor	1.8417
eliot	1.7700
eliott	2.1917
eliphas	1.7429
eliphaz	2.4686
elisabeth	1.7500
elisha	1.4667
elision	1.7000
elisions	1.6500
elite	1.6100
elixir	1.6817
elixirs	1.6271
elizabeth	2.3700
elizaveta	2.3700
elkanah	1.4786
elkin	2.3200
elks	1.3375
ella	2.0875
elle	2.1000
ellen	2.0400
ellenwood	2.1833
eller	2.0800
ellers	1.9500
ellery	2.0333
elles	1.9400
ellie	2.0100
elliot	2.1083
elliott	2.4214
ellipse	2.1500
ellipses	2.0438
ellipsis	1.9438
ellipsoid	1.9222
elliptic	2.0913
ellis	1.9400
ellison	1.9357
elliston	2.0187
ells	2.0125
elman	1.6300
elmer	1.6800
elmira	1.7667
elmo	1.9500
elms	1.5125
elocution	2.2422
eloise	2.3833
elongate	2.2437
elopement	2.2778
eloquent	2.2563
elrod	1.5000
elsa	1.4625
else	1.6750
elses	1.6000
elsewhere	1.6944
elsewise	1.7563
elsie	1.5100
elsinore	1.7500
elsmere	1.6214
elster	1.7500
eltham	1.5750
elton	1.7200
elucidate	1.6700
elude	2.2400
eludes	2.0833
eluding	1.4857
elusive	1.5643
elusively	1.5611
elvers	1.6333
elves	1.5600
elvis	1.5400
elvish	1.5000
elwes	1.6700
elysees	1.9929
elysian	1.5857
elysium	2.3571
elzevir	2.0900
emaciate	1.9163
emaciated	2.2700
email	1.7600
emanated	2.2250
emanating	1.7667
emanation	1.8944
emanuel	2.4000
embalm	1.7083
embalmed	2.1250
embalmer	1.7375
embalming	1.8000
embalms	1.6500
embargo	2.3857
embark	1.7583
embarked	2.1625
embarking	2.1556
embarks	1.6929
embarrass	2.2944
embassies	1.9278
embassy	2.0786
embattle	2.1250
embattled	2.4556
embay	1.7900
embayed	2.2429
embayment	2.3889
embellish	1.8500
ember	1.8600
embers	1.7667
embezzle	2.3263
embitter	2.1188
emblem	1.7167
emblems	1.6571
embodied	2.1250
embodies	1.6500
embody	1.7333
embodying	1.7500
emboss	2.1000
embowed	2.3857
embowel	1.8429
embowered	2.2611
embracing	2.4200
embrasure	2.2889
emerald	1.5857
emeralds	1.5500
emerge	2.3417
emergency	2.1811
emergent	2.2062
emerges	2.1929
emerging	2.1562
emeritus	1.6688
emersion	1.8000
emerson	1.7500
emery	1.7800
emetic	1.8383
emetics	1.7614
emigrant	2.2750
emigrants	2.1667
emigrate	2.3563
emigrates	2.2389
emigre	2.4417
emigres	2.2786
emil	2.0750
emile	1.9900
emilia	1.9250
emilio	2.0667
emilion	2.0429
emily	2.0200
eminences	2.4422
eminent	1.9071
eminently	1.8278
emir	1.9250
emirs	1.8000
emissary	2.1250
emission	2.1625
emissions	2.0667
emit	2.0000
emitting	2.1438
emma	2.3375
emmaus	2.0250
emmeline	1.9875
emmet	2.3400
emmie	2.4300
emmons	2.3333
emom	2.1000
emory	1.9600
emotion	2.0429
emotional	1.9111
emotions	1.9500
empale	1.9167
empanada	1.8937
empanadas	1.8833
empanel	1.9000
empaneled	2.2278
empathic	2.1100
empereur	1.9062
emperor	2.0071
emperors	1.9187
empery	2.0667
emphasis	1.8250
emphasise	1.8944
emphasize	2.1033
emphatic	2.0100
emphysema	2.3556
empire	1.9583
empires	1.8643
empiric	1.9614
empirical	1.8478
empirics	1.8788
emplaned	2.3000
employer	2.4562
employers	2.3278
employes	2.3688
employing	2.3722
employs	2.4714
empoison	1.9625
empower	2.1429
empowered	2.4167
empowers	2.0375
empress	2.1714
empresses	2.1056
emprise	1.9786
emptied	2.4500
emptier	2.0071
empties	1.9071
emptiest	1.9938
emptily	2.0429
emptiness	2.1167
empting	1.9429
emption	2.1071
empty	2.1100
emptying	1.9875
empurpled	2.2667
empurples	1.8444
empyreal	1.8500
empyrean	1.9125
emulating	2.4000
emulsion	2.4812
enable	1.8167
enabled	2.2857
enables	1.7429
enabling	1.7625
enact	2.1460
enacted	2.4971
enacting	1.9475
enactment	1.9756
enacts	2.0050
enamel	1.6333
enameled	2.0688
enameling	1.6278
enamelled	2.2611
enamels	1.5857
enamored	2.2687
enamoring	1.8056
enamoured	2.1833
encamp	2.0550
encamped	2.3850
encantada	1.7144
encase	1.8800
encased	2.3400
encasing	1.7100
encaustic	1.7844
enceinte	2.4475
enceladus	2.2089
enchained	2.0700
enchant	1.7043
enchanted	2.0756
enchanter	1.7311
enchants	1.6538
enchased	2.2100
encircle	1.7013
encircled	2.0789
encircles	1.6567
encke	1.6360
enclave	1.8114
enclaves	1.7475
enclos	2.3300
enclose	2.3471
encloses	2.2163
enclosing	2.0922
enclosure	2.0700
enclume	2.4543
encomiums	2.4589
encompass	2.2200
encontrar	2.1089
encore	1.7550
encored	2.2329
encores	1.6900
encoring	1.7163
encounter	2.4033
encourag	1.7225
encourage	1.7144
encre	1.9360
encrimson	1.8589
encroach	1.9575
encrusted	2.2422
encrypted	2.3644
encumbers	2.3756
encysted	2.2350
endamage	1.6250
endanger	1.6125
endcaps	2.2614
endear	2.3500
endearing	2.1056
endeavor	2.2313
endeavors	2.1278
endeavour	2.1500
endemic	2.3900
ender	2.4400
endeth	2.3000
endgame	1.6286
endicott	2.0288
endin	1.6200
ending	1.5667
endings	1.5286
endless	1.8000
endlessly	1.7444
endlong	2.1429
endor	1.6000
endorse	1.6786
endorsed	2.1063
endorser	1.7188
endorses	1.6313
endorsing	1.5722
endow	1.6900
endowed	2.2429
endower	1.8000
endowing	1.6625
endowment	1.7222
endows	2.2917
endpapers	1.7667
ends	1.4625
endue	1.5400
endued	2.1333
endues	1.5000
endurable	1.6667
endurance	2.2311
endure	1.5333
endured	2.0429
endures	1.5000
endureth	1.6000
enduring	1.5500
endways	1.6000
endwise	1.7000
enemas	1.7167
enemies	1.8000
energetic	2.2200
energies	2.1250
energizes	2.3311
energy	2.3667
enfance	2.4257
enfant	1.6083
enfants	1.5643
enfeeble	2.0500
enfeebled	2.3889
enfeebles	1.9667
enfeoff	1.7929
enfermo	1.8500
enfield	1.4500
enfilade	2.1313
enfin	1.6000
enfold	2.1333
enfolding	1.9611
enfolds	2.0143
enforce	2.4471
enforces	2.3037
enforcing	1.6478
engag	1.6300
engage	1.6333
engaged	2.1286
engages	1.5857
engaging	1.6250
enge	1.6000
engender	2.1188
engenders	2.0278
engine	1.6583
engineer	2.0125
engineers	1.9333
enginer	1.7071
engines	1.6071
england	1.5071
englander	2.0222
englands	1.4813
engli	1.5400
englische	1.6367
english	1.4714
englished	1.8944
engluts	1.5214
englutted	2.2667
engrailed	2.4833
engrave	2.3143
engraven	2.2500
engraver	2.2750
engravers	2.1667
engraves	2.1875
engraving	2.1444
engross	2.4714
engrosses	2.3389
engulf	1.5583
engulfed	2.0125
engulfing	1.5778
engulfs	1.5214
enhancing	2.1089
enigma	1.8167
enigmas	1.8143
enigmatic	1.9033
enjoin	2.4583
enjoining	2.3000
enjoins	2.2929
enjoyable	2.2722
enjoyer	2.3786
enjoyin	2.4357
enjoying	2.2938
enjoys	2.3833
enkindle	2.1188
enkindled	2.4500
enkindles	2.0278
enlarge	2.3429
enlarges	2.2125
enlarging	2.1778
enlighten	1.6722
enlist	1.8500
enlisted	2.2313
enlisting	1.7722
enlists	1.7714
enliven	1.7929
enlivened	2.1444
enmesh	2.0000
enmeshed	2.3438
enmeshing	1.9611
enmities	2.1125
enmity	2.3500
enna	2.3375
enne	2.3500
ennis	2.3600
ennoble	2.2643
ennobles	2.1438
ennobling	2.1167
enoch	1.9560
enormity	2.0188
enormous	1.9563
enos	1.9500
enough	1.7667
enow	2.1125
enquire	1.8071
enquired	2.2188
enquirer	1.8313
enquires	1.7438
enquiries	1.7333
enquiring	1.7611
enquiry	1.8286
enrage	1.6667
enraged	2.1571
enrages	1.6143
enrich	1.6467
enriched	2.0788
enriches	1.6038
enriching	1.7256
enrico	1.7550
enright	1.5714
enrique	1.7357
enrobe	1.7917
enrobed	2.2643
enrobing	1.7313
enrolling	2.3167
enroute	1.6929
ensample	1.8250
ensemble	1.7563
enshrine	1.5938
enshrined	1.9833
enshrines	1.5611
enshroud	1.5125
ensiform	1.5813
ensign	1.5833
ensigns	1.5429
ensilage	1.6938
enslave	1.7143
enslaved	2.1375
enslavers	1.7000
enslaves	1.6625
enslaving	1.6778
ensnare	1.7286
ensnared	2.1500
ensouled	2.1313
ensue	1.5800
ensued	2.1667
ensues	1.5333
ensuing	1.6571
ensuite	1.6929
ensure	1.5667
ensured	2.0714
ensures	1.5286
ensuring	1.5750
entail	1.7667
entailed	2.1688
entailing	1.7167
entails	1.7000
entangle	1.6125
entangled	2.0000
entangles	1.5778
entender	2.1813
entendre	1.7188
entendu	1.6143
entente	1.7357
enter	1.7800
entered	2.2357
enteric	1.7900
entering	1.7188
enters	1.7000
entertain	2.0389
enthrall	1.8438
enthralls	1.7833
enthrone	1.6938
enthroned	2.0722
enthrones	1.6500
enthuse	2.2571
enthusing	2.0222
enticing	1.7163
entiendo	1.6750
entire	1.6750
entirely	1.6438
entirety	1.7688
entities	1.6625
entitle	1.6643
entitled	2.0938
entitles	1.6188
entitling	1.6500
entity	1.7500
entomb	1.8667
entombed	2.2563
entombing	1.7833
entombs	1.7857
entonces	2.4413
entourage	1.6944
entr	2.3125
entrada	2.0071
entrails	1.9875
entrained	2.3500
entrant	2.0643
entrants	1.9688
entrap	2.2083
entre	2.1800
entreat	2.1571
entreated	2.4278
entreats	2.0500
entreaty	2.1125
entrench	1.9975
entrepot	2.1313
entretien	2.0333
entrez	2.3133
entries	1.9786
entropy	2.2714
entrust	2.0929
entrusted	2.3778
entry	2.2100
entwine	1.7714
entwined	2.1875
entwining	1.8556
entwistle	1.7444
enuretic	2.4413
envelop	2.4500
envelope	2.3500
envelopes	2.2333
envelops	2.3063
envenom	1.9643
envenomed	2.2778
envenoms	1.8813
enver	1.8000
envers	1.7167
enviable	1.7938
enviably	1.8125
envied	2.2750
envies	1.6417
envious	1.7357
enviously	1.6944
environ	1.7500
environed	2.1111
environs	1.6938
envisage	1.6563
envisaged	2.0389
envisages	1.6167
envision	1.7750
envisions	1.7222
envoi	1.7700
envoy	1.8000
envoys	1.7167
envy	1.7625
envying	1.7714
enwraps	1.8143
enzo	2.0700
eoghan	1.6000
eolian	2.3250
eons	1.7000
epact	2.2660
epaulet	1.8857
epaulets	1.8125
epaulette	2.1278
ephebe	1.9917
ephemera	1.7563
ephemeral	1.7056
ephesian	1.6688
ephesians	1.6278
ephesus	1.5857
ephod	1.8400
ephorus	1.7714
ephraim	1.7143
epic	1.9200
epical	1.7633
epics	1.7960
epictetus	1.9256
epicure	1.7614
epicurean	1.7478
epicures	1.7038
epicurism	1.7144
epicurus	1.6850
epicycle	1.8013
epicycles	1.7456
epidaurus	1.5778
epidemic	2.3725
epidemics	2.2533
epidermic	2.3311
epidermis	2.2556
epigram	2.2714
epigrams	2.1500
epigraph	2.2250
epigraphs	2.1222
epilepsy	1.8688
epileptic	1.9200
epilogue	2.2750
epilogues	2.1667
epiphanes	1.8056
episcopal	1.9478
episode	2.2429
episodes	2.1250
episodic	1.7100
epistle	1.7929
epistles	1.7313
epitaph	1.8286
epitaphs	1.7625
epitasis	1.7313
epithet	1.8214
epithets	1.7563
epitome	1.8571
epoch	1.8560
epochal	1.7400
epochs	1.7633
epos	1.8250
epsom	1.8400
equable	1.8571
equably	1.8786
equal	1.6900
equaled	2.1714
equality	1.7125
equalize	1.9663
equalized	2.3144
equalizes	1.8922
equall	2.0417
equalled	2.3750
equalling	1.9000
equally	2.0071
equals	1.6250
equate	1.9000
equated	2.3571
equation	1.9688
equations	1.8944
equator	1.8857
equators	1.8125
equerries	1.9778
equerry	2.1429
equi	1.9250
equine	1.8750
equinox	2.1414
equinoxes	2.1156
equip	2.1200
equipage	1.9563
equipages	1.8833
equipment	1.9722
equipoise	1.9944
equipping	2.2611
equips	1.9833
equitable	1.8833
equitably	1.9000
equity	1.8833
equivocal	1.8144
equus	2.1700
eradicate	1.8144
eras	1.7625
erase	1.9000
erased	2.4333
eraser	1.9167
erasers	1.8286
erases	1.8000
erasing	1.7000
erasure	1.6714
erasures	1.6250
erate	1.9000
erdmann	2.0357
erebus	1.8833
erelong	2.2500
eremite	1.9000
eremites	1.8250
eres	1.6500
erewhile	1.8438
eric	1.8200
erica	1.7760
erich	1.7160
erickson	1.6912
ericson	1.7757
erie	1.7375
eries	1.6500
erin	1.8000
eringoes	1.6750
eris	1.6500
erith	1.6800
erlangen	1.6375
erle	1.6500
ermine	1.9583
erminia	2.0643
ernest	1.8333
ernie	1.9700
ernst	1.8700
erode	2.4700
eros	1.7250
erosion	1.8429
erosions	1.7750
erotic	1.8383
erotica	1.8043
eroticism	1.7533
erpingham	1.7333
errand	2.0250
errands	1.9214
errant	2.1417
errantry	2.3313
errants	2.0214
errata	2.2417
erratic	2.2114
erring	2.0833
erroneous	1.9889
error	2.2200
errors	2.0667
errs	2.2375
ersatz	2.0217
erse	1.8500
erskine	2.1786
erst	1.8875
erstwhile	1.8889
erta	2.3875
erudite	1.6214
erudition	1.7444
erupt	1.9700
erupted	2.3714
erupting	1.8375
eruption	1.9813
eruptions	1.9056
eruptive	1.8813
eryx	1.9475
esau	1.5125
escalade	2.1850
escalator	1.8089
escalier	1.7412
escalus	1.6329
escap	1.9460
escapade	2.3225
escapades	2.2089
escape	1.8967
escaped	2.3543
escapee	2.2186
escapers	1.8350
escapes	1.8114
escaping	1.8225
escargots	2.2200
escheat	1.8400
escher	1.7800
eschew	1.7717
eschewed	2.2350
eschewing	1.7200
eschews	2.2757
escort	2.2467
escorting	2.0367
escorts	2.1114
escuchar	1.8013
esculent	1.8225
escurial	1.6600
esdraelon	2.2278
esenin	1.9750
esker	1.5400
eskers	1.5000
eskimo	2.4417
eskimos	2.2786
esmeralda	1.5556
esmond	1.8000
esophagus	1.7000
esos	1.5500
esoteric	1.7475
espagne	1.7429
espaliers	1.6500
espanol	2.4429
especial	2.3788
esper	1.8000
espera	1.7667
esperance	2.3922
esperando	1.7167
esperanto	1.7944
esperanza	2.3200
esperar	1.8429
espero	1.8250
espial	1.6500
espials	1.6000
espied	2.2917
espies	1.6583
espionage	1.8222
espiritu	1.6813
esplanade	2.1000
esposa	1.7000
espousal	1.6250
espousals	1.5889
espouse	1.7929
espoused	2.2063
espousing	1.6611
espresso	1.9438
esprit	1.7167
espy	1.7875
espying	1.7857
esquiline	1.8111
esquimaux	1.8156
esquina	1.7857
esquire	1.7357
esquires	1.6813
essary	2.0750
essay	2.0300
essayed	2.4143
essaying	1.9375
essayist	2.0250
essayists	1.9444
essays	1.9083
esse	2.3000
essen	2.2000
essential	1.9278
esses	2.1000
essex	2.3280
esta	1.7875
estaba	1.9417
estaban	1.9214
establish	1.7333
estacada	1.8412
estados	1.7143
estaminet	1.9500
estamos	1.9000
estancia	1.7725
estancias	1.7756
estar	1.8900
estas	1.7900
estate	1.9000
estates	1.8143
este	1.8000
esteban	1.9714
esteem	2.1917
esteemed	2.4875
esteeming	2.1222
esteems	2.0643
estelle	1.9929
esterhazy	2.3089
estes	1.7000
esther	1.7500
esthete	1.7786
esthetes	1.7188
esthetic	1.8038
esthetics	1.7478
estimable	1.8389
estimate	1.8688
estimated	2.2278
estimates	1.8056
estime	1.7917
estis	1.7000
esto	1.8750
estonian	1.9438
estos	1.7600
estoy	1.8600
estrange	1.9875
estranged	2.3333
estray	2.1583
estridge	1.9688
estuaries	1.7278
estuary	1.8214
etat	2.0375
etats	1.8900
etch	1.8325
etched	2.3467
etcher	1.8300
etching	1.8543
etchings	1.7850
eterna	1.8333
eternal	1.7571
eternally	1.9889
eterne	1.8417
eternity	1.9688
eternize	2.2225
etes	1.7250
etext	2.1880
ethan	1.7300
ethel	1.6400
ethelred	2.0562
ether	1.7800
ethereal	1.6813
etherial	1.6813
etheric	1.7900
ethic	1.9360
ethical	1.7971
ethically	2.0200
ethics	1.8300
ethiop	2.1750
ethiopia	2.0375
ethiopian	2.0111
ethos	1.8600
etienne	2.1429
etiquette	2.1556
etna	1.8375
etnas	1.8300
etoile	1.8833
eton	1.9500
etonians	1.9062
etre	2.4000
etruria	2.0286
etruscan	2.1162
etter	2.3800
ettore	2.2250
ettrick	2.4257
etudes	2.2500
etwas	1.8600
euboean	1.7500
eucalypt	1.8163
eucharis	1.6600
eucharist	1.7644
euchre	1.5967
euchred	2.0971
euclid	1.5300
euclidean	2.0256
euclidian	1.5811
euge	1.5250
eugen	1.5800
eugene	1.5917
eugenia	1.7500
eugenic	1.8043
eugenics	1.7412
eugenie	1.7571
euler	1.7800
eulogies	2.1375
eulogist	2.2563
eulogize	2.4725
eulogy	2.3833
eumenes	2.4071
euphemia	1.8938
euphemism	1.8500
euphoria	1.8562
euphorion	1.9556
euphrates	1.7778
eurasia	1.6143
eurasian	1.6375
euratom	1.8143
eureka	1.5000
euripides	2.1000
europ	1.9000
europa	1.8500
europas	1.8429
europe	1.8583
european	1.8188
europeans	1.7611
eurotas	1.6857
eurydice	2.2913
eurythmic	2.2311
eusebius	1.8188
eustatius	1.7444
eustis	1.6667
euston	1.8167
euxine	1.7817
evacuate	2.0350
evacuated	2.3756
evades	2.4500
evading	1.8000
evaluate	1.8500
evaluated	2.2111
evam	1.9875
evangel	1.7429
evans	1.8500
evanston	1.9625
evaporate	1.9833
evaristo	1.9938
evasion	1.9929
evasions	1.9062
evasive	1.8786
evasively	1.8056
evdokia	2.2786
eveline	1.8286
even	2.0250
evened	2.4750
evenest	1.9500
evenin	2.1250
evening	2.0071
evenings	1.9188
evenly	2.0000
evenness	2.3938
evensong	1.8188
evenstar	1.9875
event	1.9800
eventful	2.3125
eventide	2.2875
eventless	1.9944
events	1.8667
eventual	1.7875
eventuate	1.9167
ever	2.0750
everard	1.9000
everday	1.8286
everest	1.9786
everett	2.3643
everlast	1.9500
evermore	2.0375
evers	1.9200
eversmann	2.1222
everthing	2.1722
everwhere	1.8722
every	2.0200
everybody	1.8944
everyday	1.8250
everydays	1.7667
everyone	2.0125
everyones	1.9333
everytime	1.9000
everyway	1.9312
eves	1.9000
evgeniya	2.4313
eviction	2.1350
evident	2.3643
evidently	2.1833
evil	2.0750
evildoers	1.8111
evill	2.4200
evilly	2.3167
evils	1.9200
evincing	1.8663
evocation	2.0756
evocative	1.9867
evoke	1.8500
evoked	2.3917
evoker	1.8750
evokes	1.7583
evoking	2.3500
evolution	2.3444
evolves	2.3786
evolving	2.3063
evzone	2.1550
ewart	2.3600
ewer	1.9375
ewers	1.8100
ewes	1.7625
exac	2.1175
exact	2.2740
exactable	2.0911
exactest	2.1150
exacting	2.0275
exaction	2.1713
exactions	2.0744
exactly	2.0671
exactness	2.2133
exacts	2.1117
exalt	1.7580
exalted	2.2200
exalting	1.7050
exalts	1.6817
exam	1.8725
examin	2.0233
examine	1.9700
examined	2.3613
examinee	2.2425
examiner	1.9738
examiners	1.8989
examines	1.8863
examining	2.0100
exampl	2.0483
example	1.9914
exampled	2.3800
examples	1.9050
exams	1.7580
excalibur	1.8022
excape	2.0367
excavate	2.0775
excavated	2.4133
excelsior	2.4356
excelsis	2.4088
exchange	1.7775
exchanged	2.1467
exchanges	1.7244
exchequer	1.8967
excise	1.9950
excised	2.4386
exciseman	1.9078
excision	1.9400
excitable	1.9411
excite	1.9450
excited	2.3957
excitedly	2.2078
exciter	1.9529
excites	1.8529
exciting	1.8588
exclaim	1.8600
exclaimed	2.1967
exclaims	1.7900
exclude	2.3029
excludes	2.1775
excluding	1.7022
exclusion	1.8522
exclusive	1.7633
excrement	1.9856
excrete	2.1100
excretory	2.0411
exculpate	2.1356
excursion	1.8744
excursive	1.7856
excusable	1.8689
excusably	1.8856
excuse	1.9700
excused	2.4171
excuses	1.8743
excusing	1.7775
executing	2.4967
executors	2.4856
exegesis	1.8550
exemplar	2.1675
exemplars	2.0711
exemplary	2.1267
exemple	2.1557
exempli	2.1557
exemplify	1.9878
exempt	2.3233
exempting	2.0878
exemption	2.2156
exempts	2.1771
exequies	1.9800
exercise	2.0400
exercised	2.3800
exerciser	2.0356
exercises	1.9578
exerting	2.2488
exertion	2.3925
exertions	2.2711
exerts	2.4067
exeter	2.1317
exhale	1.6567
exhaled	2.1486
exhales	1.6057
exhaling	1.6425
exhaust	1.7700
exhausted	2.1267
exhausts	1.7113
exhibit	1.9129
exhibited	2.2378
exhibitor	1.8711
exhibits	1.8363
exhort	2.3233
exhorter	2.1987
exhorting	2.0878
exhusband	2.1767
exigency	1.7838
exigent	1.7557
exiguity	1.7863
exiguous	1.7237
exil	1.9600
exile	1.8980
exiled	2.4317
exiles	1.7983
exiling	1.8129
exist	1.9280
existe	1.8817
existed	2.3414
existence	2.4689
existent	1.8613
existing	1.8113
exists	1.8233
exit	1.8850
exited	2.3817
exits	1.7680
exod	1.7850
exodus	1.6567
exonerate	1.9378
exorcise	1.8775
exorcised	2.2356
exorcism	1.7963
exorcisms	1.7411
exorcist	1.8963
exordium	2.3862
exotic	1.9117
exoticism	1.8022
exotics	1.8243
expand	1.8317
expanding	1.7600
expands	1.7557
expanse	1.9486
expanses	1.8675
expansion	1.9100
expansive	1.8211
expatiate	2.0211
expe	2.0350
expedient	2.2378
expedite	2.2925
expel	1.8880
expell	2.2067
expelled	2.4988
expelling	2.0100
expels	1.7900
expend	1.8400
expending	1.7656
expends	1.7629
expense	1.9557
expenses	1.8738
expensive	1.8267
experienc	1.9133
expert	2.4067
expertise	2.2044
expertly	2.1925
experts	2.2486
expiate	1.9986
expiated	2.3862
expiating	1.9100
expiation	2.0378
expire	1.8817
expired	2.3414
expires	1.7986
expiring	1.8113
expiry	1.9067
explain	1.8486
explained	2.1878
explainin	1.9544
explains	1.7800
expletive	1.8822
explicit	1.8588
exploding	2.1878
exploit	2.4557
exploits	2.3113
explore	2.4129
explorer	2.3613
explorers	2.2433
explores	2.2737
exploring	2.2322
explosion	2.3378
explosive	2.2489
exponent	1.9488
exponents	1.8767
export	2.3733
exporter	2.2363
exporters	2.1322
exporting	2.1211
exports	2.2200
expos	1.9480
expose	2.0317
exposed	2.4700
exposer	2.0271
exposes	1.9271
exposing	1.8238
expositor	1.8489
exposure	1.7988
exposures	1.7433
expounds	2.4550
express	2.1057
expressed	2.4767
expresses	2.0544
expressly	1.9822
expulsed	2.3675
expulsion	1.9322
exquisite	1.8489
extant	2.0317
extempore	2.1156
extend	1.9233
extending	1.8211
extends	1.8343
extension	1.9711
extensive	1.8822
extent	2.0400
extents	1.9343
exterior	2.0300
exteriors	1.9489
extern	2.0733
external	1.9175
externals	1.8489
extinct	2.2029
extincted	2.4633
extirpate	2.0433
extolment	2.3656
exton	2.1680
extort	2.4567
extorting	2.1767
extortion	2.3044
extracts	2.4463
extras	2.3983
extreme	2.2986
extremely	2.1322
extremes	2.1738
extremest	2.2211
extremis	2.3113
extremism	2.2544
extremist	2.3433
extremity	2.3100
extremly	2.2925
extricate	2.2744
extruding	2.0489
exuberant	1.8489
exude	2.4680
exudes	2.2733
exuding	1.6486
exult	1.8980
exultant	1.8363
exulted	2.3200
exulting	1.7925
exults	1.7983
eyam	1.7125
eyas	1.7125
eyases	1.7667
eyck	1.6325
eyeball	2.1429
eyeballs	2.0375
eyeblink	1.8813
eyebolt	2.4786
eyeful	1.7500
eyeglass	1.9625
eyeholes	2.1750
eyeing	1.6583
eyelash	1.5857
eyelashes	1.5611
eyeless	1.8786
eyelet	1.7250
eyelets	1.6643
eyelid	1.5250
eyelids	1.4929
eyen	1.7250
eyepatch	1.8850
eyes	1.6000
eyeshade	2.0687
eyeshield	1.5778
eyesight	1.5563
eyesore	1.6429
eyespot	1.7929
eyespots	1.7312
eyestrain	2.0167
eyetooth	2.1125
eying	1.7600
eylau	1.7300
eyre	1.6500
eyrie	1.6500
eyries	1.5917
ezekiel	2.4400
ezra	2.2075
fabens	1.7250
faber	1.8500
fabian	1.7583
fabien	1.7667
fabius	1.6583
fable	1.6900
fabled	2.2583
fables	1.6250
fabricate	2.4422
fabricius	2.2867
fabrics	2.4900
fabulous	2.2313
facade	2.3717
facades	2.2186
facemask	2.3538
facetious	2.4144
facial	1.6550
facially	1.9413
facie	1.7360
facies	1.6633
facile	1.7967
facility	1.7975
facin	1.7860
facing	1.7050
facings	1.6471
facit	1.7660
facon	1.8460
facsimile	1.8589
fact	2.0700
faction	2.0400
factions	1.9475
factious	1.8975
factness	2.1038
facto	2.0460
factor	1.9550
factories	1.8144
factors	1.8614
factory	1.9329
facts	1.9160
factual	1.8114
faculties	1.7089
faculty	1.7971
faddist	1.9071
fade	2.4625
fadeless	2.2375
fades	2.2300
fadge	1.5300
fading	1.5083
fadings	1.4786
fads	1.3750
faerie	1.7250
faery	1.7700
fagan	1.5600
fagged	2.4917
faggot	1.9917
faggots	1.8929
fagot	1.6300
fagots	1.5750
fags	1.4250
fail	1.5875
failed	2.1833
faileth	1.6571
failing	1.6000
failings	1.5625
fails	1.5300
failte	1.6333
failure	1.5714
failures	1.5375
faim	1.5375
fain	1.5375
faint	1.5900
fainted	2.1000
fainter	1.6571
faintest	1.6875
fainting	1.6000
faintly	1.5786
faintness	1.8333
faints	1.5417
fair	1.4375
fairchild	1.6422
faire	1.4800
faired	2.0833
fairer	1.5667
faires	1.4500
fairest	1.6143
fairfax	2.2129
fairgoers	1.9944
fairie	1.5083
fairies	1.4786
fairing	1.5143
fairings	1.4875
fairish	1.4286
fairlead	1.4875
fairly	1.4750
fairmount	2.3556
fairness	1.7875
fairoaks	1.4625
fairs	1.4100
fairview	2.2875
fairway	1.5857
fairwell	1.8688
fairy	1.5100
fairyland	1.5722
fairylike	2.0056
fairytale	1.5444
fais	1.3875
faisant	1.5357
fait	1.5125
faites	1.5000
faith	1.4700
faithful	1.4938
faithfull	1.7500
faithless	1.7667
faiths	1.4417
faits	1.4700
fake	1.3375
faked	2.0900
faker	1.4700
fakery	1.5250
fakir	2.1700
falchion	1.7475
falchions	1.6978
falciform	1.5311
falcon	1.6217
falconer	1.6725
falconers	1.6311
falconry	1.6288
faldstool	2.2889
falernian	1.7222
faliero	1.5929
falk	1.2500
falkiner	2.0250
falkland	1.4125
fall	1.9250
falla	1.8600
fallacies	1.8533
fallacy	1.9829
fallback	1.9100
fallen	1.8583
falleth	1.8500
fallible	1.8000
fallin	1.8750
falling	1.7929
fallings	1.7313
fallopian	2.4000
falls	1.8000
fally	1.9000
falmouth	1.6688
false	1.5300
falsehood	1.9167
falsely	1.5357
falseness	1.8000
falser	1.6083
falsest	1.6500
falsetto	2.0250
falsified	1.8056
falsifier	1.4611
falsifies	1.3833
falsify	1.3786
falsities	1.4722
falsity	1.4929
falstaff	1.8000
falt	1.4250
falter	1.5583
faltered	2.0125
falterer	1.6250
faltering	1.5778
falters	1.5214
falutin	1.5357
falz	1.6950
fama	1.5000
fambly	1.6000
fame	1.5125
famed	2.2300
fames	1.4700
familia	1.7857
familial	1.7250
familiar	1.8500
familiars	1.7889
familias	1.7875
families	1.7313
familism	1.7500
family	1.8417
familys	1.7643
famine	1.7833
famines	1.7143
famish	1.6250
famished	2.0625
famishing	1.7111
famosos	1.7143
famous	1.7083
famously	1.6688
fanatic	1.7471
fanatical	1.6811
fanatics	1.6913
fancied	2.1114
fancier	1.6686
fanciers	1.6225
fancies	1.5686
fanciful	1.5788
fanciulla	1.8922
fancy	1.6360
fancying	1.6913
fandango	1.5188
fandangos	1.4944
fane	1.5125
fanes	1.4700
faneuil	1.6857
fanfare	1.5643
fang	1.4250
fanged	2.0750
fanger	1.5583
fangled	1.9643
fangless	1.7188
fangs	1.4000
fanlight	1.5688
fanlights	1.5389
fann	2.1750
fanna	2.0600
fanning	2.0929
fans	1.4250
fanshaw	1.6214
fanshawe	1.6875
fantail	1.6500
fantaisie	1.5611
fantasia	1.6063
fantasied	2.0000
fantasies	1.5778
fantasist	1.6833
fantasma	1.6250
fantastic	1.7589
fantasy	1.6286
fantine	1.6286
faraday	1.6429
faraway	1.8071
farcical	1.6888
fard	1.5000
fardel	2.1583
fardels	2.0357
fare	1.6375
fared	2.3300
farer	1.7100
fares	1.5700
farewell	1.9688
farewells	1.8944
fargo	2.4300
farina	1.6750
faring	1.6250
farley	1.6083
farlow	2.3500
farm	1.6750
farmacia	1.7913
farmboy	1.7929
farme	1.6700
farmed	2.2417
farmer	1.7250
farmers	1.6643
farmhand	2.0625
farmhouse	2.2222
farming	1.8071
farmland	1.6625
farms	1.6000
farmstead	1.7167
farmyard	2.3750
farnaby	1.8571
farnese	1.7286
farnworth	1.9667
faro	1.7125
farquhar	2.2500
farr	2.2250
farrago	2.0357
farragut	1.9500
farrar	2.1333
farrell	2.2357
farrells	2.1188
farrier	2.0286
farriers	1.9375
farriery	2.0000
farrow	2.1333
fars	1.5500
farseeing	1.9611
farson	1.6750
fart	2.3000
farther	2.0214
farthest	2.0063
farthing	2.0187
farthings	1.9389
farting	2.0071
farts	2.1000
fascia	1.7383
fascinate	1.8422
fascio	1.8800
fascism	1.7043
fascist	1.8186
fascists	1.7538
fashion	1.7857
fashioned	2.1389
fashioner	1.7944
fashions	1.7250
fast	1.7500
fasted	2.2917
fasten	1.7417
fastened	2.1500
fastener	1.7625
fasteners	1.7111
fastening	1.8222
fastens	1.6786
faster	1.7750
fastest	1.7929
fasting	1.6929
fastings	1.6438
fastly	1.6833
fastness	1.9438
fastolf	2.1786
fasts	1.6600
fata	1.7000
fatal	1.6200
fatale	1.6250
fatalism	1.6063
fatalist	1.7063
fatalists	1.6611
fatality	1.6688
fatally	1.9571
fate	1.7125
fated	2.3900
fateful	1.7500
fates	1.6300
fath	1.6250
father	1.6917
fathered	2.1125
fathering	1.6667
fatherly	1.6563
fathers	1.6357
fathom	1.8583
fathomed	2.2375
fathoming	1.9000
fathoms	1.7786
fatidic	1.6543
fatigue	1.6143
fatigued	2.0500
fatigues	1.5750
fatiguing	1.6667
fatly	1.6600
fatman	1.7333
fatness	1.9643
fats	1.6250
fatso	1.6900
fatten	2.1583
fattened	2.4625
fattening	2.1000
fatter	2.1917
fattest	2.1500
fatties	2.0143
fattish	1.9643
fatto	2.2900
fatty	2.2600
fatuity	1.7786
fatuous	1.7071
fatuously	1.6722
fatuus	2.0000
faubourg	2.0562
faucets	2.4043
faugh	1.3400
faul	1.5500
faulkner	1.5938
fault	1.6000
faulted	2.1071
faultless	1.7833
faultline	1.6111
faults	1.5500
faulty	1.6333
faunal	2.3833
faure	1.4500
fausse	1.9417
faust	1.6000
faustian	1.6313
faustino	1.8250
fausto	1.6583
faustus	1.5429
faut	1.4750
faute	1.5100
fauteuil	1.6625
faux	1.6100
favonian	1.9000
favor	1.7300
favorable	1.7889
favorably	1.8056
favore	1.7167
favored	2.2000
favorer	1.7571
favori	1.7167
favoring	1.6875
favorite	1.7188
favorites	1.6722
favors	1.6583
favour	1.6917
favoured	2.1125
favouring	1.6667
favourite	1.6944
favours	1.6357
fawkes	1.5667
fawn	1.7875
fawned	2.3167
fawning	1.8714
fawningly	1.8000
fawns	1.6900
fayal	1.4600
faye	1.5125
fayer	1.6100
fayette	2.0429
fayre	1.5100
fays	1.4250
fealty	1.5250
fear	1.6375
feare	1.6400
feared	2.2167
feareth	1.6857
fearful	2.1643
fearfully	2.3056
fearing	1.6286
fearless	1.8250
fears	1.5700
fearsome	1.6688
feasible	1.5938
feast	1.7300
feastday	1.6438
feasted	2.2000
feaster	1.7571
feasting	1.6875
feastings	1.6444
feasts	1.6583
feat	1.7125
feather	1.6857
feathered	2.0611
feathers	1.6375
feathery	1.7000
featly	1.6583
feats	1.6300
featur	1.6417
feature	1.6429
featured	2.0750
features	1.6000
featuring	1.6333
febuary	1.8643
feby	1.9125
feckless	2.4725
federals	2.4500
fedora	2.1333
feds	2.2625
fedya	2.2300
feeble	2.1583
feebler	2.1357
feeblest	2.1063
feebly	2.1833
feeding	2.3929
feel	2.0250
feeler	1.9583
feelers	1.8643
feeley	1.9250
feelin	1.9417
feeling	1.8500
feelingly	1.7833
feelings	1.7813
feelins	1.8500
feels	1.8800
feeney	2.0083
fees	2.0250
feet	2.2750
feets	2.0800
feign	1.4800
feigned	2.0214
feigning	1.6688
feigns	1.4500
fein	1.5500
feint	1.6000
feinted	2.1071
feinting	1.6062
feints	1.5500
feis	1.4000
feisty	1.6667
feith	1.4800
feldspar	1.5813
felice	2.4550
felicity	1.6038
feline	1.5250
felines	1.4929
felipe	1.6917
felis	1.3800
felix	1.5880
fell	1.9375
fella	1.8700
fellaheen	2.0278
fellas	1.8583
fellatio	2.0063
felled	2.4167
feller	1.9000
fellers	1.8143
fellest	1.9000
fellies	1.7643
felling	1.8000
felloes	2.3786
fellowmen	2.3222
fells	1.8100
felly	1.9100
felon	2.3600
felonies	2.1875
felonious	2.2000
felons	2.1833
felt	1.4375
felted	2.0833
felton	1.6000
felty	1.5100
felucca	1.9300
feluccas	1.9138
female	1.5000
females	1.4714
femina	1.7833
feminine	1.9250
feminism	1.8688
feminist	1.9688
feminists	1.8944
feminity	1.9313
femme	2.0800
femmes	1.9500
femoral	1.7000
fenceline	2.2311
fencepost	2.4256
fencers	2.4114
fences	2.4800
fenchurch	2.0122
fencibles	1.6033
fencing	1.6114
fend	1.3875
fender	2.2000
fenders	2.0714
fending	1.4857
fends	1.3700
fenian	1.7667
fenians	1.7000
fenimore	1.9125
fennel	1.9500
fenner	2.0667
fennimore	2.1778
fenno	2.3600
fens	1.4375
fense	1.6400
fenster	1.7143
fenton	1.6833
feodosia	1.5250
feral	1.5100
feraud	1.4750
ferdinand	1.5333
fere	1.5750
ferenczy	1.8450
feres	1.5200
fergana	2.1357
fergus	2.1250
ferguson	2.0750
fergusons	1.9889
fergusson	2.2667
feria	1.5800
ferial	1.5333
ferm	1.6125
fermanagh	1.6167
fermat	1.7750
ferment	1.6714
fermented	2.0500
ferments	1.6250
fermilab	1.9750
fermor	1.8333
fern	1.6125
fernand	1.5643
fernandes	1.9889
fernandez	2.1756
fernery	1.7000
ferns	1.5500
ferocious	1.7200
ferocity	1.7288
ferox	1.7880
feroz	1.8960
ferrando	1.8875
ferrara	2.0214
ferrari	2.0286
ferraro	2.0714
ferrars	1.9786
ferrell	2.2000
ferrers	1.9429
ferret	2.1000
ferreted	2.4188
ferreting	1.9389
ferrets	1.9857
ferric	2.0467
ferried	2.4357
ferro	2.1200
ferrule	1.9857
ferry	2.0900
ferryboat	2.0778
ferrying	1.9750
fers	1.4875
fersen	1.7000
fertile	2.0500
fertilely	1.9389
fertility	1.9944
ferula	1.6417
ferule	1.6500
ferules	1.6000
fervency	2.4100
fervent	2.4714
fervently	2.2667
fervid	2.4500
fervidly	2.2250
fervour	2.4143
fery	1.6125
fescue	1.6467
fess	1.9375
fest	1.6375
festal	1.5750
festas	1.6583
feste	1.6400
fester	1.7000
festered	2.1187
festering	1.6722
festinate	1.7722
festival	1.6125
festivals	1.5778
festive	1.6786
festively	1.6500
festivity	1.6944
festoon	2.1214
festooned	2.4000
festoons	2.0188
fetch	1.6660
fetched	2.1543
fetchers	1.6600
fetches	1.6114
fetching	1.7475
fete	1.6500
feted	2.3400
fetes	1.5800
fetid	1.5400
fetidly	1.5429
fetish	1.5333
fetishism	1.6389
fetlock	2.1829
fetlocks	2.0725
fetor	1.6800
fett	2.3125
fetter	2.1500
fettered	2.4562
fettering	1.9722
fetters	2.0286
fettle	2.0333
fetus	1.5500
feud	1.3125
feudal	1.3583
feudalism	1.4333
feuds	1.3100
feuer	1.5600
feuerbach	2.3422
feuille	1.9786
feuilles	1.8938
fever	1.8600
fevered	2.2929
feverish	1.6938
feverous	1.7563
fevers	1.7667
feversham	1.7000
fewer	1.7500
fewest	1.7750
fewness	1.8786
fhat	1.6250
fiacre	1.8800
fianc	1.6060
fianna	1.9917
fiasco	1.7967
fiat	1.7125
fibbing	2.0286
fiber	1.7000
fibered	2.1786
fibers	1.6333
fibres	2.4500
fibroid	2.3500
fibrous	2.3571
fibs	1.5125
fichte	1.5633
fickle	1.5300
fico	1.6450
fictile	1.8471
fiction	1.9329
fictional	1.8256
fictions	1.8538
fiddle	1.7167
fiddled	2.2000
fiddler	1.7571
fiddlers	1.7000
fiddles	1.6571
fiddling	1.6875
fide	2.3500
fidele	2.0583
fidelity	1.9938
fides	2.1400
fidget	1.5833
fidgeted	2.0312
fidgeting	1.5944
fidgets	1.5429
fidgety	1.6143
fidi	1.3500
fido	1.4250
fids	1.2625
fidus	1.3100
fief	1.5250
field	1.3400
fielded	2.4929
fielder	2.0500
fielding	1.4438
fields	1.3333
fieldwork	1.4667
fiend	1.4400
fiendish	1.4313
fiends	1.4167
fier	1.5750
fiercely	2.3288
fiercest	2.4287
fieriest	1.6875
fierro	2.0417
fiery	1.6200
fiesole	2.0714
fiesta	1.6333
fife	1.3250
fifer	1.4600
fifes	1.3200
fifeshire	1.5000
fifi	1.3250
fifteen	2.4357
fifteens	2.2938
fifteenth	2.2389
fifth	2.1500
fifthly	2.0500
fifths	2.0083
fifties	2.0071
fiftieth	2.0438
fifty	2.2500
fiftyone	2.1562
figaro	1.6333
figger	1.9000
figgis	1.7833
fight	1.4100
fighter	1.5286
fighters	1.5000
fightin	1.5143
fighting	1.4875
fightings	1.4667
fights	1.3917
figlia	1.4167
figlio	1.5583
figment	1.5714
figments	1.5375
figs	1.3125
figueroa	1.5812
figur	1.3900
figure	1.4333
figured	1.9571
figures	1.4143
figurin	1.5000
figurine	1.5188
figurines	1.4944
figuring	1.4750
fiji	1.5250
fijian	1.5833
fijians	1.5429
filagree	2.4313
filament	1.6750
filaments	1.6333
filat	1.7900
filbert	2.1286
filberts	2.0250
filch	1.6060
filched	2.1114
filcher	1.6686
filches	1.5686
filching	1.7100
file	1.6000
filed	2.3000
filer	1.6800
filers	1.6167
files	1.5400
filet	1.7400
fili	1.6000
filial	1.5500
filially	1.8625
filibeg	1.7643
filigree	2.3750
filii	2.1100
filing	1.6000
filings	1.5571
filip	1.8600
filipino	1.9875
filipinos	1.9111
filippo	2.3071
filius	1.5333
filkin	2.2333
filkins	2.1000
fill	2.1375
fille	2.0400
fillers	1.9286
filles	1.9167
fillet	2.0833
filleted	2.4062
fillets	1.9714
fillies	1.8786
fillin	2.0167
filling	1.9143
fillings	1.8375
fillip	2.1833
filliped	2.4813
filliping	1.9944
fillips	2.0571
fills	1.9700
filly	2.0700
film	1.6375
filmdom	1.6429
filmed	2.2167
filmily	1.8857
filming	1.7857
films	1.5700
filmstrip	2.1111
fils	1.5125
filter	1.7000
filtered	2.1187
filtering	1.6722
filters	1.6429
filth	1.5700
filthiest	1.7611
filthily	1.7750
filthy	2.2750
filtrated	2.3889
final	1.4900
finale	1.5167
finality	1.5875
finally	1.8643
finals	1.4583
finance	2.4400
finances	2.2975
financial	1.6089
financier	1.6922
financing	1.6422
finback	1.7329
finbarr	2.0786
finberg	2.2429
finch	1.5660
finches	1.5400
find	1.4125
findable	1.6375
finder	2.2167
finders	2.0857
findeth	2.1286
findin	1.5333
finding	1.5000
findings	1.4750
findlater	1.6444
findon	1.5833
finds	1.3900
fine	1.5500
fined	2.2600
finely	1.5500
finem	1.6000
fineness	1.8438
finer	1.6400
fineries	1.6000
finery	1.6667
fines	1.5000
finespun	2.3375
finesse	1.9643
finesses	1.8813
finessing	1.7944
finest	1.6833
fing	1.4625
fingal	1.4583
fingall	1.7929
finger	1.5833
fingered	2.0312
fingering	1.5944
fingers	1.5429
fingertip	2.0389
finglas	1.5071
fini	1.8250
finial	1.7000
finials	1.6429
finical	1.7400
finicking	2.1367
finicky	1.7400
finis	1.7200
finises	1.7643
finish	1.6500
finished	2.0812
finisher	1.6938
finishes	1.6063
finishing	1.7278
finite	1.7917
finitude	2.1687
fink	1.6125
finland	1.5929
finlay	1.6750
finless	1.9143
finley	1.6833
finn	2.2125
finnegan	2.0000
finnegans	1.9222
finney	2.0500
finnish	2.0286
finns	2.0300
finos	1.7800
finot	1.8800
fins	1.4625
finsbury	1.6938
fintan	1.6250
finucane	2.3225
fiord	1.5400
fiords	1.5000
fiorello	2.4125
fire	1.4500
firearm	1.6429
firearms	1.6000
fireball	1.9625
fireballs	1.8889
firebird	1.6562
firebirds	1.6167
fireboard	1.7722
firebox	1.8986
firebrand	2.2778
firebrick	2.3033
firebug	1.6857
fired	2.1800
firedog	2.0214
firedrake	1.9500
fireflies	1.5000
firefly	1.5286
firehose	1.7000
firehouse	1.6778
fireless	1.7313
firelight	1.4611
firelock	2.0163
firelocks	1.9367
fireman	1.5714
firemen	1.5786
firepit	1.6643
fireplace	2.3367
firepower	1.8056
fireproof	1.9000
fires	1.4200
fireships	1.6722
fireside	1.9375
firesides	1.8667
firesuit	1.5688
firetruck	1.8533
firewater	1.7333
fireweed	2.3937
firewood	1.9062
firework	1.5375
fireworks	1.5111
firing	1.5000
firkins	2.0143
firm	1.4875
firma	1.5100
firmament	1.6222
firman	1.5583
firme	1.5200
firmer	1.6000
firmest	1.6429
firmly	1.6417
firmness	2.1250
firms	1.4500
firs	1.3625
first	1.6100
firstaid	1.5500
firstborn	2.3222
firsthand	1.5389
firstling	1.5778
firstly	1.5929
firth	1.9500
firths	1.8417
fiscal	1.6050
fiscales	1.5725
fischer	1.6686
fischers	1.6225
fish	1.3125
fishbones	1.5722
fishbowl	1.5687
fished	2.0000
fisher	1.4833
fisheries	1.5000
fisherman	1.5667
fishermen	1.5722
fishers	1.4571
fishery	1.5286
fishes	1.3667
fishguard	1.4500
fishhook	2.1687
fishhooks	2.0722
fishiest	1.6563
fishily	1.6571
fishin	1.6000
fishing	1.5571
fishkill	2.3000
fishlike	1.9312
fishpond	1.6750
fishy	2.2100
fisk	1.2625
fiske	1.3400
fission	1.9643
fissure	1.7714
fissured	2.1875
fissures	1.7125
fist	1.6375
fisted	2.2167
fistfight	1.9556
fistful	2.1643
fistic	1.6967
fisting	1.6286
fists	1.5700
fistula	1.6786
fitful	2.1750
fitfully	2.3313
fitly	1.5100
fitment	1.6429
fitments	1.6000
fitness	1.8571
fits	1.4375
fitt	2.1875
fitter	2.0667
fitters	1.9571
fittest	2.0429
fitting	1.9429
fittingly	1.8556
fittings	1.8625
fitton	2.1000
fitz	1.8575
fitzroy	1.9686
fitzwater	2.0367
five	1.5500
fivefold	2.0438
fives	1.5000
fixation	1.8988
fixations	1.8322
fixe	1.9350
fixedly	2.2771
fixedness	2.3767
fixes	1.8080
fixin	1.7080
fixing	1.6400
fixings	1.5914
fixity	1.7067
fixture	1.7914
fixtures	1.7300
fizzing	2.2514
fizzle	2.3100
fjords	1.4417
flabbier	2.0875
flabbily	2.1188
flabby	2.2000
flaccid	1.9871
flacon	1.7550
flag	1.4250
flageolet	2.0611
flagged	2.3214
flagger	1.8786
flagging	1.7938
flaggy	1.8833
flagler	1.5214
flagon	1.5917
flagons	1.5500
flagpole	2.1250
flagrancy	2.0422
flagrant	2.0500
flags	1.4000
flagship	1.7063
flagstaff	1.8000
flagstone	1.6778
flaherty	1.8688
flail	1.5300
flailed	2.0571
flailing	1.5625
flails	1.4917
flair	1.4100
flake	1.3300
flaked	1.9583
flakes	1.3250
flaking	1.9786
flaky	1.3600
flam	1.4250
flambeau	1.5813
flambeaus	1.5500
flambeaux	1.6656
flame	1.4700
flamed	2.0750
flameless	1.7111
flamen	1.5250
flamens	1.4929
flames	1.4417
flaming	1.6643
flamingo	1.7000
flamingos	1.6556
flaminius	1.7667
flan	1.4250
flanagan	1.5625
flanders	1.9688
flaneur	1.4786
flange	1.4417
flanged	1.9643
flank	1.5200
flanked	2.0500
flankers	1.5688
flanking	2.0563
flanks	1.4833
flann	2.0000
flannagan	1.8667
flannel	1.8500
flanneled	2.1889
flannels	1.7813
flannigan	1.9389
flap	1.5750
flapjack	1.5975
flapjacks	1.5644
flapper	2.1214
flappers	2.0187
flappin	2.1071
flapping	2.0063
flaps	1.5200
flare	1.5700
flared	2.1583
flares	1.5250
flaring	1.5786
flash	1.4000
flashback	1.6200
flashed	1.9643
flasher	1.5214
flashes	1.4214
flashier	1.6375
flashily	1.6688
flashin	1.6214
flashing	1.5813
flashings	1.5500
flashman	2.0250
flashy	2.1333
flask	1.3600
flasket	1.5357
flasks	1.3500
flat	1.6250
flatbush	2.2750
flatcars	1.7225
flatfoot	2.4625
flathead	1.5813
flatheads	1.5500
flatiron	1.6875
flatland	1.5375
flatlands	1.5111
flatly	1.6000
flatness	1.8813
flatout	1.6786
flats	1.5600
flatt	2.1600
flatten	2.0357
flattened	2.3333
flattener	1.9889
flatter	2.0643
flattered	2.3556
flatterer	2.0111
flatters	1.9688
flattery	2.0312
flattest	2.0438
flatties	1.9250
flattish	1.8813
flatulent	1.7056
flatus	1.5500
flatways	1.6438
flatwise	1.7313
flaubert	1.9438
flaunt	2.4167
flaunting	2.1500
flaunts	2.2571
flautas	1.5143
flautist	1.5938
flavin	1.6750
flavius	1.5643
flavor	1.6583
flavored	2.0875
flavoring	1.6444
flavorous	1.6333
flavors	1.6071
flavour	1.6357
flavoured	2.0222
flavours	1.5938
flavus	1.5500
flaw	1.6625
flawed	2.3167
flawless	1.8375
flaws	2.3900
flax	1.7600
flaxen	1.9317
flaxman	1.7486
flay	1.4250
flayed	2.0750
flayers	1.5214
flaying	1.5786
flays	1.4000
flea	1.3875
fleance	2.3543
fleas	1.4700
flecks	2.3050
fled	2.2625
fledge	2.0833
fledgling	1.8889
flee	2.0250
fleeing	1.8500
fleer	2.0200
flees	1.8800
fleet	2.0800
fleeted	2.4500
fleeter	2.0071
fleetest	1.9937
fleeting	1.9062
fleetly	1.9286
fleetness	2.1056
fleets	1.9500
flem	1.4375
fleming	1.6714
flemings	1.6250
flemish	1.5857
flensing	1.4875
flesh	1.3100
fleshed	1.9000
flesher	1.4571
fleshes	1.3571
fleshiest	1.6167
fleshless	1.6778
fleshly	1.4500
fleshpot	1.6875
fleshpots	1.6444
fleshy	2.0583
fletcher	1.6600
fletching	1.6978
fleur	1.3900
fleurs	1.3750
fleury	1.4583
flew	1.4750
flex	1.5975
flexed	2.3733
flexible	1.6362
flexibly	1.6550
flexile	1.6843
flexing	1.6057
flexion	1.7700
flexions	1.7112
flexure	1.5771
flick	1.4060
flicked	1.9686
flicker	1.5257
flickered	1.9367
flickers	1.4975
flickery	1.5600
flicking	1.9850
flicks	1.3883
flier	1.5200
fliers	1.4833
flies	1.3800
flieth	1.5333
flight	1.3917
flighted	1.8875
flightily	1.5444
flights	1.3786
flighty	1.4500
flimsier	1.5562
flimsiest	1.5944
flimsy	1.4917
flinch	1.5217
flinched	1.9850
flinches	1.5100
flinching	1.6422
flinders	1.9875
fling	1.4300
flinging	1.5000
flings	1.4083
flint	1.5300
flints	1.4917
flinty	1.5750
flip	1.7125
flippancy	2.1033
flippant	2.1188
flipper	2.2000
flippers	2.0875
flippin	2.1857
flipping	2.0750
flips	1.6300
flirt	1.9500
flirted	2.3571
flirting	1.8250
flirts	1.8417
flit	1.4375
flitch	1.5217
flitches	1.5100
flits	1.4100
flitted	2.4000
flitter	1.9571
flitters	1.8750
flitting	1.8625
flng	1.3500
float	2.4900
floaters	2.1750
floating	2.1625
floats	2.2917
flock	2.2660
flocks	2.1050
floe	2.4750
floes	2.2400
flog	2.3875
flogging	2.2750
floggings	2.1667
flogs	2.1700
flooding	2.3313
floodings	2.2167
floodlit	2.3188
flooring	2.3813
floorless	2.4722
floorshow	2.3889
flops	2.4900
flor	2.4375
flora	2.2700
floral	2.1083
flores	2.1167
florian	2.1143
florid	2.0833
florida	2.0143
floridas	1.9875
floridian	1.9500
florin	2.2167
florins	2.0857
florist	2.1857
florizel	2.2913
floruit	2.1714
flotilla	2.4000
flotillas	2.3333
flotsam	2.1071
flou	2.4375
flour	2.2500
flouring	2.0125
flourish	1.9375
floury	2.1750
flout	2.3100
flouting	2.0500
flouts	2.1417
flowage	2.1786
flower	2.3917
flowering	2.1333
flowerpot	2.2778
flowers	2.2357
flowery	2.3071
floweth	2.2786
flowin	2.2917
flowing	2.1500
flowingly	2.0167
flown	2.4000
floyd	2.2300
fluctuate	1.7811
fludd	1.7000
flue	1.3625
fluellen	1.7500
fluency	1.5757
fluent	1.5083
fluently	1.5188
flues	1.3500
fluff	1.6600
fluffed	2.1500
fluffier	1.7000
fluffily	1.7313
fluffs	1.6000
fluffy	1.6833
flugel	1.3417
fluid	1.4100
fluidity	1.5375
fluidly	1.4500
fluidness	1.7333
fluids	1.3917
fluke	1.4700
flukes	1.4417
flukey	1.5250
flumes	2.3417
flung	2.4800
flunkey	2.3500
flunkeys	2.2188
flunks	2.3833
flunky	2.4667
flurried	2.2125
flurries	1.7375
flurry	1.8500
flush	1.2800
flushed	1.8786
flushes	1.3357
flushest	1.4938
flushing	1.5063
fluster	1.6214
flustered	2.0111
flute	1.4500
fluted	2.0583
flutes	1.4250
fluting	1.4929
flutings	1.4688
flutist	1.5929
flutter	1.9357
fluttered	2.2556
flutters	1.8562
fluvial	1.4500
flux	1.5350
fluxes	1.6983
fluxion	1.7343
fluxions	1.6800
flyaway	1.6929
flyblown	2.1500
flyboard	1.6437
flye	1.4375
flyer	1.5500
flyers	1.5083
flyin	1.6300
flying	1.5750
flyleaf	1.5643
flypaper	1.8313
flyways	1.5357
flywheel	1.8063
foal	1.4625
foaled	2.1000
foals	1.4300
foam	1.5875
foamed	2.1833
foaming	1.7571
foams	1.5300
fobbing	2.0714
fobs	1.5875
focal	1.5660
foci	1.6450
fock	1.5075
focus	1.5460
focused	2.1829
focuses	1.6400
focusing	1.5725
focussed	2.3850
focussing	1.8200
foeman	1.6333
foemen	1.6417
foes	1.4750
foetal	1.6333
foetus	1.6167
fofi	1.4000
fogarty	2.0357
fogel	1.4400
fogey	1.5400
fogeydom	1.5813
fogg	2.0125
fogged	2.4667
fogginess	2.0389
fogging	1.8429
foggy	1.9700
foghorn	1.6571
foghorns	1.6125
fogle	1.4400
fogo	1.5500
fogs	1.3875
fogy	1.5125
foible	1.6083
foibles	1.5643
foie	1.5625
foil	1.6750
foilage	1.6786
foiled	2.2417
foils	1.6000
foin	1.6250
fois	1.4750
foison	1.6250
foist	1.7000
foisted	2.1786
foisting	1.6688
foix	1.7350
fokine	2.2083
fold	2.3375
folding	2.0286
folds	2.1300
folger	2.2000
folgers	2.0714
foliage	2.1357
foliate	2.2500
foliation	2.2333
folies	2.1417
folio	2.4700
folios	2.2750
folk	2.3375
folks	2.1300
folksongs	1.9000
folksy	2.0750
follicle	2.3288
follicles	2.2144
follies	2.3786
folsom	2.2333
foma	1.6125
foment	1.6833
fomenting	1.6611
fond	1.4875
fonder	2.2667
fondest	2.2143
fondle	1.4833
fondled	2.0000
fondles	1.4571
fondling	1.5125
fondly	1.5083
fondness	1.8125
fondo	1.5800
fone	1.6250
font	1.6625
fontanel	1.6250
fontanka	1.6938
fontenoy	1.8687
fonthill	2.0375
food	2.1250
foodless	2.0688
foods	1.9600
fooleries	2.3278
foolhardy	2.3111
foolish	2.4214
foolishly	2.2833
foot	2.3000
footer	2.1417
footfalls	2.4667
foothill	2.3563
foothills	2.2389
foothold	2.4562
footing	2.0071
footings	1.9188
footless	2.1562
footman	2.0571
footmarks	1.9222
footmen	2.0643
footnote	2.1875
footnotes	2.0889
footpad	2.1143
footpads	2.0125
footpath	2.1375
footpaths	2.0444
footplate	2.0833
footprint	2.0500
footrest	2.3438
foots	2.1000
footsore	1.9500
footstep	2.1438
footsteps	2.0500
footway	2.0786
footwear	2.1500
footwork	1.9625
footworn	2.0500
foppery	2.3143
foppish	2.1429
fops	1.7875
forage	1.5833
foraged	2.0857
foragers	1.6000
foraging	1.5875
foramen	1.6143
forasmuch	2.2144
foray	1.5700
forays	1.5250
forbears	2.3750
forbid	2.4667
forbids	2.3000
forbore	2.4500
forborne	2.3688
forc	1.6325
forceful	2.3850
forceless	2.4144
forcemeat	2.3700
forceps	2.4829
forces	2.4967
forcible	1.6538
forcibly	1.6725
forcing	1.6257
ford	1.3875
fording	1.4857
fordo	1.5000
fordone	1.5786
fords	1.3700
fore	1.5250
forearm	1.6857
forearms	1.6375
forebay	1.8143
forebears	1.8056
forebode	2.2500
forecast	2.4475
forecasts	2.3200
forefeet	2.0000
forefend	1.5563
forefoot	2.0125
forefront	2.1167
forego	1.6917
foregoing	1.6667
foregone	1.7125
forehand	1.4875
forehead	1.5312
foreheads	1.5056
foreign	1.5500
foreigner	1.6111
foreigns	1.5188
foreknew	1.5750
foreknow	1.7500
foreknown	1.7556
foreland	1.4875
forelands	1.4667
foreleg	1.5929
forelegs	1.5563
forelimb	1.6312
forelimbs	1.5944
forelock	2.0537
forelocks	1.9700
foreman	1.6143
foremast	1.7375
foremen	1.6214
foremost	1.8563
forenamed	2.0056
forenoon	2.1625
forenoons	2.0667
forensic	1.6038
forepart	2.0875
forepaw	1.8357
forepaws	2.2687
forepeak	1.6062
forerun	2.4143
foresaid	1.4688
foresail	1.5938
foresaw	1.6786
foresee	2.0000
foreseen	1.9750
foresees	1.9125
foresheet	1.8667
foreshore	1.6222
foreshow	1.6750
foreshown	1.6889
foreside	1.9750
foresight	1.4944
foreskin	2.0063
forespent	1.6722
forest	1.6667
forestall	1.8556
forested	2.0938
forester	1.7063
foresters	1.6611
forestry	1.9750
forests	1.6143
foretaste	1.7833
foretell	1.8938
foretells	1.8278
foretold	2.0938
foretooth	1.9889
foretop	1.8929
forever	1.8214
forevers	1.7563
foreward	1.6312
forewarn	1.7188
forewing	1.6125
forewings	1.5778
forewoman	1.7000
foreword	1.5750
foreyard	1.6125
forfeit	2.0786
forfeited	2.3667
forfeits	1.9813
forfend	2.0000
forg	2.4375
forgat	2.3250
forgave	2.2429
forge	2.2800
forger	2.2333
forgeries	2.0000
forgers	2.1000
forgery	2.1714
forges	2.1167
forget	2.2833
forgetful	2.4778
forgets	2.1429
forgettin	2.3944
forging	2.0857
forgive	2.1357
forgiven	2.0938
forgiver	2.1188
forgives	2.0312
forgiving	2.0056
forgo	2.3400
forgoing	2.0688
forgone	2.1786
forgot	2.2500
forgotten	2.3611
fork	1.3875
forked	2.0500
forkful	1.4500
forkfuls	1.4313
forking	2.0571
forks	1.3700
forky	1.4700
forlorn	2.1429
forlornly	2.1000
form	1.5625
forma	1.5700
formal	1.5250
formalin	1.5875
formalism	1.5444
formality	1.6000
formalize	1.8256
formally	1.8438
forman	1.6083
format	1.7417
formation	1.8278
formative	1.7389
forme	1.5800
formed	2.1667
former	1.6500
formerly	1.6250
formers	1.6000
formic	1.8300
formica	1.7971
forming	1.7429
formless	1.8875
formosa	1.7429
formosan	1.7500
formosus	1.6750
forms	1.5100
formula	2.4214
formulae	2.4250
formulary	2.3389
formulas	2.3438
formulate	2.3556
forney	1.6167
forres	1.9000
forrest	2.0000
forrester	1.9611
forro	2.0800
fors	1.4375
forsake	1.4429
forsaken	1.4875
forsakes	1.4250
forsaking	1.9222
forsook	1.8929
forsooth	1.9063
forspent	1.6750
forster	1.7143
forsters	1.6625
forswear	2.2188
forswears	2.1167
forswore	2.1000
forsworn	2.1188
forsyth	1.5214
forsythe	1.5375
forsythia	1.6333
fort	2.1875
fortaleza	2.4311
forte	2.0800
fortescue	1.9589
forth	2.0100
forthwith	1.8611
forti	2.0800
forties	1.9071
fortieth	1.9563
fortified	2.2000
fortifies	1.7778
fortify	1.8857
fortin	2.0500
fortis	1.9500
fortitude	2.2722
fortman	1.9929
fortnight	1.9667
fortress	2.4375
forts	2.0100
forty	2.1100
forward	1.6286
forwarded	2.4611
forwarder	2.1167
forwards	1.5875
forwent	1.7357
forwhy	2.2500
foscari	1.7971
fosdick	1.5114
fossa	1.9300
fosse	2.1000
fossil	1.9667
fossils	1.8714
foster	1.7500
fosterage	1.7278
fostered	2.1562
fostering	1.7056
fosters	1.6857
fouche	1.5633
fougere	1.5786
fought	1.4750
foul	1.6375
foulard	1.6500
fouled	2.2167
fouler	1.7000
foulest	1.7286
foully	2.0250
foulness	1.8875
fouls	1.5700
founding	2.2125
foundling	2.1111
foundress	2.4333
foundries	2.1944
foundry	2.4214
founds	2.3583
fountain	2.3375
fountains	2.2222
founts	2.4750
four	1.4875
fourche	1.5686
fourfold	2.4125
fourgon	2.1571
fourier	1.6071
fourpence	2.3256
fours	1.4500
fourscore	1.6811
foursome	1.5938
fourteen	2.2313
fourth	1.9250
fourthly	1.8938
fourths	1.8357
foust	1.6700
fowl	1.5500
fowle	1.5700
fowler	1.6417
fowles	1.5250
fowling	1.5786
fowls	1.5000
fownes	1.6083
foxes	1.8680
foxfire	1.6986
foxford	1.6629
foxglove	2.2738
foxgloves	2.1656
foxholes	2.1987
foxhound	2.4050
foxhounds	2.2822
foxing	1.6900
foxrock	1.8457
foxtails	1.8550
foxtrot	2.2771
foxy	1.7725
foyer	1.6800
foyers	1.6167
frabjous	2.1937
fracas	2.3800
fracases	2.2538
fraction	2.4725
fractions	2.3422
fractious	2.2978
fracture	2.3037
fractures	2.1922
frag	2.4750
frage	2.3100
fragile	2.1857
fragilely	2.0444
fragility	2.1000
fragment	2.1188
fragments	2.0278
fraid	2.1700
frail	2.3700
frailer	2.2143
frailest	2.1750
frailly	2.4929
frailness	2.2667
frailties	2.0278
frailty	2.2071
fraises	2.1143
fram	2.4750
frambesia	2.0333
frame	2.3100
framer	2.2583
framers	2.1214
frames	2.1417
framework	2.0056
framing	2.2643
fran	2.4750
franc	2.3760
franca	2.2467
francais	2.0537
francaise	2.0978
franchi	2.2329
franchise	2.1533
francia	2.1614
francie	2.1686
francis	2.1186
francisca	2.1344
francisco	2.1733
franck	2.1633
franco	2.3050
francois	2.0975
franconia	2.2311
francs	2.1967
francy	2.2800
frangible	1.9889
frank	2.3600
franker	2.2071
frankest	2.1688
frankfort	2.2833
frankfurt	2.2333
franklin	2.1438
franklins	2.0500
frankly	2.2000
frankness	2.2611
franko	2.4250
franks	2.1833
franky	2.2667
frantic	2.1900
franticly	2.0478
frari	2.4100
frate	2.4700
fraternal	2.1167
frau	2.4000
fraud	2.1400
frauds	2.0000
fraught	2.0000
fraulein	2.1125
fray	2.4750
fraying	2.1786
frays	2.2400
freak	2.1700
freakish	2.3875
freaks	2.0250
freefly	2.4571
freeform	2.4188
freeing	2.4500
freeman	2.5000
freemans	2.3500
freemason	2.3722
freestone	2.4111
frege	2.3800
freight	2.0286
freighted	2.3278
freighter	1.9833
freights	1.9375
freind	2.1333
fremont	2.3857
fren	2.4875
french	2.2050
frenchman	2.4922
frenchmen	2.4978
frend	2.2100
freneau	2.1000
frenetic	2.1913
frenkel	2.1143
frens	2.2500
frente	2.2333
frenzies	2.1787
frenzy	2.4383
frequency	2.1422
frequent	2.1625
frequents	2.0667
frere	2.3600
freres	2.1833
fresca	2.3050
fresco	2.3633
frescoes	2.1412
fresh	2.1500
freshen	2.0286
freshened	2.3278
freshens	1.9375
fresher	2.0571
freshest	2.0375
freshet	2.1000
freshets	2.0000
freshly	2.0500
freshman	2.4938
freshmen	2.5000
fresno	2.3833
frets	2.3500
fretting	2.4500
fretwork	2.1187
freud	2.1500
freudian	1.9750
freudians	1.9000
freya	2.3100
freytag	2.1643
friable	2.2286
friar	2.4100
friars	2.2250
frick	2.2460
friction	2.3788
frictions	2.2589
friday	2.1083
fridays	1.9929
fridge	2.1167
friedland	2.3000
friedrich	2.4589
friend	2.1167
friending	1.9500
friendly	1.9750
friendo	2.0929
friends	2.0000
friers	2.1833
fries	2.2200
friesland	1.8778
friezes	2.4043
frig	2.3625
frigate	2.1857
frigates	2.0750
frigging	2.2625
fright	2.0917
frighted	2.4125
frighten	2.0000
frightens	1.9222
frightful	2.3500
frighting	1.9333
frights	1.9786
frigid	2.0333
frigidity	1.9389
fringe	2.1667
fringes	2.0429
fringing	2.0250
frisco	2.3633
frise	2.3800
frisk	2.1100
frisked	2.4714
frisket	2.0714
frisking	2.4250
frisky	2.0583
frisson	2.4429
frist	2.4100
frith	2.2500
fritters	2.4000
fritzie	2.3186
frivolity	2.4944
frobisher	2.0500
frock	2.3060
frockcoat	2.1844
frocks	2.1383
frog	2.4375
frogmore	2.2188
frogs	2.2100
froid	2.2400
fromage	2.2000
fromentin	2.1278
frond	2.2900
fronds	2.1250
frons	2.3300
front	2.4300
frontage	2.1500
frontal	2.1500
frontals	2.0438
frontdoor	2.3500
frontenac	2.2200
frontera	2.1750
frontier	2.1813
frontiers	2.0833
fronting	2.1250
frontis	2.1571
frontlet	2.1750
frontlets	2.0778
fronto	2.3500
fronts	2.2417
frontyard	2.1056
frore	2.3200
frost	2.4700
frostier	2.2062
frostiest	2.1722
frostily	2.2375
frosting	2.1500
frosts	2.2750
frostwork	2.0944
frosty	2.3583
froth	2.3100
frothing	2.1500
froward	2.2000
frown	2.4400
frowning	2.2688
frowns	2.2500
fructify	2.1662
frugal	2.0333
frugality	1.9389
frugally	2.2250
fruit	2.3900
fruitage	2.1250
fruitcake	2.0422
fruiterer	2.1389
fruitily	2.1875
fruition	2.2437
fruitless	2.2222
fruits	2.2083
fruitwood	2.3778
fruity	2.2917
frush	2.1200
frustrate	2.4167
frye	2.4875
frying	2.2750
fryingpan	2.1611
frypan	2.4333
fuad	1.4250
fubsy	1.5400
fuchs	1.4160
fuchsia	1.4757
fuck	1.3950
fuckall	1.7543
fucked	2.0550
fucken	1.5050
fucker	1.5383
fuckers	1.5043
fuckface	2.2637
fuckhead	1.4662
fuckin	2.1883
fucking	2.0614
fucks	1.3760
fuckup	1.6633
fuckwits	1.5350
fuddled	2.1786
fudge	1.4100
fudging	1.4643
fudo	1.3875
fuego	1.6400
fuel	1.3625
fueled	2.0333
fuelling	1.7625
fuentes	1.5286
fuera	1.5500
fuerte	2.0167
fugit	1.4500
fugitive	1.5562
fugitives	1.5278
fugue	1.3900
fuhrer	2.1583
fuit	1.6125
fujimoto	2.3312
fujiyama	2.0938
fulbert	2.1071
fulbright	2.1944
fulcrums	2.4100
fulfil	1.5583
fulfill	1.8786
fulfilled	2.2111
fulfiller	1.8667
fulfills	1.8062
fulfils	1.5214
fulgurite	1.5556
fulgurous	1.5167
fulham	1.5500
fulke	1.4700
fulkerson	1.6111
full	2.1000
fullam	1.9667
fullback	1.9975
fullblown	2.3889
fulle	2.0100
fuller	2.0083
fullers	1.9071
fullest	1.9929
fulling	1.8929
fullness	2.1187
fulls	1.9400
fullstop	2.1437
fully	2.0400
fulminate	1.8778
fulness	1.8786
fulsome	1.6286
fulsomely	1.6111
fulton	1.7083
fulvia	1.6083
fulvous	1.5929
fumble	2.4750
fumbles	2.3071
fumbling	2.2563
fumigate	2.4625
fumitory	2.4500
funchal	2.2829
functions	2.4422
fundacion	2.3644
fundament	2.1722
funding	2.2500
funds	2.4400
funeral	2.3357
funerals	2.2062
funereal	2.2500
fungous	2.2643
fungus	2.3167
funneling	2.4333
furbish	2.2643
furey	1.4900
furies	1.4333
furioso	1.6214
furious	1.5571
furiously	1.5556
furl	1.3250
furled	2.0083
furling	1.4500
furlong	2.0643
furlongs	1.9688
furlough	1.9188
furls	1.3200
furnace	2.4757
furnaces	2.3288
furnish	1.5929
furnished	1.9889
furnisher	1.6444
furnishes	1.5667
furniss	1.9500
furniture	1.6667
furnival	1.6562
furor	1.4900
furore	1.5167
furr	2.0000
furred	2.4583
furrier	1.9000
furring	1.8357
furrow	1.9833
furrowed	2.3937
furrowing	1.8611
furrows	2.4571
furry	1.9600
furs	1.3250
furst	1.5800
further	1.8929
furthered	2.2222
furthers	1.8188
furthest	1.8938
furtive	1.9286
furtively	1.8444
furuncle	2.2163
fury	1.4500
furze	1.9460
furzy	1.7560
fuse	1.5625
fused	2.2700
fusee	2.0800
fuselage	1.5750
fuseli	1.5333
fuses	1.5100
fushi	1.5100
fusil	1.5100
fusilier	1.6062
fusiliers	1.5722
fusillade	2.2444
fusils	1.4750
fusing	1.4417
fusion	1.6333
fuss	1.9000
fussily	1.8786
fussiness	1.9889
fussing	1.7786
fussy	1.8800
fust	1.6000
fustian	1.6357
fustic	1.6717
fusty	1.6400
futile	1.6167
futilely	1.6000
futility	1.6625
futtock	1.9471
future	1.4917
futures	1.4643
futurism	1.5063
futurist	1.6063
futurists	1.5722
futurity	1.5688
fuzzing	2.2300
fyodor	1.6333
fyve	1.5875
gabardine	1.7778
gabber	2.3583
gabble	2.2250
gabbles	2.0929
gabbling	2.0688
gabby	2.4400
gabelle	2.0429
gaberdine	1.7611
gable	1.7500
gabled	2.3083
gabler	1.7917
gables	1.6750
gabriel	2.4857
gadara	1.6667
gadarene	1.6875
gaddi	1.9500
gadding	1.8500
gades	2.2900
gadflies	1.4875
gadfly	1.5167
gadget	1.7083
gadgets	1.6500
gads	1.4500
gadzooks	2.0225
gael	1.6625
gaelic	1.7133
gaeta	1.8500
gaff	1.9750
gaffe	1.9100
gaffer	1.9250
gaffs	1.8400
gaga	1.5750
gagarin	1.7357
gage	1.5875
gaged	2.2900
gagging	1.9071
gaggle	1.9083
gaging	1.5917
gagner	1.6917
gags	1.5000
gahan	1.5200
gaheris	1.5429
gaieties	1.6375
gaiety	1.7167
gaikwar	2.2143
gaillard	1.9312
gaily	1.6900
gain	1.6125
gained	2.2000
gainer	1.6833
gainers	1.6286
gaines	1.5667
gainful	1.5786
gaining	1.7714
gains	1.5500
gainsaid	1.5125
gainsay	1.5929
gainsays	1.5563
gainst	1.7250
gais	1.4625
gait	1.5875
gaited	2.1833
gaiter	1.6667
gaiters	1.6143
gaits	1.5300
gala	1.4500
galactic	1.8888
galahad	1.4714
galant	1.5667
galanthus	1.9444
galapagos	1.6500
galata	1.6667
galatea	1.6643
galaxie	1.7486
galaxies	1.6925
galaxy	1.7900
galbraith	2.1833
gale	1.4625
galen	1.5300
galena	1.5417
galeria	1.5857
gales	1.4300
galette	2.0143
galgo	1.4900
galicia	1.5829
galil	1.5900
galilean	1.6250
galilee	1.9643
galileo	1.6500
galina	1.5583
galiot	1.6833
galis	1.4300
gall	2.0000
gallagher	1.8167
gallaher	1.8188
gallant	1.8857
gallantly	1.8111
gallantry	2.1111
gallants	1.8125
galle	1.9300
galled	2.4583
gallego	1.9571
gallegos	1.8750
galleon	1.9286
galleons	1.8500
galleria	1.8625
galleried	2.2278
galleries	1.8056
gallery	1.9214
galletas	1.9188
galley	1.9083
galleys	1.8214
galli	1.9300
gallia	1.8750
gallian	1.8643
galliard	1.8312
gallic	1.9383
gallicism	1.8200
gallimard	1.8389
galling	1.8357
galliot	1.9857
gallipot	2.0375
gallons	2.4500
galloping	2.4111
galloway	2.4125
galls	1.8600
gallstone	1.9333
gallus	1.8000
galluses	1.8188
galore	2.2167
galosh	2.1250
galoshes	1.9625
gals	1.3750
galt	1.5000
galvani	1.7357
galvanic	1.7663
galvanize	1.9756
galveston	1.7222
galvez	1.7883
galway	1.5917
gama	1.5750
gambel	1.6417
gambier	1.7286
gambit	1.7083
gambits	1.6500
gamble	1.6250
gambled	2.1214
gambler	1.6786
gamblers	1.6313
gambles	1.5786
gamblin	1.6643
gambling	1.6188
gamboge	1.6714
gambol	2.3417
gamboling	2.1000
gambols	2.1929
gambrel	2.3929
game	1.5875
gamecocks	2.2400
gamed	2.2900
gamely	1.5750
games	1.5300
gamesome	1.6438
gamester	1.7375
gamet	1.7300
gamey	1.6300
gamin	1.8700
gamine	1.8333
gaming	1.7750
gamins	1.7750
gammadion	2.0222
gammas	2.0667
gamme	2.1300
gammell	2.2500
gammer	2.1083
gammon	2.3250
gamp	2.0500
ganado	1.6417
ganda	1.4800
gander	2.2417
ganders	2.1071
gandhi	1.5917
gane	1.5875
ganesh	1.4917
gang	1.5000
ganger	1.6083
ganges	1.4917
ganglia	1.5071
gangling	1.5188
ganglions	1.6222
gangly	1.5167
gangrel	2.0643
gangrene	2.0750
gangrened	2.4111
gangs	1.4600
gangster	1.6938
gangsters	1.6500
gangway	1.6214
gangways	1.5813
ganis	1.7500
gann	2.2500
gannet	2.1583
gannets	2.0357
gannett	2.4643
gano	1.9375
ganoids	1.6857
gantlet	1.6786
gantline	1.6250
gantry	2.0500
gaoler	2.3000
gaolers	2.1571
gaols	2.2900
gape	1.7375
gaped	2.4100
gapes	1.6500
gaping	1.6917
gappy	2.4000
gaps	1.6500
gara	1.7000
garage	1.7083
garages	1.6500
garbling	2.3687
garboard	2.4688
garboils	2.4750
garcia	1.7550
garcias	1.7614
garcon	1.8550
gard	1.5750
garde	2.3900
garden	2.2917
gardener	2.1750
gardeners	2.0778
gardenia	2.2625
gardenias	2.2111
gardening	2.1889
gardens	2.1500
gardes	2.2083
gardez	2.4883
gardi	1.5900
gardiner	1.6875
gardner	1.6786
gardners	1.6313
gardon	1.6917
gare	1.7125
gareth	1.7417
garfield	1.9875
garfish	2.0643
gargantua	2.0889
gargle	2.2417
gargles	2.1071
gargling	2.0813
gargoyle	2.2500
gargoyles	2.1444
garibaldi	1.6222
garish	1.5750
garishly	1.6313
garland	1.5714
garlanded	2.4167
garlands	1.5375
garlic	1.6883
garlick	1.6043
garlicky	1.6288
garment	1.7500
garments	1.6938
garn	1.7500
garner	1.7750
garnered	2.1750
garnering	1.7222
garners	1.7071
garnet	1.8250
garnets	1.7500
garnett	2.1786
garnie	1.9000
garnish	1.7643
garnished	2.1222
garnishee	2.0167
garniture	1.8000
garonne	2.1429
garotte	2.1286
garrard	2.0286
garret	2.1917
garrets	2.0643
garrett	2.4929
garrick	1.9900
garrison	2.0000
garrisons	1.9222
garrote	2.0857
garroted	2.4625
garroters	1.9889
garroting	1.9778
garrotte	2.3625
garrulity	2.0056
garrulous	2.3944
garry	2.2000
garryowen	2.1500
gars	1.6250
garten	2.1583
garter	2.1917
gartered	2.4875
garters	2.0643
garth	2.1600
gary	1.7500
garys	1.6600
gascoigne	1.7589
gascon	1.8883
gaseous	1.7000
gases	1.6900
gash	1.5000
gashed	2.1250
gashes	1.4917
gasing	1.5917
gasket	1.6250
gaskets	1.5786
gaskins	2.0929
gaslamp	1.8429
gasless	1.8214
gaslight	1.5063
gaslights	1.4833
gaslit	1.5750
gasoline	2.1437
gasometer	1.7944
gasp	1.7750
gaspar	1.8333
gaspard	1.7286
gasped	2.3083
gaspee	2.1500
gasper	1.7917
gasping	1.7071
gaspings	1.6563
gasps	1.6800
gasse	2.1900
gasser	2.1583
gasses	2.0417
gasset	2.2083
gassing	1.9071
gassy	2.0600
gaston	1.8583
gastric	2.1329
gastritis	1.9667
gasworks	2.0625
gate	1.7875
gateaux	1.7986
gated	2.4500
gatehouse	1.8278
gatemen	1.7714
gatepost	1.9250
gateposts	1.8556
gates	1.6900
gateway	1.7857
gateways	1.7250
gath	1.7000
gather	1.7417
gathered	2.1500
gatherer	1.7625
gatherers	1.7111
gathering	1.7000
gathers	1.6786
gatherum	2.4062
gatling	1.6643
gatsby	1.9167
gatty	2.3200
gauche	1.5550
gaud	1.3750
gaudier	1.5429
gaudiest	1.5875
gaudily	1.5786
gaudiness	1.7556
gaudium	2.2786
gauds	1.3600
gaudy	1.4600
gauge	1.4700
gauged	2.0750
gauger	1.5583
gauges	1.4417
gauging	1.5071
gaul	1.6250
gauleiter	1.6944
gaulle	1.9917
gauls	1.5600
gaultier	1.7000
gauntlet	2.3438
gauntlets	2.2278
gauntness	2.4500
gauss	1.9000
gautama	1.6000
gautier	1.6429
gauze	2.0060
gauzes	1.8883
gauzy	1.8160
gavan	1.7800
gavarnie	1.9500
gave	1.8125
gavel	1.7100
gavelkind	2.0333
gavest	1.8583
gaveston	1.8750
gavin	1.8100
gawaine	1.7786
gawd	1.8875
gawds	1.7700
gawker	1.7333
gawkers	1.6714
gawking	2.2286
gawks	1.6100
gawky	1.7100
gawn	1.8625
gawping	1.8429
gayer	1.6700
gayest	1.7083
gayety	1.7417
gayley	1.7083
gaylor	2.3750
gayly	1.7200
gazing	2.4383
gean	1.5875
gear	1.7125
geared	2.2667
gearing	1.6714
gears	1.6300
gearshift	2.0778
gearstick	1.7200
geary	1.7300
geber	1.9800
gedanken	2.1000
gedney	2.2167
geegee	2.5000
geely	2.0400
geerts	2.4500
gees	2.1000
geese	2.1700
gehenna	1.9429
gehennas	1.9250
geisha	1.4667
geist	1.7000
gela	1.4625
gelatin	1.7143
gelatine	1.7063
geld	1.3375
gelding	1.4571
geldings	1.4375
gelid	1.4000
geller	1.9500
gelly	1.9700
gelt	1.5125
gemacht	1.7471
geminate	1.9063
gemini	2.0250
gemmation	2.1389
gems	1.5125
gendarme	1.6500
gendarmes	1.6111
gender	2.2500
genders	2.1143
gene	1.6000
genealogy	2.0389
genera	1.6667
general	1.6143
generale	1.6188
generally	1.8778
generals	1.5750
generate	1.7813
generated	2.1500
generates	1.7278
generatio	1.8556
generator	1.7833
generic	1.7186
generis	1.6214
generous	1.6438
genes	1.5400
genesee	2.0429
genesis	1.5214
genetic	1.7614
genetics	1.7038
geneva	1.8167
genevan	1.8143
genevieve	1.9167
genghis	1.5857
genial	1.7333
geniality	1.7389
genially	2.0000
genie	1.8300
genies	1.7417
genii	2.3300
genin	1.8800
genital	1.7429
genitalia	1.7167
genitals	1.6875
genitive	1.8125
genius	1.7167
geniuses	1.7563
gennaro	2.1286
genoa	1.8800
genoese	1.8857
genova	1.8667
genre	1.5800
genres	1.5333
gens	1.5125
gent	1.6375
gente	1.6400
genteel	1.9500
genteelly	2.1389
gentes	1.5833
gentian	1.6571
gentians	1.6125
gentil	1.7167
gentile	1.7071
gentiles	1.6563
gentility	1.7278
gentille	1.9688
gentle	1.5833
gentled	2.0857
gentleman	1.6333
gentlemen	1.6389
gentler	1.6429
gentles	1.5429
gentlest	1.6750
gently	1.6083
gentry	2.0583
gents	1.5700
genuine	2.4929
genuinely	2.2833
geodesist	2.0556
geoffrey	2.2938
geoffry	2.3857
geometric	2.0422
geometrid	1.9444
geometry	2.0688
geordie	1.5429
georg	2.3400
george	2.2250
georges	2.0929
georgette	2.4000
georgi	2.2250
georgia	2.1357
georgian	2.0938
georgiana	2.0389
georgians	2.0056
georgina	2.1063
georgiy	2.1643
georgy	2.2500
geraghty	1.6563
gerald	1.4917
geraldine	1.5722
geraldo	1.5571
geranium	2.4875
geraniums	2.3556
gerard	1.6583
gerente	1.6929
gerhart	2.0643
gerizim	1.8614
germ	1.6875
germain	1.7000
german	1.6917
germane	1.6857
germanic	1.8600
germanize	2.0589
germano	1.8857
germans	1.6357
germany	2.4929
germinal	1.7875
germinate	1.9167
germs	1.6100
geroge	1.6417
gerome	1.7417
gerrit	2.0667
gerritsen	1.9944
gerry	2.1500
gershwin	1.6313
gershwins	1.5944
gert	2.3125
gerty	2.2100
gerunds	2.3071
gesner	1.6167
gessler	1.8571
gest	1.7125
gestalt	1.6500
gestapo	1.8286
gestation	1.8944
gesture	1.6429
gestured	2.0750
gestures	1.6000
gesturing	1.6333
gesualdo	1.4625
getan	1.7300
getaway	1.8571
getgo	2.5000
getout	1.7500
gets	1.6375
gett	2.3875
getter	2.2000
getters	2.0714
gettin	2.1833
getting	2.0571
getty	2.2700
getup	1.9300
getz	2.0575
gewgaw	1.8917
gewgaws	2.3786
gewiss	1.9417
geyser	1.7500
geysers	1.6857
gharry	2.0500
ghast	1.7200
ghastly	1.6714
ghat	1.7000
ghats	1.6200
gheber	1.8667
ghent	1.5700
ghetto	2.1333
ghettos	2.0143
ghezzi	2.3767
ghiberti	2.1063
ghos	1.6625
ghost	1.8500
ghosted	2.2857
ghosting	1.7625
ghostlike	2.1056
ghostly	1.7643
ghosts	1.7583
ghosty	1.8417
ghoul	1.7900
ghoulish	1.6500
ghouls	1.7083
ghurka	2.0500
giacomo	2.0329
gian	1.5875
giancana	1.6663
giant	1.6300
giantess	1.8625
giants	1.5750
giaour	1.5833
gibault	1.7214
gibber	2.2333
gibbering	2.0278
gibberish	1.9611
gibbers	2.1000
gibbet	2.2833
gibbeting	2.0611
gibbets	2.1429
gibbon	2.2500
gibbons	2.1143
gibbosity	2.0167
gibbous	2.0571
gibbs	2.1900
gibby	2.2900
gibe	1.7000
gibed	2.3800
gibeon	1.7750
giber	1.7600
gibes	1.6200
gibing	1.6500
gibingly	1.6250
giblet	1.7167
gibraltar	2.2944
gibralter	2.2667
gibson	1.7000
gibsons	1.6429
giddiest	1.8563
giddily	1.8857
giddiness	1.9944
giddy	1.8900
gide	2.4250
gideon	2.2583
giel	1.4750
gifford	1.7143
giffords	1.6625
gift	2.4375
gifts	2.2100
gigant	1.5750
gigantic	1.6350
giggle	1.8333
giggled	2.3000
gigglers	1.7875
giggles	1.7571
giggling	1.7750
giggly	1.8583
gigs	1.3875
gihon	1.7800
gilbert	2.1714
gilberte	2.1063
gilbey	1.7833
gilboa	1.7833
gilchrist	1.7089
gild	1.5375
gildas	1.5917
gilder	2.3000
gilderoy	2.1938
gilders	2.1571
gilding	1.5714
gilds	1.4900
gilead	1.6500
giles	1.6000
gilford	1.5143
gilgal	1.5417
gill	2.2125
gillen	2.0500
gillespie	1.9444
gillett	2.4429
gillette	2.3438
gillian	1.9857
gillie	2.0250
gillies	1.9214
gilligan	1.9000
gills	2.0300
gilly	2.1300
gilman	1.7083
gilmanton	1.7667
gilmer	1.7500
gilmore	1.8643
gilt	1.7125
gimbaled	2.0750
gimballed	2.2667
gimbals	1.5929
gimble	1.6500
gimcrack	1.8638
gimcracks	1.8011
gime	1.6250
gimlet	1.8167
gimlets	1.7429
gimmal	2.0083
gimme	2.1600
gimmicks	2.0350
gimping	1.8857
gina	1.6125
ginger	1.6333
gingerale	1.5944
gingerly	1.6125
gingery	1.6571
gingham	1.5500
ginkgo	1.6667
ginn	2.2875
gins	1.5375
ginsberg	2.2625
ginseng	1.6714
gioconda	1.7412
giordano	1.8062
giorgio	2.3286
giorgione	2.2056
giorno	1.9583
giotto	2.2417
giovanna	2.0625
giovanni	2.2063
gippsland	1.9833
gipsies	1.6786
gipsy	1.7900
giraffe	1.8143
giraffes	1.7500
giraldus	1.4063
girard	1.5750
girardeau	2.0222
gird	1.3875
girder	2.2000
girders	2.0714
girding	1.4857
girdle	1.4167
girdled	1.9429
girdles	1.4000
girdling	1.4625
girds	1.3700
girl	1.4375
girlhood	1.9187
girlie	1.5083
girling	1.5143
girlish	1.4286
girlishly	1.5111
girls	1.4100
girly	1.5100
girondist	1.6611
girt	2.1875
girth	2.0100
girths	1.8917
gisborne	1.7563
gisele	1.6083
giselle	1.9214
gisors	1.5000
gist	1.7125
gita	1.5875
gitana	1.6250
gitano	1.8667
gitanos	1.7857
gits	1.5125
gitt	2.2625
gittin	2.1000
giulio	1.7750
giuseppe	2.1438
give	1.6250
giveaway	1.7812
given	1.6600
giver	1.7000
givers	1.6333
gives	1.5600
givest	1.7333
giveth	1.6833
givin	1.6600
giving	1.6000
givings	1.5571
glabella	1.9438
glac	1.7450
glacial	1.6471
glaciated	2.1756
glacier	1.7543
glaciers	1.6975
glad	1.4500
gladden	2.4071
gladdens	2.2688
gladder	2.4357
gladdest	2.3688
gladding	1.7813
gladdy	1.8667
glade	2.2900
glades	2.1250
gladiator	1.6778
gladiolus	2.0000
gladius	1.4643
gladly	1.4833
gladness	1.7938
glads	1.4200
gladsome	1.5750
gladstone	1.6889
gladys	1.4833
glair	1.4700
glaive	1.5667
glaives	1.5286
glamis	1.6750
glamor	1.7583
glamorize	1.9811
glamorous	1.7000
glamour	1.7214
glances	2.3471
glancing	1.6038
gland	1.4200
glanders	2.0063
glands	1.4000
glandular	1.6222
glans	1.4600
glanton	1.6643
glare	1.6300
glared	2.2083
glares	1.5750
glaring	1.6214
glaringly	1.6056
glary	1.6600
glasgow	1.6714
glashow	1.7143
glasnevin	1.7667
glass	1.9600
glassed	2.4786
glasses	1.9357
glassily	1.9188
glassine	1.8750
glassing	1.8313
glassless	1.9833
glassware	2.3667
glassy	1.9333
glauber	1.6500
glaucoma	1.6412
glaucon	1.6471
glaucous	1.5537
glave	1.7100
glazier	2.3400
glazing	2.2757
gleam	1.5300
gleamed	2.0571
gleaming	1.7000
gleamings	1.6556
gleams	1.4917
glean	1.5300
gleaned	2.0571
gleaner	1.6143
gleaners	1.5750
gleaning	1.7000
gleanings	1.6556
glebe	1.8400
glee	2.1000
gleeful	1.9714
gleefully	2.1556
gleek	1.9000
gleeks	1.8000
gleeman	1.9429
glees	1.9400
gleesome	1.9000
gleeson	1.9357
gleet	2.1400
gleichen	1.5788
glen	1.5125
glendale	1.4625
glendora	1.5250
glendower	1.6889
glenelg	1.4714
glenn	2.0700
glens	1.4700
glenwood	1.9375
glib	1.5875
glibly	1.5750
glibness	1.8625
glidden	2.3429
glide	2.2000
glider	2.1667
glides	2.0500
gliding	1.4571
glim	1.5375
glimmer	2.0143
glimmered	2.3167
glimmers	1.9250
glimpse	1.9143
glimpsed	2.3125
glimpses	1.8375
glinka	1.6083
glint	1.5900
glinted	2.1000
glinting	1.6000
glints	1.5417
glissade	2.2750
glissando	1.7556
glisten	1.6571
glistened	2.0389
glistens	1.6125
glister	1.6857
glisters	1.6375
glitter	2.0000
glittered	2.3056
glitters	1.9125
gloam	2.3900
gloaming	2.2375
gloating	2.2000
gloats	2.3417
global	2.2583
globe	2.4800
globes	2.2833
globs	2.3900
globular	2.2687
globule	2.2714
globules	2.1500
glock	2.3260
glockner	2.1350
gloire	2.2250
gloria	2.2167
gloriae	2.2500
gloriam	2.1571
gloriana	2.0875
glorias	2.1571
glories	2.0929
glorieux	2.1487
glorified	2.3444
glorifier	2.0000
glorifies	1.9222
glorify	2.0714
glorious	2.1187
glory	2.3700
glorying	2.1500
glossary	2.4188
glosses	2.4857
glossiest	2.3167
glossily	2.4000
gloster	2.3000
glove	2.4200
glovebox	2.4487
glover	2.3500
glovers	2.2000
gloves	2.2333
glower	2.4417
glowering	2.1667
glowin	2.3417
glowing	2.1929
glowingly	2.0500
glowworms	2.3889
glub	1.5500
glue	1.4375
glued	2.1700
glues	1.4100
gluey	1.5100
gluing	1.5750
gluon	1.6900
glut	1.4750
gluteal	1.4929
glutinous	1.7000
gluts	1.4400
glutted	2.4214
glutting	1.8813
glutton	2.0071
gluttons	1.9187
glycerin	2.3850
glycerine	2.3033
glyphic	1.8614
glyphs	1.6500
gnarled	2.1500
gnarling	1.6438
gnarly	1.6833
gnash	1.5600
gnashed	2.0786
gnashing	1.6813
gnat	1.8250
gnats	1.7200
gnaw	1.8625
gnawed	2.4500
gnawing	1.7571
gnawn	1.8500
gnome	1.9400
gnomes	1.8333
gnomic	2.1300
gnomon	2.1667
gnostic	1.9543
gnostics	1.8725
goad	1.6125
goading	1.6143
goads	1.5500
goahead	1.5714
goal	1.5375
goalie	1.5750
goalpost	1.9000
goalposts	1.8333
goals	1.4900
goat	1.8625
goatee	2.2083
goatees	2.0786
goatherd	1.6875
goatherds	1.6444
goatish	1.6714
goatman	1.8071
goats	1.7500
goatskin	2.1750
goaty	1.8500
gobbet	2.3333
gobbets	2.1857
gobble	2.1500
gobbler	2.1286
gobblers	2.0250
gobbles	2.0286
gobbling	2.0125
gobbo	2.3800
gobelin	1.7071
gobelins	1.6563
gober	1.8200
gobi	1.7500
gobierno	1.9375
goblet	1.7667
goblets	1.7000
goblin	1.7000
goblins	1.6429
gobs	1.6625
goby	1.7875
godawful	1.7625
godchild	2.1600
goddam	1.8917
goddamed	2.2625
goddamit	1.9875
goddammit	2.2444
goddamn	2.2357
goddamned	2.4889
goddamnit	2.2444
goddesses	2.4944
godey	2.3600
godfather	1.6667
godfrey	2.1143
godhead	1.5000
godin	1.5800
godiva	1.5667
godless	1.7714
godliest	1.6063
godlike	2.0071
godliness	1.7722
godly	1.4900
godman	1.5917
godmother	1.7722
godot	1.6200
godown	1.6750
godowns	1.6214
gods	1.4125
godsend	1.5714
godsent	1.6714
godship	1.7571
godson	1.5833
godspeed	2.3687
godwin	1.6417
goer	1.7250
goers	1.6400
goerz	1.9760
goes	1.5500
goest	1.7600
goeth	1.7000
goethe	1.6917
goethes	1.6357
goff	1.9375
goffe	1.8800
goggins	1.8857
goggle	1.8833
goggled	2.3429
goggles	1.8000
goggling	1.8125
gogh	1.4625
gogo	1.6250
gogol	2.3600
gogs	1.4625
goin	1.7000
going	1.6200
goings	1.5667
goiter	1.7250
goitre	2.0583
gokey	1.5600
golay	2.3900
golconda	2.1350
gold	2.4125
goldenrod	2.4056
goldfinch	1.9978
goldfish	1.9250
goldring	2.1000
golds	2.1900
goldsmith	2.0667
goldwater	2.1611
goldwin	2.1643
golf	2.3875
golfer	2.2000
golfo	2.3000
golgotha	2.0625
goliah	2.1833
goliath	2.2429
golightly	1.9667
golliwog	2.4000
gombo	1.8400
gomes	1.6200
gomez	1.9560
gomme	2.2200
gomorrah	2.0750
gonadal	1.6071
goncharov	1.7867
gondola	2.1571
gondolas	2.1125
gondolier	2.0889
gone	1.7000
goner	1.7600
goneril	1.7929
goners	1.6833
gonfalon	2.1125
gong	1.6125
gongs	1.5500
gonna	2.2100
gonne	2.2200
gonorrhea	2.0278
gontran	2.0500
gonz	2.0075
gonzaga	2.4329
gonzago	2.4829
gonzales	2.2350
gonzalez	2.4450
good	2.2000
goodale	1.9071
goodbody	2.0688
goodby	2.2500
goodbye	2.1643
goodbyes	2.0563
goodchild	2.4144
goodhart	2.2875
goodies	1.9143
goodish	1.8643
goodlier	1.9250
goodliest	1.9222
goodly	1.9833
goodman	2.0000
goodness	2.1688
goodnight	1.9722
goodo	2.1500
goodrich	2.0038
goods	2.0200
goodwell	2.2500
goodwife	1.8813
goodwill	2.2875
goodwin	2.0429
goodwins	1.9500
goody	2.1200
gooey	2.2300
goofing	1.9357
goofy	2.1000
googling	1.8938
gooing	2.0917
gooks	2.0200
goon	2.4000
goons	2.1800
goose	2.2900
goosegog	2.1000
goosestep	2.1556
goosey	2.2083
goot	2.3750
gopal	1.8100
gophers	1.7714
goram	1.6300
gord	1.4625
gordian	1.5571
gordo	1.5600
gordon	1.6167
gore	1.6000
gored	2.3000
gores	1.5400
gorey	1.6400
gorge	2.3400
gorgeous	2.0562
gorges	2.1667
gorget	2.3333
gorgias	2.1571
gorging	2.1286
gorgo	2.4000
gorgon	2.3167
gorgonian	2.2278
gorgons	2.1714
gorilla	1.9857
gorillas	1.9625
goring	1.6000
goriot	1.7750
gorki	2.3000
gorky	1.5300
gorman	1.6583
gormand	1.5786
gorn	1.6375
gorse	1.7000
gorshin	1.6714
gort	2.2625
gorton	2.1500
gory	1.6375
gosa	1.5375
gosh	1.4625
goshawks	1.5750
goshen	1.5500
gosling	1.5286
goslings	1.5000
gospel	1.6500
gospels	1.6000
gospodin	1.6937
goss	2.0875
gossamer	1.9250
gossamery	1.9111
gosse	2.1600
gossip	2.1500
gossiped	2.4562
gossipers	1.9833
gossiping	1.9722
gossips	2.0286
gossipy	2.1000
gossoon	2.3786
gosto	1.8200
goth	1.5875
gotham	1.6250
gothard	1.6214
gothic	1.7967
gothicism	1.7256
goths	1.5300
gots	1.5875
gott	2.3375
gotta	2.1900
gotten	2.1333
gottes	2.0500
gottingen	1.9611
gouache	1.7257
gouge	1.5400
gouged	2.1333
gouger	1.6167
gougers	1.5714
gough	1.4700
gouging	1.5571
gouin	1.7600
goulash	1.6500
gould	1.5900
goulding	1.6000
goulds	1.5417
gourd	1.4700
gourds	1.4417
gourmand	1.5688
gourmands	1.5389
gourmet	1.7143
gout	1.6375
gouts	1.5700
goutte	2.0833
gouty	1.6700
gove	1.7000
govern	1.7667
governed	2.1688
governess	1.9278
governing	1.8389
governor	1.8937
governors	1.8278
governs	1.7000
gowan	1.7200
gowanus	2.4143
gowd	1.7750
gowen	1.8300
gower	1.8700
gown	1.7500
gowned	2.2917
gowns	1.6600
gracias	2.3186
gracie	2.4133
gracile	2.3686
gracing	2.2900
gracious	2.2600
grackle	2.2471
grackles	2.1288
grad	2.5000
gradation	2.2444
gradient	2.1125
grading	2.1214
gradings	2.0188
gradual	2.0571
gradually	2.2222
graduate	2.1688
graduated	2.4944
graduates	2.0722
grady	2.3600
graf	2.4750
graffiti	2.3125
graham	2.1833
grahams	2.0571
grail	2.4300
grails	2.2417
grain	2.3900
grainger	2.1125
grains	2.2083
grama	2.3600
gramarye	2.1938
gramercy	2.2163
grammars	2.4625
grammes	2.4929
grampians	2.2278
grampus	2.3571
grampuses	2.2500
grams	2.3000
granada	2.1429
granados	2.0812
granaries	2.0778
granary	2.2714
grand	2.2600
grandad	2.0714
grandaddy	2.2111
grandads	1.9750
grandam	2.1000
grandams	2.0000
granddad	2.2625
grandeur	2.4938
grandiose	2.1278
grandison	2.0111
grandly	2.0571
grandma	2.1000
grandmama	2.0111
grandmas	2.0625
grandness	2.2056
grandpa	2.1857
grandpapa	2.1444
grands	2.1000
grandsire	1.9333
grandson	2.0563
grandsons	1.9722
grange	2.1917
granger	2.1643
granita	2.3357
granite	2.3429
granites	2.2125
granitic	2.2975
grant	2.4000
grantees	2.3875
grantham	2.0875
granting	2.1063
grants	2.2167
granville	2.3556
grape	2.4900
grapery	2.3214
grapes	2.2917
grapeshot	2.1778
grapevine	2.2833
grapey	2.3750
graph	2.4200
graphic	2.3614
graphics	2.2288
graphite	2.2500
graphs	2.2333
grapnel	2.2357
grapnels	2.1188
grapples	2.4938
grappling	2.4278
grasping	2.1813
grasps	2.3167
grassfire	2.2556
grassing	2.3563
grassland	2.2000
grassless	2.4500
grateful	2.2563
grater	2.4417
grates	2.3250
gratia	2.3750
gratiano	2.3875
gratified	2.4500
gratifies	2.0278
gratify	2.2071
grating	2.2643
gratingly	2.1056
gratings	2.1438
gratis	2.3250
gratuity	2.2812
gratulate	2.2722
gravel	2.3417
graveling	2.1000
gravelly	2.4563
gravels	2.1929
gravely	2.2643
graven	2.4250
graveness	2.3667
graver	2.4583
gravers	2.2929
graves	2.3417
gravesend	2.1556
graveside	2.4944
gravesite	2.1278
gravest	2.3786
graveyard	2.1722
gravid	2.2917
gravies	2.2286
graving	2.2643
gravities	2.1167
graviton	2.2875
gravity	2.3214
gravure	2.2357
grayback	2.2225
graybacks	2.1200
graybeard	2.1167
grayer	2.3083
grayest	2.2500
graying	2.2214
grayish	2.1357
grayling	2.1438
grays	2.3000
grayson	2.1929
grease	2.3833
greaser	2.3286
greasers	2.2000
greases	2.2286
greasiest	2.1167
greasily	2.1750
greasing	2.0875
greasy	2.2750
greatcoat	2.3200
greate	2.3833
greater	2.3286
greatest	2.2750
greatly	2.2500
greatness	2.3556
greats	2.3250
greaves	2.2429
grebes	2.4500
greeks	2.5000
greeley	2.4786
greenback	2.4422
greenbush	2.2889
greencard	2.3756
greenery	2.4813
greenest	2.4937
greenish	2.4688
greenland	2.3333
greenleaf	2.3611
greenough	2.3944
greenwich	2.3644
greeting	2.4688
greetings	2.3389
grego	2.5000
gregoire	2.1625
gregor	2.3333
gregorian	2.1167
gregorius	2.0500
gregory	2.2571
gremlins	2.1500
grenadier	2.0833
grenadine	2.0722
grenoble	2.2938
grenville	2.3611
gresham	2.0643
gretchen	2.1975
grete	2.4800
gretel	2.2833
gretna	2.3583
greybeard	2.1222
greying	2.2286
greyish	2.1429
greylag	2.2500
grid	2.3875
griddle	2.3000
gridiron	2.0687
gridley	2.0429
gridlines	1.9278
grids	2.1700
grief	2.3800
griefs	2.2000
grier	2.4200
grierson	2.1562
grieve	2.4583
grieves	2.2929
grieving	2.2313
grievous	2.2188
griffin	2.3571
griffins	2.2250
griffith	2.2125
griffiths	2.1111
grig	2.4375
griggs	2.4750
grigoriy	2.0812
grigory	2.1429
grilling	2.4000
grilse	2.3833
grimacing	2.1756
grimalkin	2.4333
grime	2.4000
grimes	2.2167
grimiest	2.3312
griminess	2.4167
grimley	2.2714
grimly	2.3750
grimoire	2.2750
grind	2.2900
grindin	2.1429
grinding	2.0375
grinds	2.1250
gringo	2.2667
gringos	2.1286
grins	2.3300
grinstein	2.1611
gripes	2.3833
griping	2.3143
gripsack	2.2662
gripsacks	2.1589
gris	2.4375
grise	2.4400
griselda	2.0250
grisha	2.1083
grisi	2.2800
grisly	2.1417
grist	2.4700
gristle	2.1857
grits	2.3100
gritting	2.4250
groan	2.4300
groaning	2.2625
groanings	2.1556
groans	2.2417
groats	2.3750
grogan	2.2417
groggery	2.4125
groggily	2.4250
grogshop	2.2875
groin	2.4600
groins	2.2667
grok	2.4625
groomsmen	2.4056
gropes	2.4333
groping	2.3571
gropingly	2.1778
gropings	2.2250
grosbeaks	2.0778
groschen	2.1975
grossly	2.4214
grossman	2.3813
grossness	2.4889
grosvenor	2.3056
grotesque	2.1167
grots	2.3700
grottoes	2.4688
grouch	2.2550
grouping	2.2500
groupings	2.1444
groups	2.4083
grouse	2.3333
grousing	2.0500
grout	2.4100
grouty	2.3083
grove	2.4600
grovel	2.2667
groveling	2.0500
groves	2.2667
grower	2.4750
growers	2.3071
groweth	2.3500
growin	2.3750
growing	2.2214
growl	2.4000
growler	2.2357
growlers	2.1188
growling	2.1063
growls	2.2167
grown	2.5000
growth	2.3833
growths	2.2286
grubbing	2.4813
gruber	2.3583
grubs	2.3400
grudge	2.1417
grudges	2.0214
grudging	2.0063
grue	2.4875
gruel	2.2500
gruelling	2.2111
gruesome	2.0938
gruffest	2.2938
gruffly	2.2714
gruffness	2.3722
gryphon	2.4929
gryphons	2.3438
guam	1.5500
guanaco	1.7900
guano	1.8500
guapa	1.6800
guapo	1.7500
guarantee	1.9667
guarantor	1.7056
guaranty	1.7125
guard	1.5600
guardant	1.6250
guardedly	2.4056
guardia	1.5786
guardian	1.6063
guardians	1.5722
guarding	1.5813
guardini	1.7625
guardino	1.8000
guardo	1.6250
guardrail	1.7167
guardroom	2.0444
guards	1.5167
guardsman	1.5889
guardsmen	1.5944
guatemala	1.6611
guava	1.7200
guavas	1.7333
guayabera	1.7833
guayaquil	2.2167
guaymas	2.4143
gubbins	2.0500
gudgeon	1.6000
gudgeons	1.5625
gudin	1.4900
gudrun	2.5000
guelph	1.7083
guelphs	1.6500
guerdon	1.6286
guerilla	1.9500
guernsey	1.7250
guerra	2.0083
guerre	2.0167
guerrera	1.9625
guerrier	1.9688
guerriere	1.9333
guerrilla	2.1778
gues	1.4375
guess	1.9100
guessable	1.8889
guessed	2.4429
guesser	2.0000
guesses	1.9000
guessin	1.8714
guessing	1.8000
guesswork	2.2278
guest	1.6700
guestroom	2.2944
guests	1.6083
guevara	1.8357
guffaw	1.9417
guffawed	2.3625
guffawing	1.8333
guffaws	2.4214
guiana	1.6583
guichard	1.6538
guid	1.5125
guidance	2.3225
guide	2.3400
guidebook	2.4889
guideline	2.0222
guider	2.2833
guides	2.1667
guidi	1.5400
guiding	1.5571
guido	1.6000
guidon	1.6500
guidons	1.6000
guidos	1.5500
guienne	2.0500
guignol	2.3429
guild	1.6300
guilders	2.1375
guildford	1.5778
guildhall	1.7944
guilds	1.5750
guile	1.7400
guileful	1.7625
guileless	1.8611
guiles	1.6667
guilford	1.5750
guillermo	2.1500
guillotin	2.4611
guilt	1.7700
guiltier	1.7688
guiltiest	1.7833
guiltily	1.8000
guiltless	1.8778
guilts	1.6917
guilty	1.7750
guimet	1.8000
guinea	1.6833
guineas	1.7000
guinevere	1.8667
guinness	2.2375
guipuzcoa	2.0289
guisado	1.6286
guise	1.7400
guises	1.6667
guitar	1.7750
guitarist	1.8000
guitars	1.7071
guiteau	1.6429
guizot	1.9300
gulch	1.6360
gulches	1.5900
guldens	2.1071
gules	1.5700
gulf	1.4750
gulfs	1.4400
gulfweed	2.4062
guli	1.6375
gull	2.1750
gullah	1.9333
gullet	2.1083
gullets	1.9929
gulley	2.0250
gullible	1.9250
gullies	1.9000
gulling	1.9357
gulliver	1.9875
gulls	2.0000
gully	2.1000
gulp	2.0250
gulped	2.4750
gulping	1.8500
gulps	1.8800
guly	1.6750
gunbelt	2.4357
gunboats	2.4562
gundog	2.4083
gunfight	2.1438
gunfights	2.0500
gunfire	2.2714
gunflints	2.1167
gunshot	2.4643
gunshots	2.3188
gunsight	2.1813
gunsights	2.0833
gunsmith	2.3813
gunsmiths	2.2611
gunsmoke	2.3750
gunwale	2.3714
gunwales	2.2375
gurdy	1.4400
gurgle	2.0917
gurgles	1.9786
gurgling	1.9688
gurk	1.3500
gurkhas	1.4429
gurls	1.3800
gurman	1.5833
gurnard	1.5857
gurnemanz	1.7589
gurney	1.5917
gurneys	1.5500
gurry	2.0200
guru	1.4500
gusano	1.7583
gush	1.3500
gushed	2.0250
gusher	1.5083
gushers	1.4786
gushes	1.3917
gushing	1.5786
gushingly	1.5722
gusset	2.1083
gusseted	2.4250
gussets	1.9929
gust	1.6750
gusta	1.6600
gustaf	1.6333
gustan	1.6833
gustatory	1.7944
gustav	1.8167
gustave	1.8071
gustavo	1.8357
gustavus	1.7125
gusted	2.2417
gustily	1.7500
gusting	1.6500
gusto	1.7300
gusts	1.6000
gusty	1.7000
gute	1.5625
gutenberg	2.1333
guthrie	1.5286
guts	1.4750
gutshot	1.6786
gutsy	1.5400
gutta	2.1000
gutter	2.0917
guttered	2.4125
guttering	1.9333
gutters	1.9786
gutting	1.9643
guttural	1.8500
gutturals	1.7889
guvnor	1.8250
guys	2.1000
guzman	1.8133
guzzle	2.3350
guzzlers	2.1638
guzzling	2.1513
gwalior	1.6786
gwen	1.8000
gwendolen	2.1111
gwine	1.6900
gyges	1.4700
gypsies	1.7000
gypsy	1.8200
gypsyish	1.7313
gypsys	1.7333
gyptian	1.8357
gyrated	2.2214
gyrating	1.7063
gyration	1.8500
gyrations	1.7889
gyratory	1.7563
gyre	1.5625
gyroscope	1.9033
gyrus	1.4800
gyve	1.6625
gyved	2.3500
gyves	1.5900
haah	2.0750
haarlem	2.0071
haas	2.2000
habe	1.8875
habeas	1.8250
haben	1.8700
haber	1.9100
habergeon	2.2611
habit	1.8500
habitable	1.8556
habitant	1.8063
habitat	1.9214
habitats	1.8438
habited	2.2857
habits	1.7583
habitual	1.7063
habitude	2.1875
habitudes	2.0889
habitus	1.7214
habla	1.7400
hablan	1.7500
hablar	1.8333
hablas	1.7500
hable	1.7500
habsburg	2.2875
habsburgs	2.1778
hachette	2.1100
hachures	2.1162
hacienda	1.6850
haciendas	1.6978
haciendo	1.7288
hack	1.6950
hackamore	1.8200
hackberry	2.0478
hacked	2.2550
hackers	1.6757
hacket	1.7883
hackett	2.1471
hacking	2.2329
hackings	2.1163
hackle	1.7050
hackles	1.6471
hackman	1.7114
hackney	1.7186
hackneyed	2.0867
hacks	1.6160
hacksaw	1.7757
hackwork	1.6600
hadad	1.5400
hadal	1.4800
hadd	2.0250
haddock	1.8757
haddocks	1.8037
haddy	1.9800
hades	2.2900
hadji	1.5900
hadjis	1.5417
hadley	1.5417
hadn	1.5750
hadnt	1.6200
hadrian	1.6929
hadron	1.7750
hadrons	1.7071
hadst	1.6800
haeg	1.8625
haeres	1.7167
haff	1.9750
hafiz	1.7860
hafta	2.3600
hagan	1.6200
hagar	1.7200
hagen	1.6300
hagens	1.5750
hager	1.6700
haggadah	1.8250
haggard	1.9286
haggardly	1.8444
haggish	1.8214
haggle	1.9083
haggled	2.3643
haggles	1.8214
haggling	1.8313
hags	1.5000
hague	1.5700
haha	1.4500
haie	1.5500
haight	1.4917
haiku	2.2300
hail	1.6625
hailed	2.2333
hailer	1.7167
hailing	1.6429
hails	1.5900
hailstone	1.7833
hailstorm	1.7556
hain	1.6125
haines	1.5667
haint	1.6500
haiphong	1.8375
hair	1.5125
haircut	1.6329
haircuts	1.5913
hairdo	1.5167
hairdryer	1.6556
haired	2.1333
hairless	1.7625
hairline	1.5688
hairnets	1.6375
hairpin	1.7143
hairpins	1.6625
hairs	1.4700
hairspray	1.6278
hairy	1.5700
haiti	1.6000
haitian	1.6286
haja	1.3750
haji	1.5875
hajime	1.6500
hake	1.4125
hakluyt	1.9143
halb	1.5750
halberd	1.5929
halberds	1.5563
halcyon	1.7614
haldin	1.4750
hale	1.4625
haleakala	1.4500
haled	2.1900
hales	1.4300
half	1.3000
halfhour	1.5312
halfman	1.4857
halfmoon	2.0500
halfpence	2.2422
halfway	1.5071
halfwit	1.5143
halibut	1.6071
halidom	1.5429
halifax	1.6557
haling	1.5083
halitosis	1.5389
halkett	1.9357
hall	2.0000
hallam	1.9000
halle	1.9300
halliards	1.7722
halliday	1.7688
halliwell	2.0944
hallmark	1.8500
hallmarks	1.7889
halloing	2.3500
halloran	2.3563
hallowing	2.3056
hallowmas	2.3444
halls	1.8600
hallward	1.8687
hallway	1.9071
hallways	1.8313
halma	1.5200
halms	1.4600
haloes	2.1833
halos	2.2900
halp	1.8500
halpin	1.8250
hals	1.3750
halsey	1.6250
halt	1.5000
halted	2.1250
halter	1.6083
haltered	2.0500
halters	1.5643
halting	1.5500
haltingly	1.5500
halts	1.4600
halvah	1.4833
halve	1.5500
halved	2.1417
halvers	1.5786
halves	1.5083
halving	1.5500
halyard	1.5714
halyards	1.5375
hamadryad	1.6889
haman	1.6200
hamburg	2.1571
hamburger	2.0833
hames	1.5300
hamet	1.7300
hamilton	1.9000
hamiltons	1.8333
hamlet	1.7917
hamlets	1.7214
hamley	1.7083
hamm	2.2500
hammam	2.0667
hammer	2.1083
hammered	2.4250
hammering	1.9444
hammers	1.9929
hammett	2.4643
hamming	2.1357
hammock	2.1614
hammocks	2.0537
hammond	2.1500
hamnet	2.1583
hamo	1.9375
hamor	1.8500
hampden	2.3929
hamper	1.9750
hampered	2.3250
hampers	1.8786
hampshire	1.8222
hampstead	1.8833
hampton	1.9786
hamrick	1.5614
hams	1.5000
hamstring	1.9389
hanaper	1.7643
hanbury	1.6571
hanc	1.6700
hancock	1.6729
hand	1.4500
handaxe	1.8986
handaxes	1.8238
handbag	1.7286
handball	1.9250
handbell	1.9438
handbill	2.0312
handbills	1.9500
handblown	2.1889
handbook	2.0250
handbrake	2.2278
handcar	2.2400
handcart	2.4975
handclasp	2.0978
handcuff	2.2225
handcuffs	2.1200
hande	2.2900
handedly	2.4563
handel	2.1250
hander	2.2417
handers	2.1071
handful	1.5571
handfull	1.8375
handfuls	1.5250
handheld	1.3938
handhold	2.0312
handholds	1.9500
handicap	1.6788
handier	1.5857
handiest	1.6250
handily	1.6214
handiness	1.7889
handing	1.5214
handiwork	1.5500
handle	1.4583
handled	1.9786
handler	1.5357
handlers	1.5063
handles	1.4357
handless	1.7313
handley	1.5071
handling	1.4938
handmade	2.0563
handmaid	1.4938
handmaids	1.4722
handout	1.5786
handouts	1.5438
handprint	1.6722
handrail	1.6813
handrails	1.6389
hands	1.4200
handsaw	1.6357
handsel	1.5500
handshake	1.4167
handsome	1.5750
handsomer	1.6222
handspike	1.9889
handtools	2.3778
handwoven	1.6722
handwrite	1.6500
handy	1.5200
handyman	2.2875
handywork	1.5667
haney	1.6300
hanford	1.4643
hang	1.5000
hangdog	1.4786
hanged	2.1250
hanger	1.6083
hangers	1.5643
hangin	1.5917
hanging	1.5500
hangings	1.5188
hangman	1.6000
hangmen	1.6071
hangnail	1.6438
hangouts	1.5688
hangover	1.6875
hangovers	1.6444
hangs	1.4600
hank	1.6500
hanker	1.7083
hankered	2.1250
hankerin	1.7250
hankering	1.6778
hanks	1.5800
hanlon	2.4417
hanna	2.1200
hannah	1.9833
hanner	2.1083
hannibal	2.0938
hannigan	2.0563
hanno	2.4100
hanover	1.9000
hans	1.5000
hanse	1.6900
hansel	1.6250
hansen	1.7083
hansom	1.6417
hansoms	1.5929
hant	1.6250
hants	1.5600
hanukah	2.3571
hapless	1.9071
haply	1.6800
happen	2.2750
happenin	2.2875
happening	2.1778
happens	2.1357
happier	2.2143
happies	2.1143
happiest	2.1750
happily	2.2500
happiness	2.2778
happing	2.1500
happy	2.4000
haps	1.6500
hapsburg	2.2250
hara	1.7000
harakiri	2.0875
haran	1.7200
harangue	1.6313
harangued	2.0167
harangues	1.5944
harass	2.0667
harassed	2.4937
harassing	1.9167
harbinger	2.3667
harbison	2.4500
harborage	2.3667
harborer	2.4875
harboring	2.3444
harbours	2.3813
harcourt	2.0663
harcourts	1.9811
hard	1.5750
hardass	1.9286
harde	2.3900
harden	2.2917
hardening	2.1889
hardens	2.1500
harder	2.3250
hardest	2.2643
hardhat	1.6857
hardier	1.6571
hardiest	1.6875
hardihood	1.9500
hardiness	1.8444
harding	1.5929
hardings	1.5563
hardly	1.5667
hardness	1.8563
hardon	1.6917
hardpan	1.7286
hardship	1.7812
hardships	1.7278
hardtack	1.7975
hardware	1.7250
hardwick	1.6225
hardwicke	1.6256
hardwood	1.9688
hardwoods	1.8944
hardy	1.6200
hardys	1.5667
hare	1.7125
harebell	2.1125
harebells	2.0222
harelip	1.8143
harelips	1.7500
harem	1.7300
harems	1.6583
hares	1.6300
harfleur	2.0187
harford	2.1071
hari	1.7125
hark	1.5750
harked	2.1750
harkee	2.0167
harking	2.1643
harkness	1.8563
harlan	1.6500
harlem	1.6583
harlequin	1.7889
harley	1.6583
harlot	2.3750
harlots	2.2214
harm	1.7500
harman	1.7333
harmed	2.2917
harmful	1.6571
harmfully	1.9111
harming	1.8500
harmless	1.9813
harmon	1.9917
harmonic	2.0850
harmonics	1.9978
harmonies	1.9611
harmonise	2.0500
harmonize	2.2589
harms	1.6600
harness	1.9643
harnessed	2.3667
harnesses	1.9444
harney	1.7417
harnick	1.8329
harold	2.2583
harolds	2.1214
harp	1.9000
harpe	1.8500
harped	2.3917
harper	1.8750
harpers	1.7929
harpie	1.8167
harpies	1.7429
harping	1.7786
harpist	1.8786
harpoon	2.2714
harpooner	2.1722
harpoons	2.1500
harps	1.7800
harpy	1.8800
harre	2.1700
harridan	1.9188
harridans	1.8500
harriers	1.9750
harriet	2.1143
harriman	2.0188
harris	2.0250
harrises	1.9875
harrison	2.0000
harro	2.2300
harrod	2.0417
harrods	1.9357
harrogate	2.0333
harrow	2.1833
harrowing	1.9944
harry	2.2000
harrying	2.0438
harrys	2.0500
hars	1.6250
harsh	1.5600
harshened	2.0000
harsher	1.6357
harshest	1.6688
harshly	1.6286
harshness	2.2611
hart	2.3750
harte	2.2300
hartford	2.3813
hartlib	2.0786
hartman	2.1000
harto	2.2900
harts	2.1600
hartshorn	2.0167
hartwell	2.3375
harty	2.2600
hartz	2.4960
harvard	2.5000
harvester	2.4222
harvests	2.4313
harveys	2.4786
hash	1.5000
hashed	2.1250
hashimoto	1.9056
haskell	1.7929
haskins	2.0929
hasn	1.6250
hasnt	1.6600
hasp	1.7750
hasps	1.6800
hassle	1.9083
hassock	1.9329
hassocks	1.8538
hasson	2.0583
hast	1.8250
hasta	1.7800
haste	1.7900
hasted	2.3417
hasten	1.7917
hastened	2.1875
hastening	1.8556
hastens	1.7214
hastes	1.7083
hastier	1.8000
hastily	1.8357
hastiness	1.9556
hasting	1.7357
hastings	1.6813
hasty	1.8200
hatch	1.7760
hatcheck	2.3887
hatched	2.2329
hatchery	1.7913
hatches	1.6900
hatchet	1.8329
hatchets	1.7663
hatching	1.8163
hatchings	1.7589
hatchling	1.7256
hatchment	2.2144
hatchway	1.7788
hatchways	1.7256
hate	1.7875
hated	2.4500
hateful	1.7929
hatefully	2.0167
hater	1.8300
haters	1.7417
hates	1.6900
hateth	1.7917
hatfield	2.0250
hatful	2.3500
hath	1.7000
hathaway	1.8187
hathi	1.8500
hathorne	1.8125
hathway	1.7357
hating	1.7250
hatless	1.9357
hatmaker	1.7063
hatpin	1.9083
hatrack	2.1400
hats	1.7000
hatta	2.2800
hatten	2.2083
hatter	2.2417
hatteras	2.1063
hatters	2.1071
hattie	2.1833
hattin	2.2250
hatto	2.3500
hatton	2.2750
hauberk	1.6214
hauberks	1.5813
hauck	1.4960
haud	1.3750
hauf	1.3500
haught	1.4667
haughtier	1.5667
haughtily	1.5944
haughty	1.5143
haul	1.6250
haulage	1.6500
hauled	2.2083
haulin	1.6750
hauling	1.6214
hauls	1.5600
haunch	2.4967
haunches	2.2412
haunter	2.4500
haunters	2.3063
haunting	2.2938
hauntings	2.1833
haunts	2.4667
hauptmann	2.0667
hauraki	2.0357
haus	1.4250
hauser	1.6917
hausman	1.5571
haut	1.5500
hautbois	2.3375
hautboys	2.3563
haute	1.5700
hauteur	1.5500
hauts	1.5000
havana	1.7500
havanna	2.1143
have	1.8125
haveing	1.7286
havelock	2.1975
havemeyer	1.7944
haven	1.8100
havens	1.7250
havent	1.8083
haver	1.8500
haverhill	2.1000
havers	1.7583
haveto	1.9167
havildar	1.7812
havin	1.8100
having	1.7250
havoc	1.8860
hawaian	1.7571
hawaii	2.1750
hawaiian	2.0563
hawaiians	1.9722
haweis	1.7917
hawing	1.7500
hawk	1.6875
hawkbill	2.0500
hawke	1.6800
hawked	2.2500
hawker	1.7333
hawkers	1.6714
hawkey	1.7000
hawkeye	1.6929
hawking	2.2286
hawkins	2.2286
hawkish	2.1429
hawkman	1.7071
hawkmoth	1.8375
hawks	1.6100
hawkwood	2.0250
haworth	2.1000
hawsers	2.3857
hawthorn	1.9125
hawthorne	1.8833
hawthorns	1.8444
hawtrey	2.2000
haycocks	1.6262
haydn	1.5200
haydon	1.6083
haye	1.5875
hayes	1.5300
hayfever	1.7500
hayfields	1.4111
hayforks	1.4438
haying	1.6750
haymakers	2.1833
haymarket	2.3278
haynes	2.4917
hayrick	1.5614
hays	1.5000
hayseeds	2.3750
haystack	1.7600
haystacks	1.7089
hayward	1.6643
haywood	2.0214
hazing	2.4383
head	1.5375
headache	1.6850
headaches	1.6422
headband	1.6938
headboard	1.7778
headdress	2.0889
heade	2.3600
headedly	2.5000
header	2.3000
headers	2.1571
headfirst	1.6333
headgear	1.6875
headier	1.6357
headin	1.6167
heading	1.5714
headings	1.5375
headlamp	1.7938
headlamps	1.7389
headland	1.4938
headlands	1.4722
headless	1.7750
headley	1.5571
headlight	1.5000
headline	1.5813
headliner	1.6278
headlines	1.5500
headlong	2.0750
headman	1.6214
headmen	1.6286
headmost	1.8625
headrail	1.7250
headrest	1.7500
headroom	2.0938
heads	1.4900
headset	1.7429
headshake	1.4556
headship	1.7625
headsman	1.5813
headsmen	1.5875
headstall	1.8611
headstone	1.7278
headway	1.6429
headwinds	1.5611
heady	1.5900
heah	1.4625
heal	1.4625
healed	2.1000
healer	1.5833
healey	1.5500
healin	1.5667
healing	1.5286
heals	1.4300
health	1.4917
healthful	1.5056
healthier	1.6722
healthily	1.7000
healths	1.4643
healthy	2.1071
healy	1.5300
heap	1.7375
heaped	2.2833
heaping	1.6857
heaps	1.6500
hear	1.7125
heard	1.5900
heare	1.7000
hearer	1.7500
hearers	1.6857
hearest	1.7714
heareth	1.7286
hearin	1.7333
hearing	1.6714
hearings	1.6250
hearken	1.6286
hearkened	2.0167
hearkens	1.5875
hearn	1.7300
hears	1.6300
hearsay	1.6500
hearse	1.7667
hearses	1.7000
hearst	1.7917
heart	2.2300
heartache	2.0533
heartedly	2.3333
hearten	2.0857
heartened	2.3722
heartens	1.9875
heartfelt	2.3222
hearth	2.0750
hearthrug	1.8611
hearths	1.9643
heartier	2.0562
hearties	1.9688
heartiest	2.0389
heartily	2.0875
heartless	2.1333
heartly	2.0357
hearts	2.0750
heartsick	1.9089
hearty	2.1583
heat	1.7875
heated	2.3167
heatedly	2.1250
heater	1.8000
heaters	1.7286
heath	1.6900
heathen	1.7000
heathens	1.6500
heather	1.7286
heathery	1.7375
heathy	2.3750
heatin	1.7833
heating	1.7143
heatless	1.9000
heats	1.6900
heatwave	1.8813
heatwaves	1.8167
heav	1.7875
heave	1.7800
heaved	2.3333
heaven	1.7833
heavenly	1.8250
heavens	1.7143
heaver	1.8167
heavers	1.7429
heaves	1.7000
heavey	1.7833
heavier	1.7786
heaviest	1.7938
heavily	1.8143
heaviness	1.9389
heaving	1.7143
heavy	1.7900
heavyish	1.7125
heavyset	1.8750
hebe	1.9750
heber	1.9800
hebetude	2.3063
hecatombs	2.4311
hecklers	2.2850
heckling	2.2725
hectoring	2.4033
hedge	2.3000
hedgehog	2.1063
hedgehogs	2.0167
hedgerow	2.1750
hedges	2.1333
hedin	2.3200
hedison	2.1214
hedonism	2.2188
hedonists	2.2056
hedron	2.3667
hedwig	2.1583
heedful	2.4714
heeding	2.4357
heehaw	2.1250
heel	2.1000
heeler	2.0083
heelers	1.9071
heeling	1.8929
heelless	2.3688
heels	1.9400
heem	2.2250
heenan	2.0500
hees	2.1000
heffernan	1.9000
hefting	2.2000
hefts	2.3700
hefty	2.4700
hegarty	2.1500
hegel	1.6000
hegelian	1.6313
hegira	1.6333
hegiras	1.6571
heiau	1.5400
heid	1.4250
heidegger	2.3222
heifer	1.5417
heifers	1.5071
heigh	1.4400
height	1.5000
heighten	1.5563
heightens	1.5278
heights	1.4714
heil	1.6750
hein	1.6250
heine	1.6300
heineken	1.5875
heinemann	1.9611
heinous	1.7643
heinously	1.7167
heinrich	1.6162
heir	1.5250
heiress	1.8357
heiresses	1.8444
heirless	1.7688
heirloom	2.4625
heirlooms	2.3333
heirs	1.4800
heirship	1.7563
heiser	1.7250
heist	1.7000
heisted	2.1786
helaman	1.5786
helas	1.5300
held	1.3375
helen	1.5400
helena	1.5500
helene	1.5583
helenus	2.2857
helical	1.5400
helicon	1.6757
helicons	1.6288
helion	1.7083
helium	2.4500
helix	1.6480
hell	2.0125
hellas	1.9083
hellbound	2.4444
hellebore	2.0000
hellenic	2.0288
hellenism	1.9278
heller	1.9500
hellfire	1.7312
hellgate	1.9000
hellhole	2.3813
hellholes	2.2611
helling	1.8429
hellion	2.0071
hellions	1.9187
hellish	1.7571
hellishly	1.7667
hells	1.8700
helluva	1.8500
helm	1.5125
helmed	2.1333
helmet	1.6667
helmeted	2.0938
helmets	1.6143
helms	1.4700
helmsman	1.5688
helmsmen	1.5750
heloise	2.2286
helot	2.4000
helots	2.2167
help	1.8625
helpe	1.8200
helped	2.3667
helper	1.8500
helpers	1.7714
helpful	1.7214
helpfully	1.9611
helpin	1.8333
helping	1.7571
helpings	1.7000
helpless	1.9375
helpmate	1.9000
helpmeet	2.1813
helps	1.7500
helt	1.5125
helter	1.6167
helve	1.5600
helvellyn	2.4444
helves	1.5167
helvetia	1.6687
hely	1.5125
hemans	1.5750
hematite	1.7563
hemi	1.8750
hemicycle	1.8011
hemingway	1.7833
hemlock	2.2686
hemlocks	2.1475
hemm	2.2625
hemming	2.1429
hemos	1.8200
hemostat	1.9875
hemostats	1.9111
hemp	2.0625
hempen	1.9500
hems	1.5125
henbane	1.7000
henchman	2.1538
henchmen	2.1600
henchy	2.3050
henckels	1.5100
hender	2.2500
henderson	2.0722
hendon	1.6167
hendrick	1.6100
hendricks	1.5756
hendrik	2.1286
heneage	1.6357
henery	1.7000
henhouse	2.2563
henhouses	2.1500
henkin	2.3667
henle	1.7000
henley	1.7167
henna	2.1300
henner	2.1167
hennery	2.0714
hennessey	2.2278
hennessy	2.2000
henri	1.5800
henricus	1.5850
henrietta	1.9722
henrik	2.1667
henrique	1.6813
henry	1.6100
henrys	1.5583
hens	1.5125
henson	1.6500
hent	1.6375
henton	1.7333
hepatitis	1.7722
heptads	1.6643
hepzibah	1.8600
hera	1.6375
herakles	1.5500
herald	1.4917
heralded	2.4625
heraldic	1.5725
heralding	1.5333
heraldist	1.6111
heraldry	1.6313
heralds	1.4643
heraus	1.5583
herbalist	2.3333
hercule	1.7543
herculean	1.7422
hercules	1.6975
herd	1.5125
herder	2.2833
herders	2.1429
herding	1.5571
herds	1.4700
herdsman	1.5688
herdsmen	1.5750
here	1.6500
hereabout	1.8167
hereafter	2.1278
hereat	1.8000
hereby	1.9333
heredia	2.1357
heredity	2.1188
hereford	1.6187
herefords	1.5833
herein	1.6917
hereof	1.5917
hereon	1.7417
heres	1.5800
heresies	1.5625
heresy	1.6167
heretic	1.7900
heretical	1.7144
heretics	1.7288
hereto	1.8083
hereunto	2.3937
hereupon	1.8562
herewith	1.6625
herford	2.0714
herit	1.6800
heritable	1.7611
heritage	1.6813
heritor	1.6929
heritors	1.6438
herkimer	2.1562
herkomer	1.7938
herky	1.5700
herman	1.6917
hermana	1.6786
hermanas	1.6938
hermann	2.0643
hermano	1.8857
hermanos	1.8125
hermes	1.6167
hermetic	1.7913
hermia	1.8500
hermione	1.9375
hermit	1.8833
hermitage	1.8167
hermits	1.8000
hermon	1.9500
hermosa	1.8143
hern	1.6875
hernandez	2.2089
hernani	1.8429
herndon	1.6714
herne	1.6800
hernia	1.8500
hero	1.7250
herod	1.6000
herodias	1.6313
herodotus	1.6167
herods	1.5500
heroes	1.6417
heroic	1.7550
heroical	1.6788
heroics	1.6900
heroin	1.7417
heroine	1.7286
heroines	1.6750
heroism	1.6643
herold	2.2167
heron	1.7600
herons	1.6833
heros	1.6400
herr	2.2375
herren	2.0667
herrera	2.0286
herrero	2.0786
herrick	1.9543
herring	1.9714
herrings	1.8875
herriot	2.1214
herrman	2.0214
herry	2.1500
hers	1.5625
herschel	1.6600
herse	1.7400
hersel	1.6667
herself	1.5714
hershey	1.5714
hertford	2.3500
hertwig	2.0214
hertz	2.4460
herz	1.9825
herzen	2.0800
herzog	1.8633
heseltine	1.6667
hesiod	1.5750
hesitancy	1.6533
hesitant	1.6125
hesitate	1.6938
hesitated	2.0722
hesitates	1.6500
hesperia	1.6938
hesperus	1.6375
hess	2.0125
hesse	2.1000
hessen	2.0500
hessian	1.8714
hessians	1.8000
hest	1.7125
hester	1.7500
heterodox	1.8044
hetfield	1.9938
heth	1.6375
hetman	1.7417
hettie	2.1417
hetty	2.2700
heuer	1.6200
heure	1.5200
heures	1.4833
heureux	1.6343
heusen	1.6667
heute	1.5800
hewed	2.4300
hewer	1.8100
hewers	1.7250
hewes	1.6700
hewett	2.2750
hewing	1.6250
hewn	1.6750
hexads	1.6483
hexagon	1.8057
hexagonal	1.7267
hexameter	1.8211
hexapods	1.7175
hexen	1.9880
heyday	1.5417
heydrich	1.6350
heyo	1.8000
heyst	1.7300
heywood	2.0286
hezekiah	2.2913
hiatus	1.7917
hiawatha	1.9000
hibernate	1.9167
hibernia	1.9688
hibernian	1.9500
hibiscus	1.7975
hiccough	2.0325
hiccup	2.4350
hiccups	2.2729
hich	1.7575
hick	1.7075
hickey	1.7133
hickeys	1.6543
hickman	1.7186
hickories	1.7422
hickory	1.8400
hicks	1.6260
hidalgo	1.5714
hidalgos	1.5375
hideaway	2.2812
hideous	2.1786
hideously	2.0389
hideout	2.2500
hider	2.5000
hiders	2.3000
hides	2.3600
hidin	1.6800
hiding	1.6167
hidy	1.6625
hiemal	1.6833
hier	1.8500
hierarchy	2.2756
hieratic	1.9038
hies	1.6750
hifalutin	1.6111
higbie	2.4083
higgins	1.9571
higginson	1.9500
higgledy	2.3375
higgling	1.8750
higgs	2.0300
high	1.5875
highback	1.7412
highball	1.8938
highballs	1.8278
highboy	1.7429
highbrow	2.4187
highchair	1.5978
highclass	1.8700
highend	1.5571
higher	1.6667
highest	1.7000
highfield	1.4500
highfive	1.5688
highish	1.6286
highland	1.5813
highlands	1.5500
highly	1.6583
highness	2.3625
highpoint	1.8722
highpower	1.9556
highroad	1.6250
highroads	1.5889
hight	1.6300
hightest	1.7125
hightop	1.8571
hightower	1.8000
highwater	1.7944
highway	1.6714
highways	1.6250
hija	1.5875
hijo	1.8750
hijos	1.7600
hiker	2.5000
hikers	2.3000
hikes	2.3600
hilarious	1.8500
hilarity	1.8750
hilary	1.9250
hilbert	2.2857
hild	1.7375
hilda	1.7100
hildegard	2.1889
hilding	1.6857
hildy	1.7500
hill	2.4125
hillard	2.0929
hillary	2.1929
hillbilly	2.3444
hillcrest	2.1978
hilling	2.0714
hillman	2.1214
hillocks	2.4975
hills	2.1900
hillside	2.4188
hillsides	2.2944
hilltop	2.3286
hilltops	2.2000
hilly	2.2900
hillyer	2.1571
hilt	1.9125
hilted	2.4000
hilton	1.9167
hilts	1.7900
himalayan	1.7056
himalayas	1.7056
himmel	2.1500
himmler	2.2429
himself	1.6714
hina	1.8125
hinckley	1.7475
hind	1.6875
hindemith	2.2278
hinder	2.4000
hindering	2.1389
hinders	2.2429
hindfoot	2.0562
hindhead	1.6125
hindleg	1.6857
hindlegs	1.6375
hindmost	1.9375
hindoo	2.1917
hindoos	2.0643
hindostan	1.7778
hindrance	2.3978
hinds	1.6100
hindu	1.6500
hindus	1.5917
hindustan	1.7278
hindwing	1.6938
hindwings	1.6500
hine	1.8250
hines	1.7200
hing	1.7375
hinge	1.7200
hinged	2.2833
hinges	1.6500
hingham	1.6643
hingston	1.8375
hinkle	1.8333
hinksey	1.8714
hinnom	2.4833
hino	2.1750
hint	1.8625
hinted	2.3667
hinting	1.7571
hints	1.7500
hipbone	2.0357
hipbones	1.9438
hippies	2.3071
hippos	2.4667
hips	1.9875
hipshot	1.9714
hipster	2.0286
hiram	1.7300
hire	1.7250
hired	2.4000
hireling	1.6313
hirelings	1.5944
hiren	1.7400
hires	1.6400
hiring	1.6833
hiroshima	1.7500
hirsch	1.7717
hirsute	1.6429
hirtius	2.0000
hish	1.5875
hispanic	1.9475
hiss	2.2125
hisself	1.9429
hisses	2.1000
hissing	1.9571
hissings	1.8750
hissy	2.1300
hist	1.9125
histoire	1.8000
histoires	1.7444
historia	1.7937
historian	1.7944
historias	1.7944
historic	1.8413
histories	1.7444
history	1.8429
hitch	1.7860
hitchcock	1.7711
hitched	2.2400
hitches	1.6971
hitchhike	2.4367
hitching	1.8225
hitchings	1.7644
hither	1.7500
hitherto	2.0938
hitler	1.7500
hitlerian	1.7278
hitlers	1.6857
hits	1.7125
hittin	2.2333
hitting	2.1000
hittite	2.1357
hittites	2.0312
hive	1.8250
hived	2.4800
hiver	1.8600
hives	1.7200
hiving	1.7333
hoadley	1.7143
hoag	1.8625
hoagy	1.8500
hoang	1.7500
hoar	1.9875
hoard	1.8100
hoarder	2.3857
hoarding	1.7375
hoardings	1.6889
hoards	1.7250
hoarier	1.8929
hoariness	2.0278
hoars	1.8500
hoarse	1.9500
hoarsely	1.8500
hoarser	1.9571
hoary	1.9500
hoax	2.1975
hoaxing	1.9486
hobart	2.3917
hobbema	2.2714
hobbes	2.3000
hobbies	2.1929
hobble	2.2833
hobbles	2.1429
hobbling	2.1125
hobbs	2.4100
hobbyist	2.3250
hobday	1.7750
hobgoblin	2.2611
hobie	1.8900
hobnailed	2.2278
hobnails	1.8250
hobnob	2.1833
hobo	2.0250
hoboken	1.8071
hobson	1.8833
hoch	1.8325
hock	1.7825
hockey	1.7633
hockin	2.4467
hocking	2.2829
hocks	1.6860
hocus	1.7660
hodes	2.4200
hodge	1.7200
hodges	1.6500
hodgkin	2.2286
hoeing	1.7583
hoes	1.7500
hoffa	2.0300
hoffer	2.0333
hoffman	1.9643
hoffmann	2.2563
hofmann	2.0786
hogan	1.7500
hogarth	2.1214
hogback	2.4186
hogg	2.2875
hoggish	1.9143
hogs	1.6625
hogshead	1.6000
hogsheads	1.5667
hogwash	1.7143
hoho	2.0250
hoist	1.9200
hoisted	2.3357
hoisting	1.8063
hoists	1.8167
hokey	1.7200
hokusai	1.6000
holbein	2.3929
holborn	2.3857
holcomb	2.4686
holdfast	2.2438
holdfasts	2.1389
holdin	2.3333
holding	2.1857
holdings	2.0750
holdovers	2.1389
holds	2.3500
holes	2.4600
holiday	2.2143
holidays	2.1000
holier	2.4417
holies	2.3250
holiest	2.3643
holily	2.4833
holiness	2.4562
holing	2.3667
holinshed	2.4722
hollands	2.3687
hollering	2.4056
holliday	2.4125
hollybush	2.3500
holman	2.4250
holmes	2.3500
holroyd	2.2429
holstein	2.3062
holster	2.4143
holsters	2.2750
holts	2.4900
holyday	2.2357
holydays	2.1187
holyoake	2.2437
homage	1.8333
homager	1.8571
homais	1.7500
homberg	2.4429
homburg	2.3357
home	1.9000
homegrown	2.3222
homeland	1.6750
homeless	1.9563
homelier	1.7750
homeliest	1.7889
homelife	1.6500
homelike	2.1625
homely	1.7833
homemade	2.2812
homeopath	1.9944
homer	1.9200
homeric	1.8900
homers	1.8167
homes	1.7800
homesick	1.7037
homestead	1.8167
hometown	1.9500
homeward	1.8187
homewards	1.7611
homework	1.7625
homey	1.8800
homicidal	1.8144
homicide	2.3850
homicides	2.2644
homie	2.0700
homiletic	2.0422
homilies	1.9250
homily	2.1000
hominem	2.0071
hominess	2.1688
homing	1.9833
hominid	2.0643
hominoid	2.0500
hominoids	1.9667
homme	2.3800
hommes	2.2000
homo	2.2500
honan	1.8700
honda	1.7300
hondo	1.8000
hondurans	1.6389
honduras	1.6813
hone	1.9000
hones	1.7800
honest	1.9167
honester	1.8937
honestest	1.8944
honestly	1.8250
honesty	1.9000
honey	1.8800
honeycomb	1.9256
honeyed	2.3071
honeying	1.8438
honeys	1.7833
honeywell	2.0667
hong	1.8125
honi	2.1750
honing	1.9833
honk	1.9625
honked	2.4333
honking	2.3857
honks	1.8300
honky	1.9300
honneur	2.1286
honolulu	2.4250
honor	2.1000
honorable	1.9944
honorably	2.0111
honorary	2.0250
honored	2.4643
honoree	2.3286
honoria	1.9643
honoring	1.9188
honoris	1.9214
honorius	1.8688
honors	1.9667
honour	2.0000
honoured	2.3438
honouring	1.8722
honours	1.9000
honshu	2.3417
honte	1.8800
hooch	2.3560
hood	2.4000
hooding	2.0643
hoodman	2.1143
hoods	2.1800
hoodwink	2.1250
hoof	2.3750
hoofing	2.0500
hoofs	2.1600
hoogly	2.1500
hooh	2.4500
hooing	2.2250
hook	2.4000
hookah	2.0833
hooker	2.2083
hookers	2.0786
hookey	2.1750
hooks	2.1800
hookup	2.3333
hooky	2.2800
hooligans	2.3833
hooping	2.3214
hoopla	2.3833
hoopoe	2.5000
hooray	2.2333
hooraying	2.0833
hoosac	2.3633
hoose	2.4500
hoosier	2.1571
hooter	2.3250
hooting	2.1643
hootings	2.0563
hoots	2.3200
hoover	2.3417
hooves	2.2250
hooyah	2.2000
hope	2.1500
hopeful	2.0000
hopefully	2.1778
hopefuls	1.9125
hopeless	2.0813
hopes	1.9800
hopin	2.1000
hoping	1.9667
hopkins	2.4143
hoppers	2.4000
hopping	2.3857
hops	2.0625
hopscotch	2.0178
hora	1.7875
horae	1.9200
horan	1.7900
horatian	1.8500
horatii	2.2214
horatio	1.9786
horatius	1.7750
horde	2.4600
hordes	2.2667
horeb	2.0800
horicon	1.8614
horizon	1.9900
horizons	1.9038
hormone	1.9929
hormones	1.9063
horn	1.8375
hornback	1.8662
hornbeam	1.8250
hornbook	2.1187
horne	1.8000
horned	2.3500
horner	1.8333
hornet	1.8833
hornets	1.8000
horning	1.9000
hornless	2.0250
horno	2.0800
hornos	1.9500
hornpipe	2.1313
hornpipes	2.0389
horns	1.7300
horoscope	2.0089
horowitz	1.9850
horrible	2.0312
horribles	1.9500
horribly	2.0500
horrid	2.0500
horridly	1.9250
horrific	1.9788
horrified	2.2889
horrify	2.0000
horror	2.1667
horrors	2.0429
hors	1.7125
horse	1.8600
horseback	1.9978
horsed	2.4000
horsefly	1.7750
horsehair	1.7056
horseless	1.9278
horsell	2.0571
horseman	1.8125
horsemen	1.8188
horseplay	1.8222
horses	1.7667
horseshit	1.7944
horseshoe	1.8111
horsewhip	1.9889
horsey	1.8500
horsham	1.6500
horsing	1.6714
horsy	1.7300
horta	2.2900
hortative	2.1389
hortatory	2.1444
hortense	2.1313
hortensio	2.0778
horto	2.3600
horton	2.2833
hortus	2.1083
horus	1.6700
horwood	2.1429
hosanna	2.0929
hosannah	1.9937
hose	1.9500
hosea	1.8800
hosepipe	2.0500
hoses	1.8200
hosiers	1.7071
hosiery	1.7786
hosing	1.7000
hoskins	2.1857
hosmer	1.8000
hospital	1.7625
hospitals	1.7111
hoss	2.2875
host	1.9875
hostage	1.8571
hostages	1.7875
hoste	1.9200
hostel	1.8167
hosteled	2.2062
hostelry	1.7750
hostels	1.7429
hostess	2.1000
hostesses	2.0500
hostile	1.9071
hostilely	1.8278
hostiles	1.8313
hostility	1.8833
hostilius	1.7944
hosting	1.8286
hostler	1.8429
hostlers	1.7750
hosts	1.8500
hotcakes	1.6975
hotchkiss	2.3978
hote	1.8750
hotel	1.7600
hotels	1.6833
hotham	1.7583
hothead	1.7143
hothouse	1.8938
hotly	1.7900
hotplate	1.9250
hotrod	2.1500
hots	1.7875
hotsauce	2.4225
hotshot	1.8571
hotspur	1.7929
hottentot	2.1278
hotter	2.3000
hottest	2.2429
hotwater	1.9563
houdini	1.8500
hough	1.6300
houghton	1.7250
hould	1.7500
houlihan	1.7500
hounding	2.3500
hour	1.7625
hourglass	2.3167
houri	1.7400
houris	1.6667
hourlong	2.1875
hourly	1.6917
hours	1.6700
hous	1.7125
house	1.8600
houseboat	2.0722
houseboy	2.0312
housecats	2.4756
housed	2.4000
housefly	1.7750
houseful	1.8375
household	2.1944
housel	1.7667
houseless	1.9278
housemaid	1.7167
houses	1.7667
housetop	2.0562
housetops	1.9722
housewife	1.7278
housework	1.7556
housing	1.6714
housings	1.6250
housman	1.7214
houssaye	1.9625
houston	1.9000
hout	1.8375
hove	1.9000
hovel	1.7800
hovels	1.7000
hovenden	2.2438
hover	1.9200
hovered	2.3357
hovering	1.8063
hovers	1.8167
hovey	1.8800
hoving	1.7833
howard	1.8333
howbeit	2.0571
howd	1.9750
howdah	1.8000
howdahs	1.7286
howdy	1.9400
howe	2.0375
howell	2.2083
howells	2.0786
hower	2.0300
however	2.1143
howitzer	2.1475
howitzers	2.0533
howl	1.8250
howland	1.6857
howled	2.3417
howler	1.8250
howlers	1.7500
howlet	1.8750
howlin	1.8083
howling	1.7357
howlings	1.6813
howls	1.7200
howorth	2.1500
howsoever	2.3944
howth	1.9200
hoxton	2.1900
hoyden	2.4000
hoydenish	2.1944
hoydens	2.2429
hoyle	1.9200
hozier	2.0383
href	1.5625
hristov	1.7286
html	1.7500
https	2.2200
huarache	2.2538
huaraches	2.1478
hubcap	2.4800
hubcaps	2.3114
huck	2.4700
huckster	2.1787
hucksters	2.0811
huddle	2.4083
huddles	2.2500
huddling	2.2062
hudson	2.1750
hudspeth	2.1063
hueless	2.3571
hues	2.4375
hueso	2.3400
huesos	2.1667
huevos	2.4333
huffaker	2.2062
huffer	2.4917
huffily	2.4071
huffing	2.3071
huge	2.4375
hugely	2.1417
hugeness	2.2875
hugest	2.2750
huggard	2.4143
hugging	2.3929
huggins	2.3929
hugh	2.3500
hughes	2.0583
hughie	2.2500
hugs	2.3500
huguenot	2.2375
huguenots	2.1333
huius	2.3500
hulda	2.3200
hulk	2.5000
hulks	2.2600
hurd	2.3500
hurdle	2.0583
hurdled	2.4929
hurdles	1.9500
hurdy	2.2400
hurl	2.4000
hurler	2.2083
hurlers	2.0786
hurley	2.1750
hurling	2.0643
hurls	2.1800
hurly	2.2800
hurok	2.2700
huron	2.4300
hurrahing	2.3167
hurrahs	2.3571
hurrays	2.4286
hurricane	2.3311
hurries	2.4143
hurrying	2.4313
hurs	2.4000
hurst	2.4400
hurting	2.4929
hurtles	2.4071
hurtling	2.3438
husban	2.4000
husband	2.2143
husbandly	2.0667
husbandry	2.1778
husbands	2.1000
hush	2.3500
hushaby	2.2429
hushes	2.0583
hushing	2.1500
husk	2.3000
husker	2.1417
husks	2.1000
husky	2.2000
hussars	2.4429
hussies	2.3571
hussite	2.4286
hustings	2.1063
hustle	2.2750
hustler	2.2357
hustlers	2.1187
hustling	2.1063
hutch	2.3960
hutchins	2.2037
hutment	2.2357
hutments	2.1188
huts	2.4750
huxley	2.3150
hwal	1.5375
hyacinth	2.2663
hyacinths	2.1589
hyaena	2.4250
hyaline	2.1714
hybla	2.4200
hydra	2.4200
hydrangea	2.0500
hydrant	2.2429
hydrants	2.1250
hydras	2.3167
hydraulic	2.1478
hydro	2.4900
hydrogen	2.1500
hydrogens	2.0556
hydros	2.2917
hydrus	2.2167
hyena	2.4300
hyenas	2.3250
hygiene	2.1643
hygienic	2.2788
hyland	2.2833
hypatia	2.4929
hyperion	2.4562
hyphens	2.2929
hypnosis	2.4000
hypnotism	2.3889
hypnotist	2.4778
hypocrisy	2.3644
hypocrite	2.4033
hyrcania	2.3037
hyson	2.4500
hysteria	2.2375
hysteric	2.2850
hysterics	2.1756
iago	1.7500
iamb	1.7875
iambic	1.7967
iambics	1.7257
iambs	1.6900
iberia	1.7917
iberian	1.7929
ibex	1.9850
ibid	1.6250
ibis	1.6750
ibises	1.7417
ibsen	1.8600
icarus	1.7217
icefield	2.2850
iceland	2.3686
icelandic	2.2456
ichabod	1.7829
ichor	1.8360
icicle	1.7017
icicles	1.6443
iciest	1.8050
icily	1.8360
icin	1.7950
iciness	1.9900
icing	1.6960
ickworth	1.9663
icky	1.6325
icon	1.8700
icones	1.7383
iconic	2.0350
icons	1.7560
idaho	1.6800
idate	1.7200
idea	2.5000
ideal	2.2600
idealise	2.0875
idealism	2.0063
idealist	2.1063
idealists	2.0167
ideality	2.0688
idealize	2.3225
ideally	2.4143
ideals	2.1000
ideas	2.3600
ideation	2.3250
ideations	2.2111
idelson	2.1214
identical	2.0589
identify	2.0563
identity	2.1562
ides	2.4250
idia	1.5000
idiocy	1.7717
idiom	1.7500
idiomatic	1.8422
idioms	1.6750
idiot	1.7300
idiotic	1.7543
idiots	1.6583
idjit	1.6000
idle	1.4250
idled	2.1600
idleness	1.7812
idler	1.5400
idlers	1.5000
idles	1.4000
idlest	1.6000
idling	1.4833
idly	1.4625
idol	2.5000
idolater	2.2313
idolaters	2.1278
idolator	2.2062
idolators	2.1056
idolatry	2.5000
idolise	2.2000
idolises	2.0875
idolizes	2.3225
idols	2.2600
idumea	2.4667
idyll	2.0900
idyllic	2.0114
idyllist	2.0000
idylls	1.9583
idyls	1.5900
iesus	1.4800
iffley	1.8167
ignacio	1.8900
ignat	1.7900
ignatius	1.6750
igneous	1.5929
ignis	1.7600
ignite	1.8250
ignited	2.2929
ignites	1.7500
igniting	1.7688
ignition	1.9125
ignitions	1.8444
ignoble	1.8357
ignobly	1.8571
ignoramus	2.3333
ignorance	2.4256
ignorant	1.8125
ignore	1.8250
ignored	2.2929
ignores	1.7500
ignoring	1.7688
igor	1.6000
ihes	1.4750
iijima	2.1250
iles	1.6750
ilex	1.9600
ilha	1.6625
iliac	1.9560
iliad	1.7200
ilias	1.7600
ilion	1.9500
ilka	1.6125
illegal	2.0286
illegally	2.2000
illegible	2.0000
illegibly	2.0167
illiberal	1.9944
illicit	2.0900
illinois	2.1375
illis	2.1000
illness	2.3000
illnesses	2.2056
illogical	2.3700
ills	2.2125
illus	2.0700
illusion	2.0437
illusions	1.9611
illusive	1.9438
illusory	1.9500
illustr	2.4214
illy	2.3375
illyria	2.0143
illyrian	1.9875
ilma	1.7875
ilse	1.8750
ilya	1.7875
ilyich	1.8300
image	1.7200
imaged	2.2833
imagery	1.7714
images	1.6500
imagin	1.7500
imaginary	1.8000
imagine	1.7357
imagined	2.1562
imagines	1.6813
imagining	1.8278
imago	1.7800
imbalance	2.3422
imbeciles	2.3978
imbedding	2.3278
imbert	2.2833
imbibe	1.8583
imbibed	2.3214
imbibes	1.7786
imbibing	1.7813
imbue	1.7600
imbued	2.3167
imbues	1.6833
imbuing	1.7857
imitate	1.9929
imitated	2.3813
imitates	1.9063
imitating	1.9056
imitatio	2.0500
imitation	2.0333
imitative	1.9444
imitator	1.9688
imitators	1.8944
immanent	2.0625
immature	2.0875
immediacy	2.4922
immediate	2.4556
immense	2.1500
immensely	2.0167
immensity	1.9833
immer	2.3000
immerse	2.1786
immerses	2.0688
immersing	1.9611
immersion	2.0889
imminent	2.2188
immobile	2.3000
immoral	2.1857
immortal	2.4500
immortals	2.3222
immovable	2.2389
immovably	2.2556
imogen	1.8917
impact	2.3883
impacts	2.2329
impair	1.9667
impaired	2.3188
impairing	1.8500
impairs	1.8714
impale	1.9333
impaled	2.3857
impaling	1.8500
impanel	1.9143
impaneled	2.2389
impartial	2.2000
imparting	2.2333
imparts	2.3643
impasse	2.3857
impassive	2.1611
impatient	2.0167
impeach	2.0543
impeached	2.3478
impeding	2.3313
impel	2.0000
impellent	2.1167
impelling	2.0722
impels	1.8833
impend	1.9333
impending	1.8278
impends	1.8429
imperator	2.0389
imperial	1.9062
imperiale	1.8778
imperials	1.8389
imperii	2.3571
imperil	2.0643
imperiled	2.3556
imperils	1.9688
imperio	2.1143
imperious	1.9556
impetuous	1.9722
impetus	1.9714
impieties	1.9167
impiety	2.0643
impinge	1.9357
impinged	2.3313
impinging	1.8611
impious	1.9929
impish	1.8833
implant	1.9357
implanted	2.2556
implement	1.8944
implicate	1.9811
implicit	1.9287
implied	2.3929
impliedly	2.2056
implies	1.8500
implore	2.4929
implores	2.3438
imploring	2.2944
imply	2.0300
implying	1.9375
impolite	2.4250
impolitic	2.3756
import	2.4667
importa	2.3429
important	2.2222
importe	2.3500
importer	2.3063
importers	2.1944
importing	2.1833
imports	2.3000
impos	2.0600
impose	2.1250
imposes	2.0071
imposing	1.8938
imposs	2.3500
impost	2.1500
imposter	2.0688
imposters	1.9833
impostor	2.0438
impostors	1.9611
imposts	2.0286
imposture	1.9500
impotency	2.0033
impotent	2.0063
imprese	1.9929
impress	2.1857
impresser	2.1944
impresses	2.1167
imprimis	2.0188
imprint	1.9857
imprinted	2.2944
imprints	1.9000
imprison	1.9188
imprisons	1.8500
impromptu	2.1333
improper	2.1313
improve	2.0071
improved	2.3937
improver	2.0063
improvers	1.9278
improves	1.9188
improving	1.9056
improvise	1.9667
imprudent	2.2667
imps	2.0875
impudent	2.3625
impugn	1.9417
impugners	1.8444
impugning	1.9556
impugns	1.8500
impulse	2.0571
impulses	1.9625
impulsion	1.9944
impulsive	1.9056
impure	1.9500
impurity	1.9125
imputable	1.9778
impute	2.0000
imputed	2.4429
imputing	1.9000
inability	1.8944
inaction	2.1038
inactive	2.0038
inamorata	1.9222
inane	1.7200
inanely	1.6714
inanimate	1.9389
inanities	1.7889
inanition	1.9444
inanity	1.9000
inasmuch	2.3788
inaudible	1.6056
inaudibly	1.6222
inaugural	1.5389
inbetween	2.1944
inboard	1.8000
inborn	1.8167
inca	1.7825
incapable	1.8867
incarnate	1.8978
incas	1.7860
incased	2.3543
incenses	2.4413
incensing	2.2922
incentive	2.3867
inch	1.7075
inched	2.2633
inches	1.6300
inchi	1.8560
inchicore	1.8178
inching	1.7829
inchoate	1.9287
inchworm	1.7537
incident	2.1913
incidents	2.0922
incipient	1.8867
incised	2.2900
incision	1.8100
incisions	1.7533
incisive	1.7100
incisors	1.6538
incite	1.7717
incited	2.2471
inciter	1.8043
incites	1.7043
inciting	1.7288
inclement	1.7256
incline	1.7186
inclined	2.1412
inclines	1.6663
inclining	1.8144
inclosing	2.1033
inclosure	2.0811
include	2.1543
includes	2.0475
includin	1.6225
including	1.5867
inclusion	1.7367
inclusive	1.6478
incog	1.7560
incognita	1.8589
incognito	1.8978
income	1.8383
incomes	1.7614
incoming	1.9163
incondite	1.7311
incorrupt	2.1311
increas	1.8829
increase	1.9538
increased	2.3033
increases	1.8811
increment	1.8700
incrust	1.9329
incrusted	2.2533
incubate	1.8725
incubator	1.8644
incubi	1.7967
incubus	1.7043
inculcate	1.8844
inculpate	2.0200
incult	1.8217
incumbent	2.4200
incur	1.7060
incurable	1.7756
incurably	1.7922
incurious	1.7144
incurred	2.4100
incurring	1.9311
incurs	1.6383
incursion	1.7589
incursive	1.6700
indelible	2.0333
indelibly	2.0500
indemnify	2.4389
indent	2.3167
indenting	2.0833
indention	2.2111
indenture	2.0611
indexes	2.3986
indexing	2.1988
india	1.5800
indiaman	1.6375
indiamen	1.6438
indian	1.6167
indiana	1.6143
indians	1.5714
indica	1.6467
indicants	1.6422
indicate	1.7663
indicated	2.1367
indicates	1.7144
indicator	1.7700
indices	2.3900
indicia	1.6471
indict	1.8633
indicted	2.2413
indiction	1.9089
indies	1.5417
indigence	2.2422
indigent	1.6063
indigents	1.5722
indign	1.5667
indignant	1.6222
indignity	1.7500
indigo	1.5917
indio	1.7500
indios	1.6750
indirect	2.4788
indispose	1.7444
indite	1.6250
indited	2.1214
inditing	1.6188
individu	1.5438
indo	1.6500
indolent	2.1438
indoor	2.0917
indoors	1.9786
indore	1.6250
indorse	1.6929
indorsed	2.1188
indorsing	1.5833
indraft	2.2643
indrawn	1.8714
induces	2.3686
inducing	1.6225
inducted	2.2225
inductees	2.0144
induction	1.8922
inductive	1.8033
indue	1.5600
indued	2.1500
indues	1.5167
indulge	1.6000
indulged	2.0375
indulgent	1.6444
indulges	1.5625
indulging	1.6000
indurated	2.0667
indus	1.4900
industry	1.9813
inedible	2.1250
ineffable	1.9944
ineffably	2.0111
inelastic	1.7922
inelegant	1.7167
inept	1.8800
ineptly	1.7857
inert	2.3000
inertia	2.1071
inertly	2.0857
inertness	2.2278
ines	1.6250
inexact	2.1314
infame	1.6000
infamies	1.7063
infamous	1.7250
infancy	1.6757
infant	1.6250
infanta	1.6214
infantas	1.6438
infantile	1.6833
infantine	1.6611
infantry	1.9438
infants	1.5786
infarct	1.9186
infare	1.6833
infatuate	1.7889
infecting	2.3811
infer	1.6400
inferable	1.7389
inference	2.3089
inferior	1.7250
inferiors	1.6778
infernal	1.6125
inferno	1.8643
infernos	1.7938
inferred	2.3687
inferring	1.8944
infers	1.5833
infest	1.6833
infested	2.1063
infesting	1.6611
infests	1.6286
infidel	2.0357
infidels	1.9438
infield	1.4643
infinit	1.8071
infinite	1.7875
infinitum	2.3833
infinity	1.8063
infirm	1.5833
infirmary	1.6889
infirmity	1.7611
infirmly	1.6750
infix	1.7080
infixed	2.3414
infixing	1.6738
inflame	1.5571
inflamed	2.0000
inflames	1.5250
inflaming	1.6889
inflate	1.6714
inflated	2.1000
inflates	1.6250
inflating	1.6556
inflation	1.7833
inflict	1.7686
inflicted	2.1256
inflictor	1.7589
inflicts	1.7100
inflow	2.2917
influence	2.2144
influenza	2.1422
influx	1.6150
infold	2.1500
infolding	1.9722
infor	1.6000
inform	1.6333
informal	1.5875
informant	1.6667
informed	2.0688
informer	1.6813
informers	1.6389
informing	1.7500
informs	1.5857
infra	2.3300
infringe	2.0688
infringed	2.4056
infringes	1.9833
infuse	1.6333
infused	2.1286
infusing	1.5250
infusion	1.6687
infusions	1.6278
infusoria	1.5611
inga	1.6125
ingelow	2.2429
ingenious	1.8111
ingenuity	2.3389
ingenuous	2.2833
ingersoll	2.3167
ingested	2.1437
ingin	1.6800
ingle	1.5600
inglese	1.6500
ingleside	1.9444
inglis	1.5167
ingly	1.5900
ingoing	1.6643
ingomar	1.8000
ingot	1.7200
ingots	1.6500
ingraham	2.0812
ingrain	2.2143
ingrained	2.4722
ingram	2.2917
ingrate	2.3143
ingres	2.2167
ingress	2.4429
ingrown	2.2929
inhabit	2.4000
inhabits	2.2625
inhale	2.2333
inhales	2.1000
inhaling	2.0750
inhere	2.3583
inherent	2.2188
inheres	2.2071
inhering	2.1688
inherit	2.2786
inheritor	2.1556
inherits	2.1562
inhibits	2.2688
inimical	1.9788
iniquity	1.9938
initial	1.8071
initialed	2.1556
initially	2.0278
initials	1.7437
initiate	1.9500
initiated	2.3000
initiates	1.8778
injurious	2.4944
inkblots	2.2375
inked	2.4400
inkerman	1.7875
inkhorn	1.8286
inkiness	2.4688
inkle	1.7800
inkles	1.7000
inkling	1.7286
inklings	1.6750
inkpen	2.0167
inks	1.6875
inkstand	1.7313
inkstands	1.6833
inkwell	2.0929
inky	1.8125
inlaid	1.6667
inland	1.6917
inlander	2.2250
inlay	1.8100
inlaying	1.8000
inlays	1.7250
inlet	1.9200
inlets	1.8167
inly	1.8625
inmate	2.2833
inmates	2.1429
inmost	2.4667
inna	2.3625
innards	2.0214
innate	2.2833
innately	2.1000
inner	2.3000
innermost	2.2500
innersole	2.4111
innertube	2.3500
innes	2.1600
inning	2.3000
innings	2.1571
innkeeper	2.4000
innocuous	2.1811
innovate	2.3188
innovator	2.2611
innoxious	2.2378
inns	2.2875
innsmouth	2.0667
inoculate	2.0033
inodorous	1.7667
inorganic	2.3922
inquest	1.8571
inquests	1.7875
inquire	1.8214
inquired	2.2313
inquirer	1.8438
inquirers	1.7833
inquires	1.7563
inquiries	1.7444
inquiring	1.7722
inquiry	1.8429
inroad	1.7000
inroads	1.6429
inrush	1.5250
insane	1.6500
insanely	1.6250
insanest	1.7250
insanity	1.8250
insatiate	1.8389
inscribe	1.9663
inscribed	2.3144
inscriber	1.9700
inscribes	1.8922
inseam	1.7833
insecure	2.4287
insensate	1.8056
insert	2.2667
inserting	2.0500
insertion	2.1778
inserts	2.1286
inset	1.9200
inshore	1.7214
inside	2.2083
insider	2.1786
insiders	2.0688
insides	2.0786
insidious	1.6111
insight	1.5571
insights	1.5250
insignia	1.7437
insincere	2.3533
insinuate	2.3611
insipid	1.7357
insist	1.7333
insisted	2.1437
insistent	1.7389
insisting	1.6944
insists	1.6714
insofar	1.6714
insolent	2.1688
insoluble	2.0722
insolvent	2.1389
insomnia	2.1688
insomniac	2.2367
insomuch	2.3725
inspire	1.7214
inspired	2.1437
inspirer	1.7563
inspires	1.6688
inspiring	1.6944
inspirit	1.7313
inst	1.8625
instable	1.8625
install	2.0214
installed	2.3222
instance	2.4975
instances	2.3644
instancy	1.8288
instant	1.8071
instanter	1.8111
instantly	1.7500
instants	1.7438
instar	1.8917
instars	1.8071
instate	1.9000
instead	1.7571
instep	1.9167
insteps	1.8286
instigate	1.8056
instil	1.8667
instill	2.1429
instilled	2.4167
instills	2.0375
instils	1.7857
instinct	1.9850
instincts	1.9089
institute	1.7611
instruct	2.2288
instructs	2.1256
insular	1.7643
insulate	1.7875
insulated	2.1556
insulates	1.7333
insult	1.7083
insulted	2.1250
insulter	1.7375
insulting	1.6778
insults	1.6500
insurance	2.2644
insure	1.5833
insured	2.0857
insures	1.5429
insurgent	2.0444
insuring	1.5875
intact	2.1050
intacta	2.0329
intaglio	1.7688
intake	1.6167
inted	2.4200
integer	1.8214
integers	1.7563
integral	2.1875
integrate	2.2722
integrity	2.2056
intend	1.6500
intending	1.6389
intends	1.6000
intense	1.7929
intensely	1.7389
intenser	1.8188
intensest	1.8278
intensify	1.6167
intensity	1.7056
intensive	1.7000
intent	1.7667
intention	1.8444
intently	1.7125
intents	1.7000
inter	1.8000
interacts	1.9533
intercept	2.4922
intercom	1.8663
interdict	1.8478
interest	1.8188
interests	1.7611
interfere	2.1444
interieur	1.7000
interim	1.7929
interims	1.7313
interior	1.8250
interiors	1.7667
interjoin	1.8111
interlude	2.0611
interment	1.7833
intermit	1.9188
intern	1.8000
internal	1.7125
interne	1.7786
interned	2.1938
internist	1.9389
interns	1.7286
interplay	1.7889
interpol	2.3312
interpose	1.9000
interpret	1.8722
interred	2.4688
interring	1.9833
interrupt	2.1333
interval	2.4000
intervale	2.3167
intervals	2.2778
intervene	2.3889
interview	2.3944
interwove	1.8278
intestate	1.8611
intestine	1.7889
intima	1.7500
intimacy	1.8850
intimate	1.8438
intimated	2.2056
intimates	1.7833
inting	1.7000
intituled	2.1278
into	1.8250
intoned	2.2786
intones	1.7357
intoning	1.8938
intosh	1.6500
intourist	1.7611
intra	2.1900
intrados	1.9750
intreat	2.1714
intrench	2.0100
intrepid	2.0188
intricacy	2.1289
intricate	2.0922
intrigue	1.9313
intrigued	2.2833
intriguer	1.9389
intrigues	1.8611
intrinsic	1.9811
introit	2.1071
intruder	2.4500
intruders	2.3222
intrudes	2.3625
intruding	1.8667
intrusion	2.0167
intrusive	1.9278
intrust	2.1071
intrusted	2.3889
intrusts	2.0063
ints	1.6625
intuition	1.8667
intuitive	1.7778
inures	2.5000
inutility	2.3722
invade	2.3667
invader	2.3143
invaders	2.1875
invades	2.2143
invading	1.6750
invalid	1.5714
invalided	2.4167
invalids	1.5375
invasion	1.8438
invasions	1.7833
invasive	1.7438
inveigh	1.6214
inveighed	2.0111
inveigle	1.6250
inveigled	2.0111
invent	1.7833
invented	2.1813
inventing	1.7278
invention	1.8556
inventive	1.7667
inventor	1.7688
inventors	1.7167
inventory	1.7722
invents	1.7143
inverness	1.9611
inverse	1.8357
inversely	1.7722
inversion	1.8222
invert	2.2333
inverting	2.0278
inves	1.6800
invest	1.8333
invested	2.2188
investing	1.7611
investor	1.8063
invests	1.7571
invictus	1.8350
invidious	1.6667
inviolate	2.2889
invis	1.6600
invisible	1.6667
invisibly	1.6833
invite	1.7417
invited	2.2214
invites	1.6786
inviting	1.7063
invocate	1.8913
invoices	2.4225
invoke	1.6750
invoked	2.1643
invokes	1.6214
invoking	2.1562
involve	2.3071
involves	2.1813
involving	2.1389
inward	1.7500
inwardly	1.7000
inwards	1.6857
inweave	1.9429
inwoven	1.8286
inwrought	1.7056
iodine	1.7333
iodoform	1.6750
ione	1.9125
ionia	2.0700
ionian	2.0250
ionic	2.1460
iosif	1.6100
iota	1.8750
iowa	1.9125
ipse	2.0750
ipso	1.9500
ipswich	2.3900
irae	1.8000
iraj	1.4375
iran	1.6375
iranian	1.8143
iras	1.6375
irascible	1.7811
irate	1.8000
irately	1.7286
ireful	1.7000
ireland	1.5143
irelands	1.4875
irem	1.6500
iremonger	1.8333
irene	1.6500
irides	2.1417
irina	1.6600
irion	1.8300
iris	1.5250
irises	1.6417
irish	1.4800
irishman	2.0750
irishmen	2.0812
irked	2.2000
irks	1.3875
irksome	1.5786
irkutsk	1.4214
irlandais	1.5000
irlande	2.0857
irmgard	1.6071
iron	1.7500
ironbound	2.3278
ironclads	1.6422
ironed	2.2917
ironer	1.7750
ironhorse	2.2556
ironic	1.9550
ironical	1.8287
ironies	1.8143
ironing	1.8500
ironists	1.8688
irons	1.6600
ironside	2.0875
ironsides	2.0000
ironware	1.8125
ironwork	1.6875
iroquois	1.8000
irradiate	1.9833
irrawaddy	2.2333
irregular	2.0444
irrigate	1.9938
irrigated	2.3389
irrigates	1.9167
irritable	2.0056
irritably	2.0222
irritate	2.0563
irritated	2.3944
irritates	1.9722
irruption	2.1500
irwin	1.7300
isaac	2.2860
isaacs	2.1217
isabel	1.7500
isabell	2.0429
isabella	1.9875
isabelle	1.9938
isaiah	1.5167
isaias	1.6000
isba	1.8625
isbel	1.7800
iscariot	1.9412
ischia	1.8467
isfahan	1.5357
ishii	2.1700
ishmael	2.2000
ishtar	1.6583
isidor	1.5250
isidora	1.5357
isidore	1.5429
isinglass	1.8111
isis	1.4750
iskander	2.0250
islam	1.5300
islamic	1.7686
islamism	1.6875
islan	1.5300
island	1.4583
islanded	2.4375
islander	2.0500
islanders	1.9667
islanding	1.5111
islands	1.4357
isle	1.4750
isles	1.4400
islet	1.6400
islets	1.5833
islington	2.0833
ismene	1.6417
isnt	1.6375
isobar	1.8167
isocline	1.6725
isola	2.3600
isolate	2.2929
isolates	2.1688
isolating	2.1389
isolation	2.2667
isolda	2.1500
isomer	1.7417
isomers	1.6786
ison	1.7000
isosceles	2.2644
isotope	1.8857
isotta	2.1000
ispahan	1.6643
isra	1.7125
israel	1.7667
israeli	1.7500
israelite	1.7444
issue	1.9800
issued	2.5000
issues	1.8667
issuing	1.9429
issus	1.9100
ista	1.7875
iste	1.8000
istria	2.1333
itai	1.6750
italia	1.6000
italian	1.6286
italians	1.5875
italic	1.6633
italicize	1.9178
italics	1.6114
italie	1.6083
italien	1.6357
italo	2.4600
italy	1.6300
itch	1.7075
itched	2.2633
itches	1.6300
itchiest	1.8538
itchin	1.8633
itching	1.7829
item	1.7250
itemize	2.1829
items	1.6400
iterated	2.2563
iterating	1.7944
iteration	1.9222
ithaca	1.7883
itin	1.7500
itinerant	1.7611
itinerary	1.8167
itll	2.1375
itself	1.5833
ivan	1.7125
ivanhoe	2.3643
ivanova	1.9000
ivanovich	1.8478
ivanovna	1.8875
ivar	1.8375
iveagh	1.6500
ivers	1.7000
ives	1.6250
ivie	1.6875
ivied	2.3700
ivies	1.6100
ivoire	1.7000
ivor	1.7250
ivories	1.6429
ivors	1.6400
ivory	1.7400
iwis	1.6375
ixion	1.9980
ixtle	1.9680
izquierda	2.4922
jabber	2.3083
jabbering	2.0778
jabbing	2.1357
jabez	2.0460
jabin	1.8100
jabs	1.7000
jacal	1.6560
jachin	1.8383
jacinth	1.7186
jacinths	1.6663
jacinto	1.8114
jack	1.6200
jackal	1.5633
jackals	1.5257
jackass	1.9543
jackasses	1.9367
jackboot	2.0975
jackboots	2.0089
jackdaw	1.7043
jackdaws	2.1537
jacked	2.2050
jackers	1.6329
jacket	1.7383
jacketed	2.1475
jackets	1.6757
jackie	2.2967
jackies	2.1543
jackin	2.3383
jacking	2.1900
jackknife	1.9200
jacklight	1.5922
jacknife	1.7100
jacko	1.8460
jackoff	1.9614
jackpine	1.8600
jackpot	1.9186
jackpots	1.8413
jacks	1.5560
jackson	1.6614
jacksons	1.6163
jackstraw	2.0811
jackup	1.8133
jacky	1.6560
jacob	1.8860
jacobean	1.8225
jacobi	1.8467
jacobin	1.8543
jacobins	1.7850
jacobite	1.8163
jacobs	1.7883
jacoby	1.8717
jacomb	1.8883
jacopo	2.0300
jacquard	1.7975
jacques	1.7614
jacquot	1.9471
jade	2.4625
jades	2.2300
jaeger	1.8000
jael	1.5875
jaffa	1.8400
jaffrey	2.3643
jagged	2.4917
jaggedly	2.2563
jagger	1.9750
jago	1.5875
jags	1.4250
jaguar	1.6333
jaguars	1.5857
jahan	1.4600
jahr	1.3500
jail	1.5875
jailbirds	1.5556
jailed	2.1833
jailer	1.6667
jailers	1.6143
jailhouse	1.7389
jails	1.5300
jaime	1.5600
jain	1.5375
jairus	1.4250
jake	1.3375
jakes	1.3300
jalap	1.5800
jalon	2.3500
jalopy	2.4250
jalousies	1.9167
jamaica	1.6043
jamais	1.4917
jamb	1.6250
jambe	1.6500
jamberoo	2.0812
jambes	1.5917
jamboree	1.9688
jambs	1.5600
james	1.4700
jameses	1.5857
jameson	1.6000
jamesons	1.5625
jamesy	1.5250
jamieson	1.7438
jammies	2.0571
jamming	2.0929
jams	1.4250
jane	1.5125
janeiro	1.5929
janet	1.6700
janey	1.5700
jangle	1.4417
jangled	1.9643
jangling	1.4813
janis	1.6900
janitor	1.7714
janitors	1.7125
janitress	2.1889
janos	1.7500
jans	1.4250
jansen	1.6583
jansenist	1.8444
janssen	1.9643
januarius	2.1944
january	2.4429
japan	1.6800
japanese	1.7250
japanned	2.4313
japanning	2.0722
japans	1.6167
japed	2.3500
japery	1.7417
japhet	1.7083
japheth	1.6500
japonicas	1.8867
japs	1.5750
jaques	2.2417
jardin	1.5917
jared	2.3300
jaren	1.6700
jargon	2.3417
jargons	2.1929
jarl	1.5500
jarlath	1.6714
jarring	1.9643
jarringly	1.8722
jars	1.5500
jasmin	1.8083
jasmine	1.7857
jason	1.6500
jasons	1.5917
jasper	1.7417
jaspers	1.6786
jastrow	2.1286
jatte	2.2300
jaunes	2.3917
jauntily	2.3438
jaunting	2.2563
jaunts	2.4167
jaunty	2.5000
java	1.7000
javan	1.7200
javanese	1.7500
javelin	1.6857
javelina	1.6750
javelinas	1.6889
javelins	1.6375
javert	2.2083
javier	1.7500
jawbone	2.0071
jawing	1.7000
jawn	1.7875
jaybird	1.5357
jays	1.4250
jaysus	1.4167
jealous	2.0429
jealously	1.9333
jealousy	2.0125
jean	1.5125
jeanne	2.0000
jeannette	2.2500
jeannie	2.1071
jeans	1.4700
jebel	1.7800
jebusites	1.6722
jeep	2.3000
jeepers	2.0214
jeer	2.2000
jeerer	2.0750
jeering	1.9500
jeeringly	1.8611
jeers	2.0200
jefe	1.5250
jefes	1.4800
jeff	1.9875
jefferson	1.8611
jeffrey	2.4143
jeffreys	2.2750
jeffries	2.2563
jeffs	1.8500
jehan	1.4700
jehova	1.6833
jehovah	1.6286
jehu	2.3625
jekyll	1.9083
jellicoe	1.8725
jellied	2.3071
jellies	1.7643
jelly	1.9100
jellybean	1.8667
jellyfish	1.6444
jellylike	2.2278
jellyroll	2.4556
jemina	1.7833
jena	1.5125
jene	1.5250
jenin	1.8200
jenkins	2.1714
jenner	2.0667
jennet	2.1167
jennets	2.0000
jenni	2.3000
jennie	2.1917
jennies	2.0643
jennifer	2.0187
jennings	2.0000
jens	1.4375
jensen	1.6667
jenson	1.6000
jeopardy	1.7875
jephson	1.6429
jephthah	1.5438
jeptha	1.6250
jeremiads	1.7056
jeremiah	1.7188
jeremiahs	1.6722
jerez	1.8560
jericho	1.7614
jerk	1.4375
jerked	2.0833
jerkily	2.1857
jerkin	2.2167
jerking	2.0857
jerkins	2.0857
jerks	1.4100
jerky	1.5100
jernigan	1.7375
jeroboam	1.7563
jerome	1.6917
jeromes	1.6357
jerry	2.0900
jersey	1.7000
jerseys	1.6429
jeru	1.5375
jerusalem	1.5333
jervis	2.4833
jess	1.9375
jessamine	1.9389
jesse	2.0400
jesses	1.9167
jessica	1.8543
jessie	1.8417
jest	1.6375
jested	2.2167
jester	1.7000
jesters	1.6429
jesting	1.6286
jestingly	1.6111
jests	1.5700
jesty	1.6700
jesu	1.3625
jesuit	1.5667
jesuits	1.5286
jesus	1.3500
jete	1.6500
jeter	1.7200
jets	1.5625
jetsam	1.6083
jetstar	1.8214
jetties	1.9786
jetting	2.0143
jetty	2.2100
jeunes	2.4000
jeux	1.6225
jewel	1.6100
jeweled	2.1143
jeweler	1.6714
jewelers	1.6250
jewell	1.9750
jewelled	2.3250
jeweller	1.9375
jewellers	1.8667
jewellery	1.9222
jewelry	1.6214
jewels	1.5583
jewess	1.9750
jewesses	1.9500
jewish	1.4750
jewry	1.6800
jews	2.4750
jewy	1.6000
jeyes	1.4800
jeypore	1.7786
jezebel	2.0900
jezreel	2.1900
jibe	1.8250
jibed	2.4800
jibes	1.7200
jibing	1.7333
jibs	1.7125
jiff	1.9875
jiffy	1.9500
jigger	2.0333
jiggered	2.3687
jiggering	1.8944
jiggers	1.9286
jigging	1.9143
jiggle	1.9167
jiggled	2.3714
jiggles	1.8286
jiggling	1.8375
jigs	1.5125
jigsaw	1.7333
jiji	1.7250
jill	2.3375
jills	2.1300
jilt	1.8375
jilted	2.3500
jimenez	1.9186
jimmie	2.3417
jims	1.6625
jimson	1.7500
jine	1.7500
jing	1.6625
jingle	1.6000
jingled	2.1000
jingles	1.5571
jingling	1.6000
jingly	1.6250
jingo	1.7200
jingoes	1.6500
jings	1.5900
jining	1.8833
jink	1.8125
jinks	1.7100
jint	1.7875
jinx	1.9225
jist	1.8375
jitter	2.2000
jitters	2.0714
jittery	2.1429
jiujitsu	2.1250
jiving	1.6833
jivy	1.7625
joachim	1.9686
joan	1.7875
joanna	2.1750
joaquin	2.4714
jobber	2.3667
jobbery	2.2857
jobbing	2.1857
jobless	1.9857
jobs	1.7875
jochen	1.7467
jock	1.7075
jockey	1.7133
jockeyed	2.1288
jockeying	1.7367
jockeys	1.6543
jocko	1.9160
jockstrap	2.0811
jocose	1.9050
jocosely	1.8163
jocular	1.8900
jocularly	1.8144
jocundly	2.3413
jodhpurs	1.7063
joel	1.6750
joes	1.6750
joey	1.8000
jogging	1.9571
joggle	1.9667
joggled	2.4143
joggling	1.8750
jogs	1.5875
johann	2.1250
johannes	1.9625
johansen	1.7500
johnes	2.3000
johns	2.4300
johnson	2.2857
johnsons	2.1625
johnston	2.3250
joie	1.7625
join	1.8250
joinder	2.2929
joined	2.3417
joiner	1.8250
joiners	1.7500
joinery	1.8214
joining	1.8929
joinings	1.8188
joins	1.7200
joint	1.8200
jointed	2.2643
jointing	1.7438
jointless	1.9056
jointly	1.7429
jointress	2.2056
joints	1.7333
jointure	1.7188
jointures	1.6722
joist	1.8600
joists	1.7667
joke	1.6250
joked	2.3200
joker	1.7000
jokers	1.6333
jokes	1.5600
jokin	2.4800
joking	2.2833
jokingly	2.1000
joky	1.6625
jolie	2.4700
jolies	2.2750
joliet	2.4417
joliffe	2.4071
jollies	2.4929
jollify	2.4714
jollying	2.5000
jolting	2.2429
jolts	2.4300
jonah	1.7100
jonas	1.8100
jonathan	1.8188
jones	1.7200
joneses	1.7643
jongg	2.1500
jongleur	1.6125
jonquil	1.9714
jonquils	1.8875
jonson	1.8000
joost	2.4200
joplin	1.9167
jopling	1.8286
joram	1.7300
jordan	1.6250
jorge	2.4400
jornada	1.6929
jornadas	1.7063
jose	1.8750
josef	1.8600
josefina	1.8063
joseph	1.8667
josephine	1.9111
josephus	2.2500
joses	1.7600
josey	1.8600
josh	1.5875
joshing	1.7143
joshua	2.2417
josiah	1.6000
josie	1.6700
joss	2.2125
jostle	1.7667
jostled	2.2429
jostles	1.7000
jostling	1.7250
josy	1.7125
jots	1.7125
jotter	2.2500
jotting	2.1000
jottings	2.0000
jouet	1.8400
jouncing	2.4225
jour	1.6875
jourdain	1.6250
journ	1.7100
journal	1.6357
journals	1.5938
journey	1.7143
journeyed	2.0833
journeys	1.6625
jours	1.6100
joust	1.8300
jousting	1.7500
jousts	1.7417
jouvet	1.8500
jove	1.8250
jovem	1.8200
joven	1.8200
jovenes	1.7214
jovial	1.6833
joviality	1.7056
jovially	1.9625
jovian	1.7667
jovis	1.7000
jowl	1.7500
jowls	1.6600
jowly	1.7600
joyed	2.4600
joyeuse	1.7786
joyeux	1.8400
joyful	1.6917
joyfully	1.9688
joying	1.8167
joyless	2.0571
joylessly	1.9444
joyous	1.8000
joyously	1.7375
joyride	2.2071
joys	1.7125
joystick	1.7725
juan	2.4750
juanita	2.2929
jubal	2.3000
jubilant	2.1938
jubilate	2.2750
jubilees	2.4312
juda	2.3000
judaea	2.2083
judah	2.1000
judaic	2.1383
judas	2.2000
judases	2.1071
judg	2.3500
judge	2.2100
judgement	2.0111
judges	2.0583
judgeship	2.1111
judging	2.0357
judgment	2.0563
judgments	1.9722
judicial	1.9725
judiciary	2.0644
judicious	2.0144
judith	2.0583
judo	2.3875
judson	2.1250
judy	2.3500
jugful	2.4833
juggle	2.4250
juggler	2.3643
jugglers	2.2313
jugglery	2.2938
juggles	2.2643
juggling	2.2188
jugs	2.2750
jugular	2.1857
juicier	2.2757
juicily	2.3114
juicy	2.4860
juif	2.4125
jukes	2.2700
juleps	2.3250
jules	2.3100
julia	2.3700
julian	2.2750
juliana	2.1786
julie	2.3800
julien	2.2833
juliet	2.3667
julius	2.1750
julys	2.3400
jupiter	2.3571
jupiters	2.2250
jura	2.4000
jurassic	2.3537
jure	2.4125
juridical	1.9200
juries	2.1000
juris	2.1900
jurist	2.2583
juristic	2.1475
jurists	2.1214
juro	2.4875
juror	2.2900
jurors	2.1250
jury	2.4500
juste	2.4100
juster	2.3417
justest	2.2786
justicia	2.1600
justified	2.3833
justifies	1.9611
justify	2.1214
justin	2.3250
justine	2.2286
justinian	2.2333
justis	2.2250
justitia	2.1375
justle	2.2250
justly	2.2500
justness	2.3687
justs	2.3400
justus	2.2000
jute	2.4875
jutland	2.0143
juts	2.4000
jutting	2.4929
juvenal	2.1071
juvenile	2.2937
juveniles	2.1833
juvenilia	2.2167
kaaba	2.2600
kabbalah	2.0000
kabinet	1.8714
kaboom	2.3167
kaddish	1.7357
kadet	2.4500
kadets	2.2583
kadmon	1.8417
kaffir	1.8083
kafir	1.4700
kafirs	1.4417
kafka	1.3800
kags	1.4500
kahler	1.5750
kahn	2.4500
kaikoura	2.1000
kailua	1.5917
kaiser	1.6833
kakao	1.4700
kake	1.3625
kalach	1.6133
kalakaua	1.4250
kalamazoo	2.4756
kale	1.4125
kali	1.4125
kalmia	1.6917
kamenev	1.7857
kamenka	1.6357
kamerad	1.6214
kampe	1.9300
kampus	1.8000
kanaka	1.4667
kanakas	1.5143
kandahar	1.5500
kandinsky	1.4833
kandy	1.4800
kane	1.5375
kangaroo	2.0125
kangaroos	1.9333
kann	2.2000
kanner	2.0750
kansas	1.5333
kant	1.5750
kantian	1.6214
kanto	1.6500
kants	1.5200
kapa	1.6750
kapal	1.6000
kapital	1.6357
kapok	1.6300
kappa	2.3200
kappe	2.3300
kapunda	2.3714
kapusta	1.7286
kaput	1.6800
kaputt	2.1167
kara	1.6500
karachi	1.8757
karain	1.6917
karakorum	2.3056
karakul	1.6143
karamazov	2.2922
karamzin	1.8538
kare	1.6625
karen	1.6900
karenin	1.8714
karenina	1.8375
karl	1.5750
karlheinz	1.7422
karlovich	2.1089
karlsbad	1.7125
karma	1.6800
karmic	1.9217
karolina	2.1750
karoly	2.3417
karp	1.8500
karti	2.1900
kase	1.7375
kashi	1.6500
kaskaskia	1.9278
kaspar	1.8000
kassi	1.9900
kaster	1.7917
katabasis	1.7944
katalog	2.2071
kate	1.7375
kates	1.6500
katey	1.7500
kath	1.6500
katharine	1.7444
katherina	1.7111
katherine	1.7167
kathleen	2.0000
kathy	2.4800
katie	1.7200
katrine	2.0714
katter	2.2083
katty	2.2800
katy	1.7750
katya	1.7400
kauffmann	2.0222
kauri	1.4700
kautsky	1.4571
kava	1.7250
kavanagh	1.6750
kave	1.7625
kawakawa	1.7625
kawasaki	2.1500
kaya	1.5250
kayo	1.7375
kazimir	2.4829
kean	1.5375
keane	1.5600
kearney	1.7000
kearns	1.6250
keating	1.6857
keats	1.6500
kedar	2.3500
keddah	2.3917
kedge	2.2600
kedgeree	2.3875
kedron	2.3333
keefe	2.0700
keeffe	2.3083
keegan	2.0667
keel	2.0500
keelboat	2.0562
keelboats	1.9722
keeled	2.4917
keeling	1.8643
keels	1.9000
keelson	1.9071
keelsons	1.8313
keen	2.1750
keene	2.0700
keener	2.0583
keenest	2.0357
keening	2.0929
keenly	2.1000
keenness	2.4688
keens	2.0000
keep	2.3250
keeper	2.1583
keepers	2.0357
keepeth	2.0786
keepin	2.1417
keeping	2.0214
keeps	2.1200
keepsake	1.8688
keepsakes	1.8056
keepy	2.2200
keer	2.2250
keet	2.3000
kegan	1.6500
kegs	1.5375
kehl	1.4625
keine	1.5900
keiser	1.6917
keith	1.5000
kelleher	1.8063
keller	1.9167
kellerman	1.8556
kellers	1.8286
kellett	2.3000
kelley	1.8833
kellie	1.8583
kells	1.8300
kelly	1.9300
kelp	1.8125
kelpie	1.7583
kelso	1.4600
kelson	1.5333
kelt	1.4625
kelts	1.4300
kemble	1.6000
kempe	1.9400
kempis	1.8333
kendal	1.4250
kendall	1.7643
kenelm	1.5500
kenesaw	1.6929
kenite	1.7917
kenn	2.2125
kennan	2.0417
kennard	1.9786
kennedy	2.4857
kennedys	2.3375
kennel	1.9667
kenneled	2.3188
kennels	1.8714
kennet	2.1333
kenneth	2.0143
kennett	2.4429
keno	1.9000
kens	1.4625
kent	1.5875
kentish	1.5143
kentledge	1.9833
kents	1.5300
kentuck	1.5614
kentucky	1.5913
keogh	1.4600
keokuk	1.5333
keon	1.6500
keown	1.6900
kepler	1.6833
kept	1.7375
kerak	1.4900
kerchief	1.7538
kerchiefs	1.7033
kerf	2.4375
kerguelen	1.9944
kerl	1.5125
kermes	1.5833
kern	1.6375
kernal	1.5750
kernan	1.6583
kernel	1.5833
kernels	1.5429
kerns	1.5700
kerosene	1.7375
kerr	2.1875
kerridge	1.8688
kerrigan	1.8875
kerrs	2.0100
kerry	2.1100
kersey	1.7167
kestrel	1.9429
ketch	1.6860
ketches	1.6257
ketchup	2.4043
kettle	2.0500
kettled	2.4857
kettles	1.9429
kevin	1.8400
kewpie	1.7333
keyboard	1.7000
keychain	1.6225
keyed	2.2600
keyes	1.5000
keyfob	1.6000
keyless	1.9143
keynes	2.4667
keypad	1.7750
keyring	1.5571
keys	1.4625
keystone	1.7438
keyway	1.6500
keyword	1.5786
khaan	1.9800
khadija	1.4071
khaki	2.1500
khakis	2.0083
khan	1.4500
khanates	1.6188
khans	1.4200
kharkov	1.7071
khasi	1.4900
khem	1.4625
khiva	1.6500
khmer	2.3700
khoisan	1.6429
kiang	2.2900
kiangs	2.1250
kibes	2.3800
kick	2.4575
kicker	2.2467
kicks	2.2260
kickshaws	2.4533
kicky	2.3260
kiddies	2.2929
kiddin	2.5000
kidding	2.3286
kiddish	2.2429
kidnap	2.2750
kidnaper	2.1625
kidnapper	2.4667
kidnaps	2.1357
kidney	2.1833
kidneys	2.0571
kids	2.2875
kieran	2.3000
kiernan	2.2286
kifer	2.2800
kilauea	2.1714
kildare	2.2143
killala	2.4500
killarney	2.4222
killiney	2.4563
killing	2.5000
killingly	2.2889
killings	2.3500
killybegs	2.4111
kilns	2.3900
kilts	2.3900
kimball	2.4929
kimberley	2.1389
kimberly	2.2000
kinch	2.3860
kincora	2.2400
kind	2.4375
kinda	2.2700
kindle	2.1167
kindles	2.0000
kindless	2.2250
kindlier	2.0438
kindliest	2.0278
kindling	1.9875
kindlings	1.9111
kindly	2.1417
kindness	2.2875
kinds	2.2100
kiner	2.4600
kinesis	2.0786
kinetic	2.3186
kinfolks	2.4125
king	2.4875
kingbirds	2.4000
kingdom	2.1286
kingdoms	2.0250
kinglake	1.9500
kingless	2.2500
kinglet	2.1714
kinglets	2.0625
kingly	2.1750
kingpin	2.2714
kings	2.2500
kingship	2.2375
kingsland	1.8944
kingsley	2.0000
kingsmill	2.4111
kingsport	2.3778
kingston	2.2125
kingstown	2.1722
kingwood	2.4250
kinks	2.3700
kinky	2.4700
kinross	2.4571
kinsale	2.0714
kinsella	2.3875
kinsey	2.3667
kinsfolk	2.4750
kinship	2.3714
kinships	2.2375
kinsman	2.1643
kinsmen	2.1714
kiosk	2.3200
kiosks	2.1500
kipling	2.2571
kiri	2.4750
kirk	2.3375
kirke	2.2000
kirov	2.4000
kirsch	2.2717
kirtles	2.4000
kirwan	2.2667
kish	2.3375
kishinev	2.2812
kismet	2.3000
kissable	2.4125
kissing	2.3857
kissingen	2.2389
kitchen	2.1971
kitchens	2.0850
kitchin	2.3257
kitching	2.1975
kites	2.3000
kith	2.4625
kits	2.4625
kitsch	2.3217
kittenish	2.4056
kitties	2.4929
kivas	2.3900
klang	1.5200
klansman	1.6000
klara	1.6800
klaxon	1.9150
kled	2.4125
kleenex	2.0843
kleiber	1.7214
klein	1.6200
kleine	1.6250
kleist	1.6833
klemperer	1.9056
klich	1.5660
klieg	1.6600
kline	1.6200
klingsor	1.5625
klopstock	2.2978
kluckhohn	2.0700
knack	1.6760
knacker	1.7186
knackers	1.6663
knacks	1.6133
knapp	2.3600
knapsack	1.7100
knapsacks	1.6644
knave	1.7700
knavery	1.8071
knaves	1.6917
knavish	1.6214
knead	1.5500
kneading	1.5750
knee	2.1750
kneehigh	1.8813
kneeing	1.9357
kneel	2.0000
kneeled	2.3929
kneelers	1.8688
kneeling	1.8563
kneels	1.8833
kneepans	1.9750
knees	2.0000
knell	1.9300
kneller	1.9000
knelling	1.8125
knelt	1.5300
knew	1.6250
knewest	1.7929
knick	1.7460
knickers	1.7100
knife	1.6600
knifed	2.2333
knifing	1.6429
knight	1.6750
knighted	2.1000
knightly	1.6438
knights	1.6214
knill	2.3100
knit	1.8625
knits	1.7500
knitter	2.2000
knitters	2.0875
knitting	2.0750
knive	1.8400
knives	1.7500
knob	2.0125
knobbiest	2.2056
knobbly	2.2500
knobby	2.4083
knobs	1.8700
knock	1.8060
knockdown	1.7589
knocked	2.2543
knocker	1.8114
knockers	1.7475
knocketh	1.7850
knockin	2.3686
knocking	2.2350
knockings	2.1311
knockout	1.8850
knocks	1.7217
knoe	1.9000
knot	1.9375
knothole	2.3438
knotholes	2.2278
knots	1.8100
knotter	2.2429
knottier	2.1688
knottiest	2.1389
knotting	2.1125
knotty	2.3083
knout	1.8500
know	1.9750
knowable	1.9188
knowe	2.0100
knower	2.0083
knowest	1.9929
knoweth	1.9500
knowin	1.9083
knowing	1.8214
knowingly	1.7611
knowings	1.7563
knowle	1.8083
knowledge	2.1556
knowles	1.7357
known	1.9400
knox	2.0725
knoxville	2.1989
knuckle	2.3471
knuckles	2.2163
knucks	2.3800
kobayashi	1.8333
kobold	2.3833
kobolds	2.2286
koch	1.7825
kock	1.7325
kodak	1.5300
kodaks	1.4917
koehler	1.7500
kohala	1.6083
kohi	1.9000
kohl	1.7375
kohler	1.7667
kokand	1.5750
koltsov	2.2857
komarov	1.9143
kombo	1.9600
kommen	2.2500
kommt	2.3700
kona	1.8375
kong	1.7625
konga	1.7300
konishi	1.9357
konitz	2.2133
kont	1.8875
kooks	2.1400
kooning	2.3071
kopek	1.9000
korah	1.6500
koran	1.7500
korea	1.7200
korean	1.7333
kornbluth	1.6833
korner	1.8000
korngold	2.1000
kornilov	2.4688
korolenko	2.3000
korsh	1.5900
kory	1.7875
kosher	1.6833
kosmic	1.9467
kosmos	1.8833
kossuth	1.9357
kosti	1.8800
kostia	1.8333
kostka	1.7417
kostya	1.8583
koth	1.7375
koti	1.8250
kotzebue	2.2163
kowtowing	1.8722
kraals	1.8167
kraft	2.3000
krait	1.5300
kraken	1.4583
krakens	1.4357
krakow	1.6667
kramer	1.6083
kran	1.5000
krantz	1.7967
krapp	2.3000
krasnaya	1.6000
krasnov	1.8071
krause	1.5750
krauts	1.4667
krebs	1.7500
kremlin	1.6714
kremlins	1.6250
kreutzer	1.9100
krieger	1.6643
krim	1.5375
krishna	2.0357
kriss	1.8700
krist	1.6300
kristos	1.6286
kroger	1.5833
krol	2.4625
kron	1.6125
kronberg	2.2000
kronecker	2.2589
kropotkin	2.2056
krout	1.5700
krug	1.3500
kruger	1.5083
krupa	1.7200
krupskaya	1.6000
krush	1.3400
krutch	1.5467
krys	1.4250
krystal	1.6000
ksan	1.4500
ksenia	1.8333
kubla	1.5200
kuda	1.3250
kudos	1.3900
kudzu	1.6160
kuka	1.5250
kulich	1.6050
kulp	1.9750
kuprin	1.7583
kurd	1.3000
kurdistan	1.5722
kurds	1.3000
kurhaus	1.4000
kursaal	1.7714
kursk	1.3000
kurt	2.1000
kurtz	2.2760
kuss	1.9250
kutuzov	1.7900
kuzmich	1.9014
kuznetsov	1.8089
kvas	1.5750
kwajalein	1.5278
kwang	1.5500
kylix	1.7980
kyrie	1.5400
kyries	1.5000
kyrios	1.6333
laban	1.8400
label	1.7700
labeled	2.2286
labeling	1.7125
labelled	2.4250
labels	1.6917
labeo	1.9000
labial	1.7250
labials	1.6643
labiate	1.9000
labienus	2.4000
lablache	1.8038
labor	1.8500
labored	2.2857
laborer	1.8429
laborers	1.7750
laboring	1.7625
laborious	1.7944
labors	1.7583
labour	1.7917
laboured	2.1875
labourer	1.8000
labourers	1.7444
labouring	1.7333
labours	1.7214
labrador	2.4312
labyrinth	1.7500
lacefield	2.2589
lacework	2.4162
lachaise	1.7475
lachrymal	2.2756
laci	1.8325
lacie	1.7960
lacing	1.7550
lacings	1.6900
laciniate	1.9811
lack	1.6950
lackaday	1.6725
lacked	2.2550
lackey	1.7050
lackeys	1.6471
lackin	2.3883
lacking	2.2329
lackland	1.6350
lacks	1.6160
lacon	1.9060
laconic	2.0371
lacour	1.7717
lacquer	1.9043
lacquered	2.2311
lacquey	1.8757
lacrosse	2.2225
lacteal	1.8757
lactic	2.0350
lacus	1.6960
lacy	1.8700
ladakh	1.4167
ladders	2.4357
laddies	1.8143
laden	2.3900
ladie	1.5600
ladies	1.5167
lading	1.5583
ladle	1.4900
ladled	2.0917
ladles	1.4583
ladling	1.5214
ladoga	1.5583
ladrones	1.7000
lads	1.4500
lady	1.5750
ladybird	1.5813
ladye	1.5900
ladylike	2.1000
ladylove	2.2375
ladys	1.5200
ladyship	1.7813
ladyships	1.7278
ladysmith	1.6944
laertes	2.0857
laertius	2.0125
laetrile	2.1313
lafayette	1.9667
lafe	1.5125
laff	1.9750
laffan	1.8833
laffin	1.9083
lafitte	1.9714
lagan	1.6200
lager	1.6700
lagers	1.6083
laggard	1.9286
laggards	1.8500
lagger	2.0250
lagging	1.9071
lagniappe	2.2000
lago	1.6625
lagoon	2.1667
lagoons	2.0429
lagrange	2.0688
lags	1.5000
laguardia	1.6056
lagunas	2.4143
lahaina	1.5643
lahore	1.6833
laic	1.6325
laid	1.4125
lain	1.6125
laing	1.5500
lair	1.5125
laird	1.4300
lairs	1.4700
lais	1.4625
laish	1.4300
laisser	2.0143
laissez	2.1543
lait	1.5875
laity	1.6300
lakas	1.4800
lake	1.4125
lakebed	2.2429
lakeman	1.5500
lakes	1.3900
lakeshore	1.5722
lakeside	1.9187
lakeview	1.7250
lakewood	1.8875
lakin	2.3100
lala	1.4500
lalage	1.5417
lalaurie	1.5125
lall	2.0000
lally	1.9600
lalor	2.3300
lama	1.5750
lamanites	1.7333
lamar	1.7200
lamarck	1.6829
lamartine	2.0111
lamas	1.6200
lamb	1.7000
lambasted	2.1722
lambda	1.5833
lambe	1.7100
lambency	1.7663
lambent	1.7357
lambert	2.1214
lamberts	2.0188
lambeth	1.7357
lambkin	2.2071
lambkins	2.0938
lambs	1.6200
lambskin	2.0938
lambskins	2.0056
lame	1.5875
lamed	2.2900
lamellate	1.9222
lamely	1.5750
lameness	1.8625
lament	1.6583
lamented	2.0875
lamenting	1.6444
laments	1.6071
lames	1.5300
lamh	2.5000
lamia	1.8100
laminar	1.8929
laminate	1.9000
laminated	2.2556
laming	1.7750
lammas	2.0667
lamming	2.1357
lamont	1.9083
lamp	2.0500
lampblack	1.8978
lampert	2.3071
lamplight	1.7278
lamplit	1.8500
lampoon	2.3571
lamppost	2.3688
lampposts	2.2500
lamps	1.9000
lampshade	2.1833
lampstand	1.8444
lampwick	1.8600
lana	1.5750
lanai	1.5900
lanais	1.5417
lancaster	1.8144
lancers	2.4471
lancets	2.4900
lancing	1.6471
lancret	1.8900
lancs	1.5960
land	1.4500
landau	1.4833
landaulet	1.6611
landaus	1.4571
lande	2.2900
landes	2.1250
landfall	1.7500
landfalls	1.7000
landfill	1.8563
landing	1.5214
landings	1.4938
landis	1.4583
landlady	1.5125
landless	1.7313
landlord	1.9563
landlords	1.8833
landmark	1.5750
landmarks	1.5444
landmen	1.5786
landon	1.6083
landor	1.5417
landover	1.6625
landowner	1.6833
landry	1.6500
lands	1.4200
landscape	1.7256
landseer	1.9625
landside	1.9375
landslide	1.8667
landslip	1.6188
landsman	1.5375
landsmen	1.5438
landward	1.5938
lane	1.5875
lanes	1.5300
laneway	1.6714
laneways	1.6250
lang	1.5000
langage	1.5786
langdon	1.5643
lange	1.5300
langer	1.6083
langes	1.4917
langford	1.7562
langhorne	1.6667
langlands	1.4556
langley	1.5357
langton	2.2357
language	1.5688
languages	1.5389
languedoc	2.0200
langues	1.4929
languid	1.5357
languidly	1.5389
languish	1.5313
languor	1.6357
languors	1.5938
lanier	1.8500
lanigan	1.7357
lank	1.6500
lankness	1.8938
lanky	1.6800
lanner	2.1083
lanneret	2.0750
lansdowne	1.6611
lante	1.6300
lantern	1.7071
lanterns	1.6563
lanthorn	1.7313
lanugo	2.4917
lanyard	2.4286
lanyards	2.2875
laocoon	2.1614
laodicean	2.2367
laon	1.6875
laos	1.5375
lapboard	1.7937
lapdog	1.6083
lapdogs	1.5643
lapel	1.6500
lapels	1.5917
lapful	1.6500
lapfuls	1.6000
lapham	1.6667
lapidary	1.7188
lapide	2.2833
lapin	1.7700
lapis	1.6500
lapland	1.5857
laplander	2.0833
lappets	2.2071
lappin	2.2917
lapping	2.1500
laprobe	1.8000
laps	1.6500
lapse	1.8100
lapsed	2.3583
lapses	1.7250
lapsing	1.6357
lapstrake	1.9500
lapsus	1.5667
lapt	1.7750
lapwing	1.7286
laramie	1.8571
larboard	2.4688
larcenies	2.4367
larch	1.7160
larches	1.6471
lard	1.5750
larder	2.3250
larders	2.1786
larding	1.5929
lardner	1.6786
lards	1.5200
lardy	1.6200
laredo	2.3167
larga	2.4200
large	2.4300
largely	2.1786
largeness	2.3000
larger	2.3583
largess	2.4643
largesse	2.4625
largest	2.2929
largish	2.1071
largo	2.4900
lariat	1.8417
lariats	1.7643
larissa	1.9357
lark	1.5750
larke	1.5900
larkin	2.3083
larking	2.1643
larkins	2.1643
larks	1.5200
larkspur	1.6250
larn	1.7500
larned	2.2917
larousse	2.0250
larrey	2.1083
larrup	2.2667
larry	2.2000
lars	1.6250
larsen	1.7917
lartius	1.9929
lary	1.7500
lasagna	1.6429
lasalle	1.8643
lascar	1.8967
lascars	1.8114
lash	1.5000
lashed	2.1250
lashers	1.5643
lashes	1.4917
lashing	1.6643
lashings	1.6188
lass	2.1250
lassalle	2.1063
lasse	2.1900
lassen	2.1250
lasses	2.0417
lassie	1.9667
lassies	1.8714
lassitude	2.2444
lasso	2.0900
lassoed	2.4571
lassoes	1.9143
lassos	1.9583
lassus	1.8833
lassy	2.0600
last	1.8250
laste	1.7900
lasted	2.3417
lasting	1.7357
lastingly	1.6944
lastly	1.7333
lasts	1.7200
latch	1.7760
latched	2.2329
latches	1.6900
latching	1.8163
latchkey	1.7413
late	1.7875
latecomer	2.4589
lated	2.4500
lateen	2.1833
lately	1.7083
latency	1.8186
lateness	1.9625
latenight	1.7889
latent	1.7917
latently	1.7313
later	1.8300
lateral	1.7214
laterally	1.9611
lateran	1.7929
latest	1.8417
lath	1.7000
latham	1.7000
lathe	1.6900
lather	1.7417
lathered	2.1500
lathering	1.7000
lathers	1.6786
lathes	1.6250
lathing	1.7786
lathrop	1.8786
laths	1.6200
latigo	1.7333
latin	1.8100
lating	1.7250
latinist	1.9625
latinity	1.9250
latins	1.7250
lation	1.9167
latitude	2.1500
latitudes	2.0556
latorre	2.0857
latria	2.1250
latrine	2.1000
latrines	2.0000
latrobe	2.1857
latten	2.2083
latter	2.2417
latterday	1.9944
latterly	2.0688
latters	2.1071
lattimer	2.1250
laud	1.3750
laudable	1.6188
laudamus	2.1500
laudate	1.6214
laudation	1.7444
laudatory	1.6611
lauder	2.1917
lauding	1.4786
laugh	1.4000
laughable	1.6056
laughably	1.6222
laughed	1.9643
laugher	1.5214
laughers	1.4938
laughin	1.6214
laughing	1.5813
laughlin	1.5438
laughs	1.3833
laughter	1.5563
launch	2.4967
launches	2.2412
launching	2.2922
laundress	2.4278
laundry	2.4143
laur	1.4750
laura	1.5000
laurance	2.3037
lauras	1.5500
laureat	1.6786
laureate	1.6750
laureates	1.6333
laureen	1.9286
laurel	1.4750
laurels	1.4500
lauren	1.5583
laurence	2.3100
laurent	1.5929
laurie	1.5333
lauro	1.5700
laus	1.4250
lausanne	1.8813
laut	1.5500
lautner	1.6643
lava	1.7750
laval	1.6800
lavas	1.7800
lavater	1.9071
lavatory	1.8688
lave	1.8125
laved	2.4700
lavendar	1.7563
lavender	2.2250
lavery	1.8417
laves	1.7100
lavina	1.7750
laving	1.7250
lavington	2.2222
lavinia	1.9143
lavish	1.6250
lavished	2.0625
lavishes	1.5875
lavishing	1.7111
lavishly	1.6688
lavoisier	1.7444
lawford	1.7143
lawful	1.8417
lawfully	2.0813
lawgiver	1.8688
lawgivers	1.8056
lawless	1.9571
lawlessly	1.8667
lawmaker	1.7250
lawmakers	1.6778
lawmaking	2.1111
lawman	1.8083
lawmen	1.8167
lawn	1.8625
lawnmower	2.3222
lawns	1.7500
lawr	1.9125
lawson	2.4667
lawsuit	2.3429
lawsuits	2.2125
lawton	1.9667
lawyer	1.8500
lawyers	1.7714
laxative	1.9300
laxity	1.8817
laxness	2.0843
layard	1.6167
layer	1.6700
layered	2.1571
layers	1.6083
layeth	1.6583
layette	2.0857
layin	1.7500
laying	1.6750
layout	1.7417
lays	1.5000
laziest	2.4257
lazybones	2.2756
lazying	2.4186
leach	1.7260
leached	2.1971
leaching	1.7850
lead	1.5375
leaden	2.2667
leadenly	2.1875
leader	2.3000
leaders	2.1571
leadeth	2.2000
leadin	1.6167
leading	1.5714
leads	1.4900
leadsman	1.5813
leadville	1.9944
leaf	1.5125
leafage	1.5857
leafed	2.1333
leafiest	1.6563
leafing	1.5571
leafless	1.7625
leaflet	1.6143
leaflets	1.5750
leafy	1.5700
league	1.5833
leagued	2.0857
leaguer	1.6429
leagues	1.5429
leaguing	1.6500
leah	1.4625
leahy	2.3300
leak	1.4125
leakage	1.5286
leaked	2.0667
leaking	2.0714
leaks	1.3900
leaky	1.4900
leal	1.4625
leale	1.5000
leam	1.5875
lean	1.5875
leander	2.1571
leaned	2.1833
leaner	1.6667
leanest	1.7000
leanin	1.8333
leaning	1.7571
leanings	1.7000
leanly	1.7083
leanness	2.1750
leans	1.5300
leant	1.6300
leanto	1.6833
leap	1.7375
leaped	2.2833
leapers	1.7000
leapfrog	2.0875
leapin	1.7500
leaping	1.6857
leaps	1.6500
leapt	1.7500
lear	1.7125
learn	1.7300
learned	2.2000
learnedly	2.0556
learner	1.7571
learners	1.7000
learning	1.8250
learnings	1.7667
learns	1.6583
learnt	1.7417
leary	1.7300
leas	1.5875
lease	1.7600
leased	2.3167
leases	1.6833
leash	1.5300
leashed	2.0571
leashes	1.5143
leasing	1.6000
leask	1.4900
least	1.7900
leastways	1.7333
leastwise	1.8111
leasure	1.5714
leat	1.7875
leath	1.6900
leather	1.7286
leathered	2.0944
leathern	1.7375
leathers	1.6750
leathery	1.7375
leave	1.7800
leaved	2.3333
leaven	1.7833
leavened	2.1813
leavening	1.8500
leaver	1.8167
leaves	1.7000
leavin	1.7833
leaving	1.7143
leavings	1.6625
leavitt	2.1286
leavy	1.7900
lebanon	2.0714
leben	1.9400
lecherous	2.2367
lechers	2.3829
lechery	2.4543
leching	2.4829
leclair	2.3543
leclercq	2.4950
lecturer	2.4975
lecturers	2.3644
lectures	2.4100
lecturing	2.3533
leda	2.4125
ledge	2.3000
ledger	2.2500
ledgers	2.1143
ledges	2.1333
ledoux	2.3067
ledwidge	2.0250
ledyard	2.1214
leek	2.0500
leeks	1.9000
leer	2.2750
leering	1.9929
leeringly	1.8944
leers	2.0800
leery	2.1800
lees	2.1000
leesburg	2.4500
leese	2.1700
leeson	2.0417
leet	2.3500
leetle	2.0583
leets	2.1400
leeuwin	2.0143
leeward	2.0071
leeway	2.0750
leff	2.0625
lefferts	2.1875
lefthand	2.0438
leftist	2.3000
leftover	2.2563
lefts	2.3700
leftward	2.1875
legacies	1.7538
legacy	1.8717
legal	1.5900
legalised	2.0500
legalism	1.5875
legality	1.6500
legalize	1.9038
legalized	2.2589
legally	1.9357
legare	1.7667
legate	1.8167
legatee	2.1500
legatees	2.0438
legation	1.9062
legato	1.8667
lege	1.6750
legem	1.7000
legen	1.7000
legend	1.6000
legendary	1.7000
legendry	1.7125
legends	1.5571
leger	1.7400
leges	1.6000
legg	2.2125
leggatt	2.4786
legget	2.1333
legging	1.9571
leggings	1.8750
leggins	1.9571
leggo	2.1600
leggs	2.0300
leggy	2.1300
leghorn	1.7714
legible	1.6786
legibly	1.7000
legion	1.8417
legionary	1.8611
legions	1.7643
legless	1.8714
legros	2.3000
legs	1.5875
lehi	1.6750
lehigh	1.5500
leibowitz	1.8922
leicester	2.3644
leigh	1.4400
leighton	1.6062
leinster	1.7563
leipsic	1.7757
leipzig	1.9043
leisure	1.5071
leisured	1.9562
leisurely	1.5167
leith	1.5400
leitmotiv	1.8333
leitrim	1.9929
leixlip	1.8271
lejos	1.6000
lekythos	1.6250
leland	1.4583
leman	1.6300
lemans	1.5750
lemme	2.1400
lemming	2.1429
lemmings	2.0375
lemnos	2.2333
lemon	1.9400
lemonade	2.3188
lemonades	2.2056
lemons	1.8333
lemuel	2.4500
lemuria	2.3571
lemurian	2.2875
lena	1.5875
lend	1.4625
lender	2.2500
lenders	2.1143
lending	1.5286
lendings	1.5000
lends	1.4300
lenehan	1.5857
leng	1.5125
length	2.1917
lengthen	2.0750
lengthens	1.9889
lengthily	2.1667
lengths	2.0643
lengua	1.5250
leni	1.8750
leniency	1.8413
lenient	1.8214
leniently	1.7611
lenin	1.8800
leningrad	2.1556
leninism	1.9063
leninists	1.9278
lenitive	1.8125
lenity	1.8500
lennie	2.2417
lennon	2.3333
lennox	2.4067
lenora	1.8167
lenore	1.8250
lenormand	1.7333
lenox	2.0280
lens	1.5125
lensed	2.2667
lenses	1.6333
lenski	2.1333
lent	1.6375
lente	1.6400
lenten	1.6667
lentigo	1.6357
lentils	1.6571
lents	1.5700
lentulus	1.6188
leon	1.7000
leona	1.6800
leonard	1.6857
leonarda	1.6750
leonardo	1.7188
leonardos	1.6722
leonards	1.6375
leonato	1.8500
leone	1.6900
leones	1.6250
leonidas	1.7563
leonids	1.7071
leonie	1.8667
leonine	1.8714
leonora	1.8500
leonore	1.8571
leontes	1.6500
leontine	1.7250
leontini	1.8625
leopard	1.8286
leopardi	1.8063
leopards	1.7625
leopold	2.3071
leopoldo	2.2625
leotards	1.6250
lepanto	1.7857
lepcha	1.7050
lepel	1.6600
leper	1.8000
lepers	1.7167
lepidus	1.5571
leporine	1.7500
leprosy	1.7000
leprous	1.6571
leps	1.6625
lept	1.7875
lepton	1.8333
leptons	1.7571
leptosome	1.7667
lequel	1.6333
lermontov	1.9167
lerner	1.7333
leroy	1.7400
lesbian	1.7429
lesbians	1.6875
lesbos	1.7333
lescaut	1.7043
lesen	1.7000
lesion	1.7083
lesions	1.6500
leskov	1.6500
leslie	1.4750
less	2.0125
lesse	2.1000
lessee	2.4417
lessen	2.0500
lessened	2.3813
lessening	2.0278
lessens	1.9429
lesser	2.0833
lessing	1.8429
lesson	1.9833
lessons	1.8857
lest	1.7125
lester	1.7500
lestrange	1.9111
letch	1.7260
leth	1.6375
lethal	1.5750
lethargic	2.1533
lethargy	2.1938
lethe	1.6400
lethean	1.6571
leto	1.8000
lets	1.6375
lett	2.3875
letter	2.2000
lettered	2.4937
lettering	2.0056
letters	2.0714
lettin	2.1833
letting	2.0571
lettres	2.3571
leuctra	2.1329
leur	1.4875
leurs	1.4500
levant	1.8417
levanted	2.2250
levanter	1.8375
levantine	1.8056
levchenko	1.9144
leve	1.9000
levee	2.3500
levees	2.1750
level	1.7800
leveled	2.2357
leveler	1.7929
levelers	1.7313
leveling	1.7188
levell	2.1167
levelled	2.4312
leveller	2.0438
levellers	1.9611
levelling	1.9500
levelly	2.0714
levelness	1.9389
levels	1.7000
leven	1.8800
lever	1.9200
leverage	1.8313
levered	2.3357
leverett	2.2313
levers	1.8167
leverson	1.8438
levi	1.8750
leviathan	1.8222
levied	2.3750
levies	1.7417
levin	1.8800
levis	1.7600
levitan	1.8143
levitates	1.8278
levite	1.8250
levites	1.7500
leviticus	1.7478
levity	1.8500
levy	1.9125
levying	1.8571
lewd	1.7000
lewdly	1.6500
lewdness	1.9188
lewers	1.7250
lewis	1.5700
lewisham	1.5688
lewisohn	2.1125
lewy	1.6750
lexical	1.7029
lexicon	1.8386
lexicons	1.7712
lexington	2.2100
leyden	2.2167
leyland	1.6214
leyte	1.6400
leyva	1.6300
lhasa	1.5200
liability	1.8278
liable	1.7333
liaison	1.6214
liaisons	1.5813
liana	1.5900
lianas	1.6250
liar	1.7125
liard	1.5900
liars	1.6300
libation	1.9063
libations	1.8389
libby	2.2900
libel	1.6200
libeled	2.1214
libeller	1.9438
libelling	1.8611
libellula	1.9000
libelous	2.1063
libels	1.5667
liber	1.7600
liberal	1.6714
liberally	1.9222
liberals	1.6250
liberate	1.8313
liberated	2.1944
liberator	1.8278
liberian	1.7313
libert	2.1833
libertad	2.0375
liberte	2.1071
liberties	1.9667
libertine	2.0333
liberty	2.1286
libido	1.6250
libidos	1.5786
libitum	2.4714
librairie	2.2333
librarian	2.3333
libraries	2.2833
libs	1.5875
libya	1.6900
libyan	1.7083
licensing	2.2256
lich	1.5575
lichen	1.6133
lichened	2.0537
lichens	1.5686
lichfield	1.4367
licio	1.8060
lick	1.5075
licked	2.1300
licker	1.6133
lickers	1.5686
lickety	1.6829
lickin	2.2633
licking	2.1257
lickings	2.0225
licks	1.4660
licky	1.5660
licorice	2.3950
lictors	1.7971
lidia	1.4600
lidless	1.7286
lido	1.5000
lids	1.3375
lieber	1.9250
liebes	1.8083
liebling	1.7437
lied	2.4250
lief	1.6000
liefest	1.7071
liege	1.6700
liegeman	1.6938
liegemen	1.7000
lieges	1.6083
lien	1.6000
liens	1.5400
lies	1.4750
liest	1.7000
lieth	1.6400
lieu	1.5250
lieut	1.5800
lieve	1.8500
life	1.4000
lifebelt	1.7063
lifeblood	2.4000
lifeboat	1.8687
lifeboats	1.8056
lifebuoy	1.8187
lifeforms	1.5500
lifeless	1.7063
lifelike	1.9125
lifelines	1.4889
lifelong	2.0063
lifemate	1.6563
lifer	1.5200
lifes	1.3800
lifesize	1.7725
lifestyle	1.6722
lifetime	1.6375
lifetimes	1.6000
liffey	1.8167
lift	2.4375
lifter	2.2333
lifters	2.1000
lifting	2.0857
lifts	2.2100
lifu	1.3625
ligament	1.6125
ligaments	1.5778
ligature	1.6375
light	1.4700
lightbox	2.4050
lightbulb	2.2944
lighted	2.0143
lighten	1.5429
lightened	1.9500
lightens	1.5125
lighter	1.5714
lighters	1.5375
lightest	1.6125
lightfoot	2.2833
lightin	1.5571
lighting	1.5250
lightish	1.4500
lightless	1.7111
lightly	1.4929
lightness	1.7667
lightnin	1.7250
lightning	1.6778
lights	1.4417
lightship	1.7000
lightsome	1.5722
ligne	1.5400
ligneous	1.5562
lignified	2.0222
liguori	1.6214
likable	2.2143
like	2.4250
likeable	2.1438
likelier	2.0375
likeliest	2.0222
likely	2.1333
liken	2.3000
likeness	2.2812
likens	2.1333
liker	2.3400
likes	2.2000
likest	2.2667
likewise	2.1313
lila	1.6625
lilac	1.8860
lilacs	1.7883
lilas	1.6900
lilian	1.6833
lilias	1.6833
lilies	1.6083
liliput	1.8429
lilith	1.6333
lillian	1.9857
lilly	2.1300
lilt	1.7125
lilting	1.6714
lilts	1.6300
lily	1.7125
lilywhite	1.7778
lima	1.6125
limb	1.7375
limbed	2.3000
limber	1.7833
limbered	2.1812
limbless	1.8750
limbo	1.7800
limbos	1.7000
limbs	1.6500
limburger	2.1000
limbus	1.6250
lime	1.6250
limed	2.3200
limehouse	1.7556
limelight	1.5389
limerick	1.6538
limericks	1.6144
limes	1.5600
limestone	1.7667
limewash	1.6438
limit	1.8800
limited	2.3071
limiter	1.8643
limiting	1.7813
limitless	1.9389
limits	1.7833
limn	2.2875
limner	2.1333
limning	2.1571
limo	1.9750
limoges	1.7357
limonade	2.3312
limousine	1.7667
limp	2.0875
limper	2.0000
limpet	2.0500
limpia	1.9333
limpid	1.8500
limpidity	1.8167
limping	1.8857
limply	1.9083
limpness	2.1250
limps	1.9300
lina	1.6125
linares	1.6714
linch	1.6260
lincoln	2.2686
lincolns	2.1475
lind	1.4875
linda	1.5100
linden	2.2333
lindens	2.1000
linder	2.2667
lindley	1.5286
lindo	1.5800
lindon	1.6333
lindsay	1.5214
lindsey	1.6429
lindy	1.5500
line	1.6250
linea	1.6200
lineage	1.6500
lineages	1.6063
lineal	1.5667
lineally	1.8750
lineament	1.6833
linear	1.7333
lined	2.3200
linen	1.6600
linens	1.6000
liner	1.7000
liners	1.6333
lines	1.5600
lineup	1.8167
ling	1.5375
lingam	1.5917
lingams	1.5500
lingard	1.5929
linger	1.6333
lingered	2.0687
lingerer	1.6812
lingerie	1.6375
lingering	1.6278
lingers	1.5857
lingo	1.6200
lingoes	1.5786
lings	1.4900
lingua	1.5417
lingual	1.5071
linguist	1.7125
linguists	1.6667
liniment	1.8438
liniments	1.7833
lining	1.8000
linings	1.7286
link	1.6875
linkage	1.6857
linkages	1.6375
linkboy	1.8000
linked	2.2500
linkin	2.3833
linking	2.2286
links	1.6100
linn	2.2875
linnaeus	2.0000
linnet	2.1833
linnets	2.0571
lino	1.9750
lins	1.5375
linsey	1.7333
linstock	1.7225
lint	1.6625
lintel	1.6000
linteled	2.0438
lintels	1.5571
linty	1.6900
linz	1.9325
lion	1.8250
lionel	1.7083
lioness	2.0071
lionised	2.3625
lionize	2.2400
lionizing	1.9756
lionne	2.2083
lions	1.7200
lipan	1.8500
lipari	1.9000
lipchitz	2.0450
lipless	1.9857
lippe	2.4800
lipper	2.4000
lippi	2.4800
lippman	2.2929
lips	1.7875
lipson	1.8333
lipstick	1.8100
lipton	1.9167
liquefied	2.0778
liquefies	1.6556
liqueur	1.6429
liqueurs	1.6000
liquid	1.6833
liquidate	1.7722
liquidity	1.7056
liquids	1.6286
liquified	2.0444
liquify	1.6857
liquor	1.8000
liquored	2.1937
liquorice	2.3978
liquorish	1.6722
liquors	1.7286
lira	1.5125
lire	1.5250
lisa	1.4625
lisbon	1.8333
lise	1.6750
lisle	1.4400
lismore	1.7500
lisp	1.6625
lisped	2.2333
lisping	1.6429
lisps	1.5900
lispy	1.6900
lissa	1.9300
lissome	1.9357
list	1.7125
lista	1.6900
listed	2.2667
listen	1.7167
listened	2.1313
listener	1.7438
listeners	1.6944
listenin	1.8688
listening	1.8056
listens	1.6571
lister	1.7500
listeth	1.7286
listing	1.6714
listings	1.6250
listless	1.8625
listo	1.7600
listos	1.6833
lists	1.6300
liszt	2.0060
litanies	1.7313
lite	1.6000
literacy	1.8225
literae	1.7786
literal	1.6143
literally	1.8778
literaria	1.7278
literary	1.7625
literate	1.7813
literati	1.7813
lithe	1.5400
lithely	1.5429
litheness	1.8056
lither	1.6167
lithesome	1.6111
lithia	1.6833
lithium	2.4714
litigant	1.6125
litigants	1.5778
litigated	2.0722
litigious	1.6222
litke	1.5000
litle	1.5400
litmus	2.4750
litre	2.0800
lits	1.5125
litt	2.2625
litta	2.1300
litten	2.0833
litter	2.1167
littered	2.4312
littering	1.9500
litters	2.0000
littl	2.0700
little	2.0000
littles	1.9000
littlest	1.9875
littleton	2.0167
littoral	1.9250
liturgies	1.9611
liturgy	2.1214
litz	1.9325
livable	1.7429
livadia	1.6000
live	1.6250
lived	2.3200
livein	1.6750
livelier	1.6375
liveliest	1.6667
livelong	2.1188
lively	1.6000
livened	2.1500
liver	1.7000
livered	2.1786
liveried	2.1125
liveries	1.6375
livermore	1.8333
livers	1.6333
livery	1.7167
lives	1.5600
livest	1.7333
livestock	1.7144
liveth	1.6833
livia	1.6000
livid	1.5000
lividly	1.5143
lividus	1.4714
livin	1.6600
living	1.6000
livings	1.5571
livres	2.4500
livy	1.6375
lizabeth	2.4600
lizard	2.4717
lizardi	2.3543
lizards	2.3043
lize	2.1450
lizzie	2.4183
llama	2.0200
llandudno	1.8944
llano	2.3100
llanos	2.1417
llave	2.2100
llaves	2.0583
llena	2.0300
ller	2.1875
lleva	2.2500
loadin	2.3333
loading	2.1857
loads	2.3500
loadstone	2.2056
loafer	2.3333
loafers	2.1857
loafing	2.1714
loafs	2.3300
loanda	2.2250
loaner	2.3833
loaning	2.3714
loans	2.3900
loathe	2.4000
loather	2.3429
loathes	2.2429
loathing	2.3000
loathly	2.3357
loathsome	2.1722
loaves	2.4167
lobengula	2.1556
lobes	2.4800
lobscouse	2.2922
lobster	2.4143
lobsters	2.2750
local	2.4260
locale	2.2967
localism	2.1100
localisms	2.0200
locality	2.1725
locates	2.3400
locating	2.2850
location	2.4287
locations	2.3033
locators	2.2725
lochiel	2.2757
lockable	2.2225
lockdown	2.1412
locke	2.3960
locker	2.3300
lockers	2.1829
lockes	2.2133
locket	2.3800
lockets	2.2257
lockhart	2.4788
lockjaw	2.2400
lockout	2.3400
locks	2.3260
locksmith	2.1422
lockstep	2.2850
lockup	2.4550
lockups	2.2900
lockwood	2.4725
locock	2.3767
locomotor	2.3756
locrian	2.4114
locrians	2.2725
locris	2.4633
locus	2.4060
locust	2.4383
locusts	2.2757
locution	2.3163
locutions	2.2033
lodge	2.3600
lodger	2.3000
lodgers	2.1571
lodges	2.1833
lodging	2.1429
lodgings	2.0375
lodgment	2.1500
lodovico	2.2100
lodowick	2.1225
logan	2.3900
loges	2.3000
loggers	2.4714
logging	2.4571
logic	2.4360
logica	2.2967
logical	2.1543
logically	2.2978
logician	2.1538
logicians	2.0589
logistics	2.1144
logos	2.3600
logs	2.4625
logue	2.3400
lohengrin	2.4833
loins	2.4200
loire	2.4100
loiter	2.3917
loiterer	2.2500
loiterers	2.1444
loitering	2.1333
loiters	2.2357
lombard	2.3214
lombardo	2.2750
lombards	2.1938
lombardy	2.2563
lombok	2.3833
london	2.3500
londoner	2.2188
londoners	2.1167
londres	2.2143
lonelier	2.1750
loneliest	2.1444
lonely	2.3167
loners	2.3500
lones	2.4200
lonesome	2.2000
longa	2.4100
longe	2.4200
longer	2.3500
longest	2.2857
longevity	2.2500
longford	2.3125
longhand	2.0312
longhorn	2.2250
longing	2.1857
longingly	2.0444
longings	2.0750
longish	2.1000
longitude	2.4611
longlegs	2.1000
longly	2.2583
longnose	2.3813
longs	2.3500
longshore	2.1056
longshot	2.2000
longue	2.2667
longues	2.1286
longwise	2.2250
longwood	2.4875
longworth	2.3833
loofahs	2.4143
loquacity	2.3089
loquitur	2.2625
lorcan	2.3717
lord	2.4625
lording	2.1000
lordliest	2.0389
lordling	2.0000
lordly	2.1583
lords	2.2300
lordsburg	2.4833
lordship	2.2250
lordships	2.1222
lordy	2.3300
lorelei	2.1429
loren	2.4400
lorentz	2.4257
lorenzo	2.4329
loreto	2.4417
lorina	2.3167
loris	2.3400
lorraine	2.4438
lorries	2.4786
losel	2.4600
losers	2.3833
loses	2.4600
losin	2.4200
losing	2.2333
loteria	2.2786
lothario	2.2937
lotharios	2.1833
lothian	2.3143
lothrop	2.3857
lotions	2.3357
lotteries	2.4000
lotus	2.3700
loud	2.4625
loudly	2.1583
loudness	2.3000
loudon	2.2833
lough	2.2700
loughlin	2.0875
loughs	2.1083
louis	2.4400
louisa	2.3000
louisana	2.1500
louise	2.4417
louisiana	2.0944
louring	2.1571
lours	2.3100
louse	2.5000
louses	2.3000
lousie	2.2250
lousy	2.3700
louth	2.3700
loutish	2.1143
louts	2.3700
louvain	2.2429
louver	2.3833
lovable	2.3571
lovably	2.3786
loveable	2.2812
lovejoy	2.3357
loveland	2.0750
loveless	2.3563
lovelier	2.1750
lovelies	2.0875
loveliest	2.1444
lovely	2.3167
lovering	2.2062
lovers	2.3500
loves	2.4200
lovesick	2.1037
lovesome	2.2000
lovesongs	2.0611
lovest	2.4500
loveth	2.4000
lovie	2.4700
loving	2.3167
lovingly	2.1250
lovings	2.1714
lowdown	2.4000
lowering	2.2750
lowerings	2.1667
lowermost	2.4556
lowers	2.4417
lowing	2.3417
lowland	2.1429
lowlands	2.0375
lowlier	2.2571
lowliest	2.2125
lowlife	2.1143
lowliness	2.3111
lowly	2.4600
loyal	2.3900
loyalest	2.1875
loyalist	2.1875
loyalists	2.0889
loyalties	2.0389
loyalty	2.2214
lozenges	2.3662
lubber	2.2083
lubberly	2.0438
lubbers	2.0786
lubbock	2.0757
lubell	1.9583
lubin	1.6900
lublin	1.6250
lubricate	2.3756
lubricity	2.3089
lubyanka	1.7000
luca	1.5950
lucan	1.6360
lucas	1.6360
lucca	2.1720
lucchese	1.9950
lucentio	2.4538
lucerne	2.4829
luch	1.5200
lucha	1.5360
lucia	1.6060
lucian	1.6383
luciana	1.6329
lucid	1.5060
lucida	1.5217
lucidity	1.5975
lucidly	1.5186
lucidness	1.7867
lucien	1.6467
lucifer	1.5829
lucifers	1.5475
lucilius	1.6225
lucille	1.9971
lucina	1.6550
lucinda	1.5757
lucio	1.7760
lucius	1.5383
luck	1.4700
lucked	2.1050
luckier	2.1686
luckies	2.0686
luckiest	2.1350
luckily	2.2043
lucking	2.1043
luckless	1.8037
lucknow	1.8114
lucks	1.4360
lucky	1.5360
lucrative	1.8644
lucre	1.8060
lucretia	1.8225
lucretius	1.7533
lucrezia	1.9075
lucullus	1.8725
lucus	1.5160
lucy	1.6450
ludicrous	1.6533
ludlow	2.1833
ludmila	1.7357
ludmilla	1.9938
ludvig	1.5750
ludwig	1.4667
ludwigs	1.4429
lueger	1.7000
luego	1.7000
luff	1.8250
luffed	2.3417
luffing	1.7357
luffs	1.7200
luga	1.4250
lugano	1.7583
lugar	1.6000
lugares	1.5643
luger	1.5500
lugg	1.9750
luggage	1.8500
lugged	2.4417
luggers	1.8357
lugging	1.8214
lugnuts	2.2857
lugs	1.3500
luigi	1.5800
luini	1.9200
luis	1.5625
luisa	1.5700
luitpold	2.1875
luiz	1.9575
luka	1.5750
luke	1.5875
lukewarm	1.7500
lukich	2.2717
lull	2.1750
lulla	2.0600
lullabies	1.9778
lullaby	2.1429
lulling	1.9357
lulls	2.0000
lully	2.1000
lulu	1.6000
lulus	1.5400
lumbering	2.3111
lumberman	2.3500
lumbers	2.4643
lumpishly	2.3833
lunacies	2.3850
lunatics	2.4038
lunchbox	2.4712
luncheon	2.3600
luncheons	2.2422
lunches	2.3329
lunching	2.3788
lunchtime	2.2644
lunges	2.3917
lunging	2.3214
lunkheads	2.1611
lupercal	1.7913
lupin	1.8500
lupine	1.8167
lupines	1.7429
lupus	1.7000
lura	1.4750
lurch	1.5360
lurched	2.0614
lurches	1.5186
lurching	1.6663
lure	1.4875
lured	2.2100
lures	1.4500
lurid	1.4100
luridly	1.4500
luring	1.5250
lurk	1.3500
lurked	2.0250
lurking	2.0357
lurks	1.3400
lusby	1.7600
luscious	1.7225
lush	1.3500
lushes	1.3917
lushness	2.2438
lushy	2.2400
lusignan	1.5312
lusk	1.3000
lussac	2.0467
lust	1.6750
lusted	2.2417
luster	1.7250
lustful	2.1857
lustier	1.7143
lustiest	1.7375
lustihood	1.9944
lustily	1.7500
lustiness	1.8889
lustre	2.0583
lustres	1.9500
lustring	1.9438
lustrous	1.9312
lusts	1.6000
lusty	1.7000
lusus	1.3800
lute	1.5625
lutenist	1.8375
lutenists	1.7778
lutes	1.5100
luther	1.5917
lutheran	1.6187
lutte	2.1100
lutter	2.0917
lutton	2.1250
luxe	1.9725
luxemburg	2.2322
luxor	1.7180
luxuriant	1.6656
luxuriate	1.7378
luxuries	1.5925
luxurious	1.6711
luxury	1.6567
luys	2.1000
luzhin	1.8883
lvii	2.2250
lxii	2.3600
lxiv	1.7725
lxix	1.9075
lxvi	1.8975
lxvii	2.3480
lxxiv	2.3860
lxxix	2.4940
lxxvi	2.4860
lycaon	1.7550
lycaonia	1.8600
lychgate	1.6913
lycian	1.6883
lycidas	1.6043
lycoris	1.6400
lycurgus	2.0225
lydia	1.4900
lydian	1.5417
lyeth	1.6700
lyford	1.4417
lyin	1.7875
lying	1.6900
lyke	1.6625
lyncher	2.4757
lynches	2.3757
lynching	2.4163
lyon	1.8625
lyons	1.7500
lyrate	1.7417
lyre	1.5625
lyres	1.5100
lyric	1.6460
lyrical	1.5900
lyricism	1.6225
lyricist	1.7225
lyricists	1.6756
lyrics	1.5883
lyrist	1.6917
lysander	2.0688
lysenko	1.9000
lysippus	2.0813
lyster	1.7750
lyttelton	1.9778
lyttleton	2.0333
lytton	2.1750
lyuba	2.1600
lyubov	2.1583
lyudmila	2.0562
maas	2.3250
mabel	1.8700
mabie	1.9200
mabille	2.2143
macaco	2.0850
macadam	1.8257
macanudo	2.4537
macao	1.9460
macaque	2.4757
macaques	2.3288
macaroni	2.0850
macarons	1.9038
macassar	2.1600
macaulay	1.8475
macaw	2.1060
macbeth	2.0186
maccabe	2.4157
maccabees	2.4844
maccabeus	2.1900
maccaroni	2.3511
macdonald	2.1256
macdowell	2.4922
macduff	2.4686
macfadden	2.4700
mach	1.8700
machaca	1.9229
machado	1.8043
machale	1.7186
mache	1.8260
machen	1.8217
machete	1.8686
machetes	1.7975
machiavel	1.9089
machina	1.9186
machine	1.9257
machined	2.3225
machinery	1.9200
machines	1.8475
machinist	2.0533
machree	2.1114
macht	1.8560
machugh	2.2257
macintosh	1.7867
mack	1.8200
mackail	1.8043
mackay	1.7800
macken	1.7883
mackenna	2.0788
mackenzie	1.8789
mackerel	1.7350
mackey	1.7883
mackinac	2.4013
mackinaw	2.3975
macklin	1.8043
macks	1.7160
macky	1.8160
macmahon	1.9413
macmanus	2.4600
macmillan	2.2256
macnab	2.0800
macon	2.0060
macready	1.9288
macro	2.1460
macrocosm	1.9733
macs	1.8700
macswiney	2.2700
maculate	1.9538
maculated	2.3033
macule	1.9050
macules	1.8186
macy	1.9950
madam	1.6800
madame	1.6750
madams	1.6167
madara	1.7500
madcap	2.4967
maddening	2.4444
maddens	2.4786
madding	1.9214
madeira	2.2000
madeiras	2.1500
madeleine	2.0889
madeline	2.1437
madera	2.3750
madero	2.4333
madest	2.4250
madge	1.6900
madhouse	1.7875
madhouses	1.7333
madison	1.6857
madly	1.6200
madman	1.7000
madmen	1.7083
madness	1.9357
madonna	2.1071
madonnas	2.0688
madras	1.7833
madre	1.7900
madrid	1.6750
madrigal	1.6438
madrigals	1.6056
madrina	1.7786
madrugada	1.6556
mads	1.5750
madura	1.6000
madwoman	1.7750
madwomen	1.7813
mady	1.7000
maelstrom	2.1000
maerz	2.1660
maestro	2.2429
maestros	2.1250
mafeking	2.0625
maffei	1.9500
mafia	1.6300
magasin	1.7357
magazin	2.4614
magazine	2.3600
magazines	2.2422
magdala	1.5429
magdalen	1.5813
magdalena	1.5833
magdalene	1.5889
magee	2.2000
magellan	1.9187
magennis	2.1250
magenta	1.7214
maggie	2.0500
maggiore	2.0312
maggot	2.1250
maggots	2.0071
maggoty	2.0786
maggy	2.1600
magi	1.7125
magian	1.7083
magic	1.7660
magical	1.6757
magically	1.9256
magician	1.7350
magicians	1.6867
magick	1.6550
maginn	2.1750
maginot	1.9429
magister	1.8000
magistra	2.0437
magma	1.7200
magna	1.7200
magnate	1.8357
magnates	1.7688
magnesium	2.2667
magnet	1.8250
magnetic	1.8225
magnetism	1.7444
magnets	1.7500
magni	1.9500
magnifico	1.8144
magnified	2.1278
magnifier	1.7833
magnifies	1.7056
magnify	1.7929
magnitude	2.2000
magnolia	2.3250
magnolias	2.2667
magog	1.6900
magots	1.7083
magpie	1.8167
magpies	1.7429
maguey	1.6917
maguire	1.7143
maguires	1.6625
magus	1.6000
magyar	1.8167
maha	1.5750
mahaffy	1.8714
mahal	1.5200
mahar	1.7200
maharaja	1.6000
maharajah	1.5667
maharajas	1.6222
maher	1.6700
mahler	1.6917
mahmoud	2.3071
mahogany	2.4313
mahomet	1.9000
mahon	1.8700
mahone	1.8333
mahound	2.4786
mahout	1.7917
mahrattas	2.0111
maid	1.5375
maidan	1.5917
maiden	2.2667
maidenly	2.1875
maidens	2.1286
maids	1.4900
maigret	2.2571
mail	1.7875
mailboat	1.9250
mailbox	1.9343
mailboxes	1.9544
mailed	2.3167
mailer	1.8000
mailing	1.7143
mailman	1.7643
mails	1.6900
maim	1.7375
maimed	2.2833
maiming	1.8429
maims	1.6500
main	1.7375
maine	1.7200
mained	2.2833
mainland	1.6938
mainly	1.8083
mainmast	2.1562
mains	1.6500
mainsail	1.7000
mainstay	1.7813
maintain	1.7375
maintains	1.6889
maintenon	1.9056
maintop	1.9429
maior	1.8000
mair	1.6375
maire	1.6400
mairie	1.6417
mais	1.5875
maison	1.7000
maister	1.8000
maitai	1.6833
maitland	1.5813
maitre	2.0833
maitres	1.9714
maize	2.1360
majdanek	1.4563
majestic	1.6975
majestie	1.6563
majesties	1.6167
majesty	1.6786
majeur	1.5083
majolica	2.2100
major	1.7300
majorca	1.7614
majordomo	1.8500
majoring	1.6875
majority	1.7375
majors	1.6583
makan	1.5800
makar	1.6800
make	1.5375
makee	2.0600
maker	1.6300
makers	1.5750
makes	1.4900
makeshift	2.0000
makest	1.6750
maketh	1.6250
makeup	1.7583
makin	2.4100
making	2.2250
makings	2.0929
makola	2.3583
maku	1.5000
mala	1.5750
malabar	1.8714
malacca	2.1657
malachi	1.8329
malachias	1.8033
malachite	1.8089
malade	2.2583
maladies	1.5625
maladroit	1.7333
malady	1.6167
malaga	1.6167
malahide	2.1000
malaise	1.6714
malakoff	1.8312
malamud	2.3143
malapert	2.0813
malaria	1.6929
malarial	1.6438
malarious	1.7222
malatesta	1.7833
malay	1.6200
malayan	1.6429
malays	1.5667
malbone	1.7571
malchus	2.1114
malcolm	2.2471
malcolms	2.1288
maldive	1.5714
maldives	1.5375
maldonado	1.6444
male	1.5875
malefic	1.6829
maleness	1.8625
maler	1.6700
males	1.5300
malformed	1.9667
malheur	1.5214
mali	1.5875
malibran	2.3563
malicious	1.6922
malign	1.5750
maligna	1.5786
malignant	1.6278
maligned	2.0250
maligner	1.6375
malignity	1.7556
malignly	1.6688
maligns	1.5357
malin	1.6500
malinger	1.6500
malins	1.5917
malison	1.6429
malkin	2.2250
mall	2.1250
mallam	1.9833
mallard	1.9286
malleable	1.9556
mallet	2.0750
mallets	1.9643
malley	1.9917
malmsbury	1.7222
malmsey	1.7214
malone	2.3667
maloney	2.2857
malory	2.3250
malos	2.3900
malpais	1.7786
malraux	1.6629
malt	1.6250
malta	1.6200
malte	1.6300
maltese	1.7000
maltreat	2.0438
malts	1.5600
maltster	1.7563
malvern	1.7214
malvin	1.6750
malvolio	2.2313
malwa	1.6500
mama	1.7000
maman	1.7200
mamas	1.7200
mamaw	1.9100
mambo	1.8500
mameluke	1.6500
mamelukes	1.6111
mamie	1.9200
mamma	2.2200
mammal	2.0667
mammalia	1.9563
mammalian	1.9389
mammals	1.9571
mammary	2.1714
mammas	2.1500
mammet	2.2417
mammon	2.4083
mammoth	2.2357
mamre	1.6700
mana	1.7000
manacle	1.7900
manacled	2.2038
manacles	1.7288
manage	1.7083
managed	2.1929
manager	1.7500
managers	1.6938
manages	1.6500
managing	1.6813
manas	1.7200
manassas	1.9750
manatee	2.1714
mancha	1.6800
manchild	1.7663
manchus	2.1829
manciple	1.8350
manco	1.8260
mand	1.5750
manda	1.5800
mandala	1.5429
mandarin	1.7188
mandarins	1.6722
mandate	1.7357
mandates	1.6813
mandatory	1.7500
mande	2.3900
mandible	1.6250
mandibles	1.5889
mando	1.6500
mandolin	2.1375
mandoline	2.0833
mandolins	2.0444
mandrake	1.6188
mandrakes	1.5833
mandrill	2.0188
mandrills	1.9389
mane	1.7125
maneater	1.8375
maneaters	1.7778
maned	2.3900
manee	2.2000
maner	1.7700
manes	1.6300
manetho	1.8857
manette	2.1571
maneuver	1.7375
maneuvers	1.6889
manfield	1.4875
manful	1.6333
manfully	1.9250
manga	1.6200
mangan	1.6500
mangas	1.6500
mange	1.6300
manger	1.6917
mangers	1.6357
mangle	1.5750
mangled	2.0786
mangles	1.5357
mangling	1.5813
mango	1.6900
mangoes	1.6286
mangos	1.6250
mangrove	2.1875
mangroves	2.0889
mangy	1.6600
manhandle	1.9944
manhattan	2.4889
mani	1.9875
mania	1.9100
maniac	2.0550
maniacal	1.9038
maniacs	1.9471
manic	1.9860
manicure	1.8225
manicures	1.7644
manifest	1.8125
manifesto	1.8278
manifests	1.7556
manifold	2.1625
manila	1.9417
manilla	2.2071
manin	1.9700
manito	1.9500
manitoba	1.9250
manitou	1.8857
manka	1.7400
mankind	2.2500
manko	1.9700
manless	2.0071
manley	1.7917
manlier	1.8000
manliest	1.8125
manlike	2.2429
manliness	1.9556
manly	1.8200
mann	2.3750
manna	2.2200
mannequin	2.1222
manner	2.1917
mannered	2.4875
mannerism	1.9889
mannerly	2.0312
manners	2.0643
mannheim	2.5000
mannie	2.3167
manning	2.2071
mannish	2.1214
mano	2.0625
manoeuvre	2.4278
manon	2.0300
manor	1.9500
manorial	1.7875
manors	1.8417
manos	1.9100
manpower	2.0938
manque	1.7917
mans	1.6250
mansard	1.6429
manse	1.7900
mansfield	1.5222
mansion	1.7857
mansions	1.7250
manta	1.7200
mantas	1.7333
mantegna	1.7688
mantel	1.6583
mantels	1.6071
mantilla	2.0188
mantillas	1.9944
mantinea	1.7250
mantis	1.6583
mantle	1.6583
mantled	2.1500
mantles	1.6071
mantling	1.6438
manto	1.7900
mantra	2.1000
mantrap	2.1429
mantraps	2.0375
mantua	1.6833
mantuan	1.7000
manuale	2.3929
manuals	2.3429
manuels	2.3500
manures	2.3786
manx	1.8850
manxman	1.8200
manzanita	2.4033
maori	1.7000
maoris	1.6333
maple	1.7500
maples	1.6750
mapping	2.2214
mapple	2.2750
maps	1.7750
maquis	2.4583
mara	1.8250
marabou	1.9500
maranon	2.0071
marat	1.9800
marathon	1.9813
marauders	2.0944
marauding	1.6389
marbling	2.4313
marc	1.9450
marca	1.8760
marcato	1.9900
march	1.8160
marchand	1.6975
marchant	1.7850
marche	1.7883
marched	2.2614
marchers	1.7538
marches	1.7186
marchesa	1.7038
marching	1.8413
marchmont	2.4033
marchpane	1.9256
marcius	1.7471
marco	1.9460
marcos	1.8383
marcus	1.7633
mardi	1.6900
mardian	1.6929
mardis	1.6250
mare	1.8375
marechal	2.3788
maremma	2.1500
marengo	1.7714
mares	1.7300
marfa	2.4600
margaret	2.3563
margarine	2.2333
margarita	2.2167
margarite	2.2222
margate	2.4071
margent	2.3214
margery	2.3500
marges	2.3250
margie	2.3833
margin	2.4250
marginal	2.1812
margins	2.2643
mari	1.8375
maria	1.7900
mariachi	1.9350
mariachis	1.8644
marian	1.7917
mariana	1.7643
marianna	2.0813
marias	1.7917
marido	1.7333
marie	1.8000
marienbad	1.7889
maries	1.7167
marietta	2.1500
mariette	2.1563
marigold	2.1250
marigolds	2.0333
marijuana	2.0944
marin	1.8500
marina	1.8083
marinade	2.2625
marinas	1.8071
marinated	2.2444
marine	1.8167
mariner	1.8429
mariners	1.7750
marines	1.7429
marino	2.0500
mario	1.9600
marion	1.9500
mariposa	1.8875
maris	1.7300
marisa	1.7083
mariscal	1.7913
marish	1.6583
maritain	1.7875
marital	1.7214
maritally	1.9611
maritime	1.7938
marius	1.6917
marjoram	1.7938
mark	1.7000
markab	1.8833
markby	1.7833
marke	1.6900
marked	2.2583
markedly	2.0813
marker	1.7417
markers	1.6786
market	1.7917
marketeer	2.0611
marketers	1.7444
marketing	1.7333
markets	1.7214
marking	2.2357
markings	2.1188
markland	1.6375
markman	1.7143
marko	1.9100
marks	1.6200
marksman	1.6625
marksmen	1.6688
marl	1.7500
marle	1.7300
marlena	1.7214
marlene	1.7286
marlette	2.1125
marley	1.7417
marline	1.7429
marling	1.6929
marlon	2.4750
marlow	2.4833
marlowe	2.4357
marly	1.7600
marm	1.8750
marmalade	2.1389
marmee	2.2167
marmi	2.0500
marmion	2.0857
marmora	1.9500
marmoreal	1.8444
marmoset	2.0750
marmosets	1.9889
marmot	2.0583
maro	1.9125
maronites	1.8944
maroo	2.4200
maroon	2.3333
marples	1.7643
marplot	2.4500
marque	1.8750
marquee	2.2000
marquees	2.0875
marques	1.7929
marquesan	1.7722
marquesas	1.7722
marquese	1.8750
marquess	2.0438
marquet	1.9357
marquetry	2.1500
marquette	2.1667
marquis	1.8643
marquise	1.9375
marquises	1.8667
marr	2.4250
marri	2.2700
marriage	2.0500
marriages	1.9667
marries	2.0429
marring	2.0786
marrot	2.2417
marrow	2.2667
marry	2.3000
marryat	2.2429
marryin	2.2214
marrying	2.1063
mars	1.7500
marsala	1.6429
marsch	1.8467
marsh	1.6600
marsha	1.6500
marshal	1.6000
marshaled	1.9944
marshall	1.8750
marshals	1.5625
marshes	1.6071
marshland	1.6222
marshy	2.3500
marston	1.9214
marsupial	1.7722
marsyas	1.7429
mart	2.5000
marta	2.3200
marten	2.2417
martha	2.1500
marthas	2.1000
marthe	2.1583
martial	2.0786
martially	2.2389
martian	2.1500
martians	2.0438
martin	2.2583
martinet	2.1875
martinez	2.2725
martini	2.3286
martinis	2.2000
martinmas	2.3611
martino	2.3714
martins	2.1214
martius	2.0643
martlet	2.1786
marts	2.2600
marty	2.3600
martyr	2.2167
martyrdom	2.0278
martyrize	2.2867
martyrs	2.0857
marveling	2.3222
marvels	2.4786
marx	2.0350
marxism	1.8414
marxist	1.9557
marxists	1.8738
mary	1.8750
marya	1.8200
marye	1.8300
maryellen	1.9667
maryland	1.7625
marys	1.7600
maryville	2.0556
marzipan	2.0787
masa	1.7000
mascara	1.9257
mascaraed	2.3367
mascot	1.9550
masculine	1.8644
maserati	1.9375
masetto	2.3143
mash	1.6250
masham	1.6500
mashed	2.2083
masher	1.6917
mashing	1.7357
mask	1.5750
masked	2.1750
masker	1.6583
maskers	1.6071
masking	2.1643
masks	1.5200
masoch	1.7383
mason	1.8100
masoned	2.2571
masonic	1.9686
masonries	1.6833
masonry	1.7643
masons	1.7250
masque	1.7917
masquers	1.7563
masques	1.7214
mass	2.2500
massa	2.1200
massacre	2.2038
massacres	2.1033
massage	2.0071
massaged	2.3937
massages	1.9188
massaging	1.9167
massasoit	1.9778
masse	2.2900
massena	2.1214
masses	2.1250
masseurs	1.9688
masseuse	2.0875
massey	2.2083
massifs	1.8500
massilia	2.0000
massing	1.9786
massive	2.0286
massively	1.9222
massless	2.1313
masson	2.1417
massy	2.1600
mast	1.9500
masted	2.4250
master	1.9083
mastered	2.2750
masterful	2.2278
mastering	1.8111
masterly	1.8188
masters	1.8214
mastery	1.8929
masthead	1.7437
mastheads	1.6944
mastic	1.9050
masticate	1.9200
mastiff	1.9929
mastiffs	1.9062
masting	1.8071
mastodon	1.8375
mastodons	1.7778
masts	1.8200
mata	1.9000
matabele	1.9000
matabeles	1.8333
matador	1.8071
matadors	1.7438
matai	1.8500
matamoras	1.9278
matara	1.9167
mataram	1.9000
match	1.8760
matchable	1.8700
matcham	1.8257
matchbox	1.9712
matched	2.3043
matches	1.7614
matching	1.8788
matchless	1.9922
matchlock	2.2456
matchwood	2.0922
mate	1.9125
mateo	1.9200
mater	1.9300
materia	1.8429
material	1.7750
materials	1.7222
materiel	1.7813
materna	1.8643
maternal	1.7938
maternity	1.9778
mates	1.7900
mateship	1.9500
matey	1.8900
math	1.8250
mather	1.8250
mathesis	1.6500
mathew	1.8167
mathews	2.3143
mathewson	2.2278
mathias	1.8786
mathieu	1.8429
maties	1.7667
matilda	1.7786
matildas	1.7812
matilde	2.3571
matin	1.9100
matinee	2.1929
mating	1.8083
matins	1.8083
matriarch	2.1033
matric	2.2717
matricide	2.4478
matris	2.1583
matrix	2.3317
matron	2.3083
matronly	2.2188
matrons	2.1643
mats	1.8250
matson	1.8583
matsu	1.7600
matsuo	1.8750
matter	2.3250
matters	2.1786
matterson	2.1222
matthew	2.1714
mattie	2.2667
matting	2.1643
mattock	2.1900
mature	1.7750
matured	2.2500
maturely	1.7188
maturer	1.8071
matures	1.7071
maturing	1.7313
maturity	1.7813
matutinal	1.7500
maty	1.9500
mauchline	1.6867
maud	1.5000
maude	2.3300
maudlin	1.5500
maugre	2.2250
maui	1.7625
maul	1.7500
maule	1.7300
mauled	2.2917
mauling	1.6929
mauls	1.6600
maureen	2.0000
mauri	1.6100
maurice	2.4543
maurier	1.6714
mauritian	1.6556
mauritius	1.5889
maurois	1.6143
maury	1.6400
mauser	1.7750
mausolus	2.0312
mauvais	1.6071
mauvaise	1.7125
mauve	1.6900
mauves	1.6250
maux	1.8100
maven	1.9100
mavens	1.8083
maverick	1.8100
mavis	1.7900
mavor	1.8900
mawkish	2.2143
mawr	2.0375
maxillary	2.1989
maxim	2.0180
maxima	1.9483
maximal	1.8557
maximally	2.0656
maxime	1.9567
maximov	2.1343
maxims	1.8983
maxine	1.9567
mayan	1.7200
mayans	1.6500
mayapple	2.1313
mayas	1.7200
maybe	1.8100
maybes	1.7250
maybrick	2.3788
mayda	1.5800
maye	1.7125
mayers	1.6917
mayest	1.7917
mayfair	1.5643
mayflower	2.1722
mayfly	1.5500
mayhap	2.4167
mayhaps	2.2571
mayhem	2.3250
mayhew	2.3500
maying	1.7583
maynard	2.5000
mayo	1.9125
mayor	1.8300
mayoral	1.7214
mayoralty	1.7389
mayordomo	1.9056
mayoress	1.9875
mayors	1.7417
mayorship	1.9000
maypole	2.4286
maypoles	2.2875
mays	1.6250
mayst	1.8200
maywood	2.0929
mazurka	2.2829
mcallen	1.9900
mcan	1.7950
mcanally	1.9600
mcbeth	1.9550
mccain	2.2350
mccalls	2.3229
mccary	2.3267
mccay	2.3320
mcclellan	2.1900
mccord	2.1350
mccormick	2.1489
mccrady	2.2657
mccroskey	2.0733
mccrystal	2.1622
mccullers	2.2900
mcculley	2.3888
mcdonalds	2.0033
mcdougal	2.0663
mcelroy	2.4971
mcfate	1.9050
mcfeely	2.0686
mcgee	2.3360
mcghee	2.1633
mcgill	2.2383
mcglade	2.2900
mcgovern	1.8975
mcgregor	2.3225
mcilvaine	1.7922
mcintyre	1.7600
mciver	1.8300
mckay	1.6560
mckean	1.6550
mckee	2.1360
mckellar	1.9413
mckenzie	1.8138
mckinley	2.2475
mclane	1.6883
mclendon	1.6850
mcmath	1.8467
mcmurdo	2.4471
mcnab	2.0160
mcnabb	2.4467
mcneal	1.6883
mcnear	1.8550
mcneill	2.1114
mcnew	1.8360
mcpherson	1.8089
mcsorley	1.6600
mctighe	1.7971
mcwhinney	2.1367
mdash	1.5200
mead	1.6625
meade	2.4600
meadow	1.7583
meadows	2.2643
meads	1.5900
meager	1.7500
meagerly	1.7000
meagher	1.6857
meagre	2.3333
meagrely	2.1375
meal	1.5875
mealie	1.6083
meals	1.5300
mealtimes	1.6278
mealy	1.6300
meam	1.7125
mean	1.7125
meander	2.2286
meandered	2.4833
meanders	2.1125
meaner	1.7500
meanes	1.6333
meanest	1.7714
meanin	1.9167
meaning	1.8286
meaningly	1.7667
meanings	1.7625
meanly	1.7917
meanness	2.2375
means	1.6300
meant	1.7300
meantime	1.7313
meanwhile	1.8111
measles	1.5857
measly	1.6583
measur	1.6417
measure	1.6429
measured	2.0750
measurer	1.6875
measures	1.6000
measuring	1.6333
meat	1.9125
meath	1.7900
meatless	1.9625
meats	1.7900
meaty	1.8900
mechanics	2.4067
mechanism	2.3867
medal	2.2900
medallion	2.3611
medallist	2.3111
medals	2.1250
meddler	2.4429
meddlers	2.3000
meddles	2.3429
meddling	2.2875
medfield	1.9688
media	2.3600
mediaeval	2.2278
medial	2.1833
median	2.2667
medias	2.2667
mediate	2.2929
mediately	2.1278
mediation	2.2667
mediators	2.1278
medic	2.4360
medical	2.1543
medically	2.2978
medicals	2.0475
medici	2.3050
medicinal	2.0700
medicine	2.1725
medicines	2.0756
medicis	2.1614
medico	2.3550
medicos	2.2043
medics	2.2467
medieval	2.2063
medina	2.2833
mediocre	2.3600
meditate	2.2313
meditates	2.1278
medius	2.1667
medlar	2.2917
medlars	2.1500
medley	2.2167
medmenham	2.5000
meds	2.4625
medullary	2.4056
medusa	2.1583
medusae	2.2000
medusas	2.1071
medway	2.3167
meehan	2.0500
meek	2.1750
meeker	2.0583
meekest	2.0357
meekly	2.0500
meekness	2.1562
meerut	2.1500
meet	2.4750
meetin	2.2417
meeting	2.1071
meetings	2.0063
meetly	2.1667
meets	2.2400
megaliths	1.6111
megaphone	1.9056
meggy	2.2300
megilp	2.0833
megrims	2.2714
mehemet	1.7357
mehitabel	1.8389
mehitable	1.8278
meilleur	1.9562
mein	1.7500
meinen	1.7417
meines	1.6583
meissen	2.0643
meister	1.8071
mejor	1.7400
melampus	1.8063
melange	1.5857
melanic	1.8400
melanie	1.7929
melanite	1.7938
melbourne	1.6944
meld	1.4625
meldon	1.6167
meleager	1.6813
melee	2.1100
melek	1.5000
melford	1.4714
melian	1.6333
melilot	2.3214
meliodas	1.6687
melisande	1.9833
melissa	1.8714
melita	1.6333
melitopol	2.2556
melius	1.5333
mell	2.1375
mellowest	2.5000
mellowing	2.3667
mellowly	2.4438
melmoth	1.8143
melodic	2.2043
melodies	2.0500
melodious	2.0778
melodrama	2.1222
melody	2.2667
melons	2.3167
melpomene	1.8778
melt	1.6375
melted	2.2167
melting	1.6286
melton	1.7333
melts	1.5700
meltzer	2.0400
melville	1.9688
melzi	1.8560
member	1.8500
members	1.7714
membrane	2.4250
membranes	2.3000
meme	1.7250
memento	1.7786
mementoes	1.7111
mementos	1.7188
memling	1.7429
memmius	2.1571
memnon	2.4167
memo	2.0750
memoir	1.9083
memoires	1.8000
memoirist	1.8889
memoirs	1.8214
memorable	1.9167
memorably	1.9333
memoranda	1.7667
memoria	1.8643
memorial	1.7937
memorials	1.7389
memoriam	1.8562
memories	1.8000
memorize	2.1350
memorized	2.4644
memory	1.9333
memos	1.9200
memphian	1.9875
memphis	1.9714
menacing	1.8100
menado	1.7333
menage	1.7167
menagerie	1.7333
menai	1.7000
menang	1.6583
menarche	1.7725
menas	1.7300
mencius	1.6686
mencken	1.6829
mend	1.5875
mendacity	1.7756
mendax	1.8483
mender	2.3333
menders	2.1857
mendes	2.2167
mendicant	1.6867
mending	1.6000
mendip	1.8167
mendoza	2.3971
mends	1.5300
mene	1.7250
menelaus	1.5750
menenius	1.7813
menger	1.7000
menhirs	2.2571
menial	1.8167
menially	2.0625
menials	1.7429
meniscal	1.8725
meniscus	1.8600
menninger	2.1278
mennonite	2.3000
menon	2.0400
menopause	2.0056
mens	1.6375
mensa	1.6300
mensch	1.7717
menses	1.7167
menstrual	1.9500
ment	1.7625
mental	1.6583
mentality	1.6889
mentally	1.9438
mente	1.7400
menteith	1.6813
menthol	2.3429
mention	1.8643
mentioned	2.2000
mentions	1.7937
mentira	1.6857
mentiras	1.7000
mentis	1.6667
menton	1.8167
mentone	1.7929
mentor	1.7500
mentors	1.6857
mentre	2.1167
ments	1.6700
menzel	2.0300
meow	1.8375
meowing	1.7429
mephisto	1.9312
mephitic	1.8788
mercalli	1.9850
mercator	1.8975
mercenary	2.4644
merchant	1.7538
merchants	1.7033
merci	1.8360
mercia	1.7967
mercies	1.7329
merciful	1.7225
merciless	2.0033
mercurial	1.6756
mercuries	1.6811
mercury	1.7614
mercutio	1.8662
mercy	1.8660
merde	2.4400
mere	1.7750
mered	2.4400
meredith	2.1188
merely	1.7000
meres	1.6800
merest	1.8333
merge	2.4800
merger	2.4000
mergers	2.2429
merges	2.2833
merging	2.2286
merian	1.7500
meridian	1.6562
meridians	1.6167
meringue	1.6813
merit	1.7800
merited	2.2357
meriting	1.7188
merits	1.7000
merkin	2.3500
merle	1.6800
merlin	1.7167
merlins	1.6571
mermaid	1.6571
mermaids	1.6125
merman	1.7750
mermen	1.7833
merom	1.8600
merops	1.9333
merrick	2.0257
merrier	2.1071
merriest	2.0813
merrill	2.4286
merrily	2.1429
merrimac	2.1725
merrimack	2.0533
merriman	2.0500
merriment	2.0278
merriness	2.1944
merrion	2.2071
merritt	2.4571
merry	2.2500
mersey	1.8333
merton	2.2667
merwin	1.8250
mesa	1.5875
mesas	1.6300
mescal	1.7383
mesdames	1.5875
meseems	2.0643
meself	1.5833
mesh	1.5125
meshach	1.6757
meshed	2.1333
meshes	1.5000
meshing	1.6714
meshuggah	2.1722
mesial	1.5500
mesilla	1.9857
mesmer	1.7000
mesmeric	1.7288
mesmerism	1.6611
mesmerize	1.9422
mesnard	1.6500
mesomorph	1.8722
mesozoic	1.8950
mesquite	1.7813
mesquites	1.7278
mess	2.1375
message	1.9429
messages	1.8625
messala	1.8643
messalina	1.8444
messaline	1.8500
messenger	1.9722
messer	2.1667
messes	2.0500
messiah	1.8714
messias	1.9429
messick	1.8971
messier	1.9786
messieurs	1.7944
messily	2.0143
messin	2.0167
messina	1.9571
messiness	2.0944
messing	1.9143
messmate	2.0250
messmates	1.9444
messrs	2.0250
messuage	1.8875
messy	2.0700
mesta	1.7900
mestizo	1.9757
mesure	1.5667
mesures	1.5286
meta	1.8375
metabolic	2.3478
metal	1.7300
metallic	2.0100
metals	1.6583
metaphor	1.9125
metaphors	1.8444
mete	1.8500
meted	2.5000
metellus	1.9125
meteor	1.8083
meteoric	1.8100
meteorite	1.7722
meteors	1.7357
meter	1.8800
meters	1.7833
metes	1.7400
metford	2.1857
metheglin	1.7389
methinks	1.8250
method	1.8167
methode	2.3643
methodic	1.8163
methodism	1.7389
methodist	1.8278
methods	1.7429
methought	1.7444
methuen	2.2857
metier	1.8417
meting	1.7667
metre	2.2800
metres	2.1167
metric	2.2300
metrical	2.0350
metro	2.3400
metronome	2.2444
metros	2.1667
mette	2.3400
mettle	2.1667
meuble	1.6667
meudon	1.6500
meus	1.5625
mewing	1.7083
mewling	1.6500
mexican	1.8457
mexicano	1.9962
mexicans	1.7775
mexico	1.9117
mexique	1.8700
mext	2.1975
meyer	1.7800
meyrick	1.6400
mezzotint	2.3233
miami	2.1400
miaow	2.0100
miasma	1.8917
miasmal	1.8071
miasmas	1.8786
miasmatic	1.9533
mica	2.0325
micawber	2.2287
mich	1.9575
michael	1.8829
michaelis	1.7922
michaels	1.8100
michan	1.8717
michele	1.7757
michelet	1.8413
michelson	1.7700
michigan	1.8725
mick	1.9075
mickel	1.7633
mickey	1.8467
mickie	2.4883
mickle	1.8467
micks	1.7860
micky	1.8860
micro	2.2160
microbe	2.1329
microbes	2.0288
microcosm	2.0122
micros	2.0633
microwave	2.1089
mida	1.8125
midair	1.7333
midas	1.8100
midblock	2.3600
midday	2.1083
middies	1.9786
middle	2.0333
middleham	1.8778
middleman	1.9333
middlemen	1.9389
middles	1.9286
middlesex	2.0433
middlin	2.0143
middling	1.9250
middlings	1.8556
middy	2.2100
midflight	1.6111
midge	1.8200
midges	1.7333
midget	1.9000
midgets	1.8143
midheaven	1.8167
midi	1.8250
midland	1.6357
midlands	1.5938
midlength	2.0889
midmost	2.0571
midnight	1.8250
midnights	1.7667
midpoint	1.9188
midriff	2.0143
mids	1.7375
midship	1.9429
midships	1.8625
midst	1.9100
midstream	2.0667
midway	1.8333
midweek	2.1429
midwest	1.9500
midwife	1.7000
midwifery	1.7444
midwinter	1.8444
midwives	1.7625
midyears	1.7875
mien	2.0000
mier	2.0500
mies	1.8750
mieux	2.0080
might	1.7900
mightest	1.8125
mightier	1.7812
mightiest	1.7944
mightily	1.8125
mightn	1.7917
mights	1.7083
mightst	1.8357
mighty	1.7917
miglia	1.7333
mignon	2.1000
migraine	2.2687
migrant	2.3643
migrants	2.2313
migrate	2.4571
migrating	2.2667
migration	2.3944
migratory	2.3111
miguel	1.7167
mihail	1.8667
mihi	2.0750
mikhail	2.3286
milagro	2.5000
milagros	2.3500
milan	2.0100
milanese	1.9313
milch	1.9860
mild	1.9375
mildest	2.4714
mildewing	2.2444
mildly	1.8083
mildness	2.0375
mildred	2.4000
mile	2.0750
mileage	1.9071
miles	1.9200
milesian	1.8313
milestone	1.9667
milfoil	1.9071
milford	1.7429
milhaud	1.7357
milieu	1.9083
militant	1.9125
militants	1.8444
military	1.9750
militate	1.9938
militates	1.9167
militia	1.9071
milk	1.9375
milked	2.4167
milkiness	2.4500
milking	2.3714
milkmaid	1.7375
milkmaids	1.6889
milkman	1.8500
milks	1.8100
milkshake	1.6333
milksop	1.9857
milksops	1.9000
milkweeds	2.4889
milky	1.9100
millais	2.1429
millard	2.2071
millay	2.3083
mille	2.4200
miller	2.3500
millerite	2.1333
millers	2.2000
millet	2.4000
millie	2.2917
milligan	2.1000
milliner	2.2062
milliners	2.1056
millinery	2.1611
milling	2.1857
million	2.3500
millions	2.2188
millionth	2.1722
millpond	2.3250
mills	2.3500
millstone	2.2056
milly	2.4500
milner	2.0167
mils	1.9875
milstein	1.9688
milt	2.1125
miltiades	2.2500
milton	2.0500
miltonic	2.1288
miltons	1.9429
milwaukee	2.1556
mime	2.0250
mimeo	2.0100
mimes	1.8800
mimesis	1.7643
mimetic	2.0043
mimi	2.3000
mimic	2.2360
mimicked	2.3788
mimicking	2.3478
mimicks	1.9400
mimicry	2.2257
mimics	2.0800
mimieux	2.0986
miming	2.0667
mimir	2.1400
mimosa	2.0667
mimosas	2.0286
mimsy	1.9100
mina	2.0125
minaret	2.0429
minarets	1.9500
minc	2.1075
mincing	1.8971
mincingly	1.8200
mind	1.8875
minda	1.8300
mindanao	1.8125
mindful	1.8071
mindin	1.8500
minding	1.7714
mindless	1.9500
minds	1.7700
mindset	1.9429
mine	2.0250
miner	2.0200
mineral	1.8571
minerals	1.7875
minero	2.0083
miners	1.9000
mines	1.8800
minette	2.3357
mingle	1.7833
mingled	2.2571
mingles	1.7143
mingling	1.7375
mingo	1.9400
mingus	1.7583
miniato	2.1929
miniature	2.0056
minie	2.1700
minify	2.0000
minim	2.2200
minimal	2.0000
minime	2.1250
minimize	2.4350
minimo	2.3583
minims	2.0667
minin	2.2200
mining	2.0667
minion	2.2583
minions	2.1214
minist	2.1833
minister	2.0938
ministers	2.0056
ministre	2.3438
ministry	2.3625
mink	2.0875
minks	1.9300
minkus	1.8583
minnehaha	2.0222
minnesota	2.1167
minns	2.4100
minoan	2.1500
minor	2.2000
minore	2.1083
minores	1.9929
minority	2.0312
minors	2.0500
minos	2.1600
minotaur	1.9875
minotaurs	1.9111
minotti	2.4643
minsk	1.7700
minster	2.0000
minsters	1.9125
minstrel	2.1625
minstrels	2.0667
mint	2.0625
minta	1.9700
minted	2.5000
minter	1.9833
minton	2.0167
mints	1.9100
minx	2.1975
mira	1.9125
mirabilis	1.9167
miracle	1.9114
miracles	1.8350
mirada	1.8083
mirage	1.8500
mirages	1.7714
mirana	1.8417
miranda	1.7357
mirandola	2.1556
mirar	1.9900
mire	1.9250
mires	1.8000
miriam	1.8500
miring	1.8167
miro	2.0000
miroir	1.8583
miron	1.9800
mironov	2.1071
mirror	2.2500
mirroring	2.0389
mirrors	2.1143
mirth	2.3300
mirthful	2.0312
mirthless	2.2444
mirus	1.7700
miry	1.9625
misa	1.8625
misbehave	1.9722
misbelief	1.8778
miscall	2.1900
miscalled	2.4533
miscarry	2.2913
miscast	2.0900
misch	1.9860
mischa	1.9217
mischance	2.4956
mischief	1.9788
mischiefs	1.9033
miscreant	2.0089
misdoer	1.8643
misdoing	1.7812
mise	2.0750
miser	2.0600
miserable	1.9722
miserably	1.9889
miserere	1.9500
miseries	1.8625
miserly	1.9143
misers	1.9333
misery	2.0167
misfire	1.7357
misfired	2.1562
misfiring	1.7056
misfit	1.8000
misgave	1.9429
misgive	1.8357
misgives	1.7688
misgiving	1.7722
misguide	2.2562
mish	1.7875
misha	1.7500
mishap	1.8583
mishaps	1.7786
misheard	1.7250
mishmash	2.2062
misjudge	2.1125
misjudged	2.4444
mislaid	1.6429
mislay	1.7583
mislays	1.6929
mislead	1.7143
misleads	1.6625
misled	2.3167
mislike	2.2214
misma	1.8500
mismanage	1.7889
mismo	2.1400
misnamed	2.2250
misnaming	1.8889
misnomer	2.0312
misplaces	2.4867
misprint	1.8875
misprints	1.8222
misquote	1.9563
misquoted	2.3056
misread	1.8571
misreport	2.2167
misrule	1.9143
misruled	2.3125
miss	2.4125
missa	2.2500
missable	2.1375
missal	2.0917
missals	1.9786
misses	2.2333
misshaped	2.4111
misshapen	2.0444
missies	2.0357
missile	2.1500
missiles	2.0438
missin	2.2000
missing	2.0714
mission	2.2357
missioner	2.1444
missions	2.1187
missis	2.1000
missive	2.1214
missives	2.0188
missouri	2.0312
misspelt	2.1000
misspend	2.0750
misspent	2.1625
misspoke	2.0938
misstep	2.3286
missus	2.0750
missy	2.2900
mist	2.1125
mista	2.0100
mistah	1.8917
mistak	1.8583
mistake	1.8286
mistaken	1.8250
mistakes	1.7625
mistaking	2.2222
mister	2.0167
misters	1.9143
mistily	2.0000
mistimed	2.3438
mistiness	2.0833
misting	1.9000
mistletoe	1.9222
misto	2.0800
mistook	2.2786
mistral	2.1929
mistreat	2.2875
mistress	2.4000
mistrust	2.2313
mists	1.9500
misty	2.0500
misusage	1.7125
misuse	1.8500
misused	2.3143
misuser	1.8714
misuses	1.7714
mitch	1.9460
mitchel	1.8114
mitchell	2.0600
mite	2.0000
miter	2.0000
mitered	2.3929
miters	1.8833
mites	1.8600
mithra	1.7917
mitigate	1.8938
mitigated	2.2500
mitigates	1.8278
mitre	2.4000
mitres	2.2167
mits	1.9125
mittagong	2.1333
mitten	2.3500
mittens	2.2000
mitts	2.3900
mity	2.0375
mitzvah	2.0757
mixer	2.3280
mixers	2.1567
mixes	2.1880
mixin	2.0880
mixing	1.9567
mixings	1.8629
mixture	2.0629
mixtures	1.9675
mixup	2.2580
miyagi	1.9000
mizen	2.3960
mizpah	2.1217
mizraim	2.1686
mizzling	2.3700
mlle	2.3375
mnemonic	2.4038
mnemonics	2.2811
moab	2.3375
moan	2.0625
moaned	2.5000
moaning	2.0286
moans	1.9100
moas	2.0625
moat	2.2625
moats	2.0700
mobbing	2.3429
mobcap	2.1550
mobcaps	2.0329
mobile	2.0583
mobiles	1.9500
mobility	1.9938
mobled	2.5000
mobs	2.0625
mobsters	1.9750
moby	2.1875
moccasin	2.2825
moccasins	2.1733
mocha	1.9460
mochila	2.0400
mock	1.9825
mocked	2.4467
mocker	1.9300
mockeries	1.7978
mockers	1.8400
mockery	1.9114
mocking	2.3971
mockingly	2.2089
mocks	1.8460
modak	1.7300
modality	1.7625
modeling	2.2188
modellers	2.4056
modelling	2.3944
models	2.3667
modena	2.5000
moderate	2.4312
moderates	2.3056
moderator	2.3611
moderne	2.4357
modernes	2.2938
modernism	2.3611
modernist	2.4500
modernity	2.4167
modernly	2.4125
moderns	2.3857
modeste	2.4500
modestly	2.3250
modesty	2.4714
modi	1.9000
modicums	2.4600
modified	2.1250
modifier	1.7375
modifiers	1.6889
modifies	1.6500
modify	1.7333
modifying	1.7500
modish	1.7000
modjeska	1.5750
modo	1.9750
modulate	1.9250
modulated	2.2778
module	1.8667
modus	1.7500
moey	2.0750
mogg	2.4875
mogli	1.8200
mogul	1.9500
moguls	1.8417
mohair	1.8167
mohawk	1.9333
moher	1.9600
mohi	2.1500
mohicans	1.9100
moieties	1.8813
moiety	2.0417
moil	2.1500
moiling	1.9214
moines	1.8917
moir	2.0000
moira	1.9200
moire	1.9300
moires	1.8250
mois	1.9500
moiseyev	2.0750
moist	2.0800
moisten	1.9786
moistened	2.2889
moistens	1.8938
moistly	1.9286
moistness	2.1056
moisture	1.8813
mojave	1.9667
mojo	2.1500
mokka	2.2300
molcajete	2.2589
moldavian	2.2778
molding	2.3000
moldings	2.1750
molesta	2.4714
molester	2.4187
molesting	2.2833
molestors	2.2722
molests	2.4286
moliere	2.4429
molinari	2.4062
mollusks	2.3937
molting	2.4000
mome	2.1000
moment	2.0000
momentary	1.9667
momently	1.8875
momento	1.9929
momentous	1.8611
moments	1.9000
mommsen	2.3714
momoyama	2.0750
mona	2.0875
monachal	1.9163
monachus	2.4038
monadnock	1.9867
monads	1.8750
monahan	1.8643
monarch	2.0043
monarchs	1.9163
monarchy	2.4788
monarque	2.0250
monastery	2.0222
monastic	2.0475
monaural	1.7812
monclova	2.4225
moncrieff	2.2144
mondadori	1.7944
monday	1.8750
mondays	1.7929
mondes	2.4667
mondi	1.9000
mondo	1.9600
mondrian	1.9000
monds	1.8300
monel	1.9400
monet	2.1400
moneta	2.0500
monetary	2.0500
monets	2.0000
money	2.0400
moneybags	1.8889
moneybox	2.0737
moneyed	2.4214
moneyer	1.9786
moneyless	2.1167
moneys	1.9167
mong	2.0125
monger	1.9500
mongering	1.8389
mongers	1.8571
mongolia	2.3188
mongolian	2.2611
mongoose	2.2750
mongrel	2.3571
mongrels	2.2250
mongs	1.8700
monica	2.1800
monies	2.0750
monique	2.1500
monition	2.1625
monitions	2.0667
monitor	2.1071
monitored	2.3889
monitors	2.0063
monitory	2.0688
monk	2.1625
monkery	2.0143
monkey	2.0167
monkeying	1.9389
monkeys	1.9143
monkish	2.4143
monks	1.9900
monkshood	2.1722
monkstown	2.0278
monmouth	2.3375
monnaie	2.2786
mono	2.4500
monochord	2.0478
monocle	2.1043
monocled	2.4788
monocline	2.0311
monody	2.1167
monogram	2.5000
monograms	2.3667
monograph	2.4333
monolith	2.4813
monoliths	2.3500
monomania	2.1611
monoplane	2.1167
monotone	2.1375
monroe	1.9750
mons	2.0125
monsieur	1.7938
monsieurs	1.7389
monsoon	2.3357
monsoons	2.2062
monster	2.0429
monstered	2.3389
monsters	1.9500
monstre	2.3286
monstrous	2.1556
mont	2.1375
montage	1.9429
montagne	1.9250
montagu	1.9214
montague	1.8875
montagues	1.8222
montaigne	1.8389
montalban	1.8833
montana	1.9357
montane	1.9429
montano	2.1429
monte	2.0400
monteagle	1.8389
monter	2.0333
monterey	1.9563
montero	2.0214
monteros	1.9312
monterrey	2.1833
montes	1.9167
montford	2.2625
month	1.9700
monthes	1.8286
monthlies	1.8056
monthly	1.9214
months	1.8583
montjoy	2.0143
montre	2.3667
montreal	2.1375
montreux	2.2550
monty	2.0700
mooching	2.2788
moodie	2.2833
moodily	2.2786
moodiness	2.3000
moods	2.3400
moody	2.4400
mooing	2.3583
mookerjee	2.3167
moonbeam	2.3062
moonbeams	2.1944
mooncalf	2.1350
mooney	2.4417
mooning	2.4500
moonlight	2.1500
moonlit	2.3929
moonlite	2.3000
moonrise	2.2625
moons	2.5000
moonscape	2.3256
moonshine	2.2000
moonstone	2.2889
moorcock	2.2388
moore	2.4900
mooring	2.2357
moorings	2.1188
moorish	2.1500
moorland	2.0750
moorlands	1.9889
moors	2.4200
mooses	2.3917
mope	2.3500
mopers	2.1167
moping	2.1000
mopping	2.5000
mops	2.2625
moraga	1.8917
moraine	1.8786
moraines	1.8063
morais	1.8167
moral	1.8500
morale	1.8167
morales	1.7429
moralise	1.8313
moralist	1.8500
moralists	1.7889
morality	1.8125
moralize	2.0663
moralized	2.4033
moralizer	2.0589
morally	2.1214
morals	1.7583
moran	1.9500
morando	1.8286
morass	2.2583
morasses	2.1625
moravian	1.9500
moravians	1.8778
morbidity	2.4389
morbidly	2.4750
morcar	2.0550
mordancy	1.8288
mordant	1.8071
mordred	2.3571
more	2.0000
moreau	1.8500
morel	1.8600
moreland	1.7250
morell	2.1833
morella	2.1000
morelos	2.3643
morels	1.7667
moren	1.9600
moreno	2.1417
moreover	1.9375
mores	1.8600
moreso	1.8750
morgana	2.3786
morgue	2.4667
mori	2.0000
moriah	1.8167
moriarty	2.2500
moribund	2.5000
morion	2.0583
morions	1.9500
morisco	2.0043
morituri	1.8063
moritz	2.1300
morley	1.8500
morling	1.7857
mormon	2.1833
mormonism	2.1056
mormons	2.0571
morn	2.0375
mornin	2.1333
morning	2.0143
mornings	1.9250
morns	1.8900
moroccan	2.2700
morocco	2.3871
moron	2.0400
moroni	2.1583
moronic	2.1329
morons	1.9167
morose	2.0083
morosely	1.8938
morozov	2.1329
morpeth	2.0000
morph	2.0100
morphed	2.4000
morpheus	1.8125
morphine	2.0063
morpho	2.1333
morphos	2.0143
morral	2.2083
morrel	2.2167
morris	2.2167
morrison	2.1438
morrissey	2.3722
morrow	2.3750
mors	1.9125
morse	2.0200
morsel	1.9000
morsels	1.8143
mortal	2.2583
mortality	2.0889
mortally	2.3938
mortals	2.1214
mortar	2.4250
mortars	2.2643
morte	2.4600
mortem	2.3500
mortgages	2.4778
mortician	2.1478
mortified	2.4111
mortify	2.1571
mortimer	2.2313
mortimers	2.1278
mortis	2.2667
mortise	2.2929
mortises	2.1688
mortlake	2.0375
mortmain	2.2000
morton	2.4167
mortons	2.2571
morts	2.3900
mortuary	2.2313
mosaic	1.8967
mosaics	1.8114
mosasaur	1.7688
mosby	2.1700
moschus	2.4329
moscow	2.1383
mose	2.1500
moseley	1.9071
moselle	2.1929
mosely	1.9500
moser	2.1200
moses	1.9800
mosey	2.0800
mosiah	1.7833
moskva	1.7750
moslem	1.8167
moslemism	1.8611
moslems	1.7429
mosque	1.9500
mosques	1.8571
mosquito	1.9937
mosquitos	1.9167
moss	2.4875
mosse	2.4800
mosses	2.2833
mossiest	2.1438
mossiness	2.2500
mossy	2.3500
most	2.1875
mostly	1.9750
mote	2.0750
motel	1.9200
motels	1.8167
motes	1.9200
motet	2.1200
motets	1.9833
moth	1.9875
mothball	2.0938
mothballs	2.0056
mother	1.9333
mothered	2.2938
mothering	1.8278
motherly	1.8375
mothers	1.8429
mothing	1.9429
moths	1.8500
motif	1.8600
motifs	1.7667
motion	2.1083
motional	1.9438
motioned	2.4250
motioning	2.0667
motions	1.9929
motivate	1.9938
motivated	2.3389
motivates	1.9167
motive	1.9750
motived	2.4214
motives	1.8786
motley	1.9000
motleys	1.8143
motliest	1.8938
motor	2.0200
motorcade	2.3367
motorcar	2.0100
motorcars	1.9311
motored	2.4071
motoring	1.8688
motorist	1.9563
motorists	1.8833
motorized	2.4978
motorman	1.9125
motorola	2.3687
motors	1.9000
mots	1.9875
mottle	2.3167
mottles	2.1714
mottling	2.1375
mottoes	2.2643
mouche	1.8800
mouches	1.7971
moue	2.0000
mouf	1.8375
mould	1.9100
moulder	2.4571
moulders	2.3125
moulding	1.8000
mouldings	1.7444
moulds	1.8083
mouldy	1.8917
moulin	2.0000
moult	2.0500
moulting	1.8875
moulton	2.0143
mountains	2.4333
mountings	2.4000
mour	1.9625
mourir	1.8333
mourn	1.9300
mourne	1.8833
mourned	2.3429
mourner	1.9000
mourners	1.8250
mournful	1.7813
mourning	1.9500
mourns	1.8250
mous	1.9125
mousa	1.8500
mouse	2.0200
mousers	1.9143
mouses	1.9000
mousetrap	2.2667
mousey	1.9833
mousie	1.8250
mousing	1.7857
mousse	2.3167
moustache	1.9533
mousy	1.8900
mout	2.0375
moutain	1.9000
mouth	1.8900
mouthed	2.3143
mouthful	1.7563
mouthfuls	1.7056
mouthing	1.8875
mouths	1.7917
mouthwash	1.7889
movable	2.0143
movables	1.9250
move	2.1000
moveable	1.9812
moveables	1.9056
movement	1.9313
movements	1.8611
mover	2.0800
movers	1.9500
moves	1.9400
moveth	2.0000
movie	1.9900
movieland	1.7500
movies	1.8750
movin	2.0400
moving	1.9167
movingly	1.8250
mower	2.1900
mowers	2.0417
mowing	1.9417
mown	2.1500
mowry	2.1200
moya	2.0625
moyen	2.0200
moyens	1.9000
moyle	2.0800
moyo	2.2750
moyses	1.9500
mozo	2.4200
mres	1.5625
mstislav	1.7688
muchacha	2.4200
muchachos	2.4233
mucilage	2.4475
muddling	2.4562
mudflat	2.4143
mudflats	2.2750
mudguard	2.2750
mudlark	2.3143
mufflers	2.4438
muffling	2.4313
muleshoe	2.4437
multiform	2.2889
muralist	2.3438
murals	2.4167
murchison	2.3644
muriatic	2.4725
muricate	2.4725
muriel	2.4833
murphies	2.4250
muscadine	2.3644
muscatine	2.4756
musclemen	2.3422
muscles	2.4471
muscovite	2.4144
mushes	2.3917
mushrooms	2.5000
musical	2.3757
musicale	2.2850
musically	2.4700
musicals	2.2412
musician	2.3475
musicians	2.2311
musicus	2.3614
musing	2.4917
musingly	2.2563
musings	2.3214
musique	2.4714
muskets	2.3500
muskoka	2.3786
muskrat	2.4143
muskrats	2.2750
musks	2.5000
muslim	2.4917
muslims	2.3214
muslin	2.4917
muslins	2.3214
mustaches	2.3700
mustang	2.4857
mustangs	2.3375
mustapha	2.4500
mustering	2.3556
mutandis	2.2563
mutants	2.4429
mutating	2.4563
mutations	2.4556
mutinies	2.4813
mutinous	2.5000
mutual	2.5000
mutuality	2.2500
myriads	2.3929
myrmidons	2.3778
mysteries	2.3611
mystical	2.4413
mysticism	2.3756
mystify	2.4929
mythical	2.4413
mytilene	2.4688
naaman	2.1167
naas	2.3250
nabarro	2.3071
nabis	1.8500
nabisco	1.9971
nabob	2.0700
nabobs	1.9417
nabokov	1.9857
naboth	1.8917
nabs	1.9000
naca	1.9450
nach	1.8700
nacht	1.8560
nack	1.8200
naco	2.0325
nacre	2.0860
nacreous	1.8975
nada	1.6500
nadezhda	2.2038
nadia	1.6500
nadie	1.6600
nadine	1.7000
nadir	1.6300
nads	1.5750
nagasaki	2.1188
nagging	1.9786
nagl	1.6250
nagle	1.6300
nags	1.6250
nahant	1.6500
naiad	1.6500
naiads	1.5917
nail	1.7875
nailed	2.3167
nailer	1.8000
nailheads	1.6222
nailing	1.7143
nails	1.6900
nain	1.7375
nainsook	1.9687
naive	1.7200
naively	1.6714
naiveness	1.9056
naivest	1.7857
naivete	1.7929
naivety	1.8143
naked	2.2500
nakedly	2.0500
nakedness	2.2000
nally	2.0600
nama	1.7000
namby	1.8200
name	1.7125
nameable	1.7875
named	2.3900
nameday	2.1929
nameless	1.8625
namely	1.6583
nameplate	1.8222
namers	1.6917
names	1.6300
namesake	1.5625
namesakes	1.5333
nametag	1.7929
namine	1.9167
naming	1.8583
nana	1.7000
nancy	1.7960
nankeen	2.1000
nankeens	2.0000
nankin	2.4417
nannan	2.1500
nannie	2.3167
nans	1.6250
nansen	1.7917
nant	1.7500
nantes	1.6583
nantucket	1.7256
naomi	2.0000
naow	1.8250
nape	1.8625
napery	1.8750
napes	1.7500
naphtali	1.6813
napier	1.8500
napkin	2.4083
napkins	2.2500
naples	1.6750
napless	1.9786
napoleon	2.3188
napoleons	2.2056
napoli	2.4500
napper	2.3917
nappies	2.1857
napping	2.2214
naps	1.7750
naptha	1.7500
narcissi	2.0225
narcissus	1.9256
narcosis	1.7475
narcotic	1.8950
narcotics	1.8289
nard	1.7000
narr	2.4250
narrate	2.2214
narrates	2.1063
narrating	2.0833
narration	2.2111
narrative	2.1222
narrator	2.1688
narrators	2.0722
narrow	2.2667
narrower	2.2188
narrowest	2.1833
narrowing	2.0500
narrowly	2.0875
nary	1.8750
nasa	1.7000
nasal	1.6200
nasally	1.9571
nasca	1.9160
nasci	1.9260
nash	1.6250
nashville	1.9444
nasmyth	2.4857
naso	1.7875
nassau	2.0167
nastiest	1.8750
nastily	1.9071
nastiness	2.0111
nasty	1.9200
nata	1.9000
natal	1.7800
natalia	1.7357
natality	1.7688
natalka	1.6571
natasha	1.7571
natation	2.0250
natch	1.8760
natchez	2.0014
nate	1.9125
nates	1.7900
nathalie	1.6875
nathan	1.7833
nathanael	1.7833
nathaniel	1.8222
natheless	1.8889
nathless	1.9813
nati	1.9125
nation	2.0000
national	1.8625
nationale	1.8389
nationals	1.8000
nations	1.9000
native	1.8667
natives	1.7857
nativity	1.8375
nato	1.9875
natrona	2.2071
natter	2.3250
nattily	2.2643
natty	2.4200
natur	1.8000
natura	1.7667
naturae	1.8643
natural	1.7000
naturale	1.6938
naturally	1.9444
nature	1.7750
natured	2.2500
naturedly	2.0944
naturelle	1.9333
natures	1.7071
natus	1.7600
naudin	1.5917
naught	1.5500
naughties	1.5444
naughtily	1.6500
naughts	1.5143
naughty	1.5857
nauheim	2.2000
nausea	1.7083
nauseated	2.1778
nauseous	1.6750
nausicaa	1.9412
nautch	1.6800
nautical	1.6538
nautilus	1.6563
nauvoo	2.1833
naval	1.7800
navan	1.8800
navarino	2.0625
navarre	2.2214
nave	1.9375
navel	1.8100
navels	1.7250
navies	1.7667
navigable	1.8222
navigate	1.8500
navigated	2.2111
navigator	1.8444
navis	1.7900
navvies	2.1286
navvy	2.4200
navy	1.9500
nawab	2.1300
nawt	2.1125
naxos	1.9580
naylor	2.4583
nays	1.6250
nazionale	2.3144
neagh	1.6300
neal	1.5875
neale	1.6000
neander	2.2286
neap	1.8625
near	1.8375
nearctic	1.9950
neared	2.3500
nearer	1.8333
nearest	1.8429
nearing	1.7429
nearly	1.7417
nearness	1.9875
nears	1.7300
neary	1.8300
neas	1.7125
neat	1.9125
neater	1.8833
neatest	1.8857
neath	1.7900
neatly	1.7917
neatness	2.0250
neave	1.8800
neba	2.0625
nebo	2.1500
nebraska	2.4688
nebula	1.9750
nebulae	2.0429
nebulous	2.3750
neckline	2.3788
necklines	2.2589
necktie	2.4471
neckties	2.3037
nectaries	2.4811
nectarous	2.4978
needham	2.4857
neediest	2.4875
needleful	2.3389
needles	2.4214
needling	2.3563
neen	2.3500
nees	2.2250
nefarious	1.7833
nefertiti	2.0333
negate	1.9000
negated	2.3571
negation	1.9688
negations	1.8944
negative	1.8688
negatived	2.2278
negatives	1.8056
negligee	1.9500
negligees	1.8778
negligent	1.6722
nego	1.8750
negocios	1.8600
negotiate	1.8667
negras	2.4083
negresses	2.3944
negroes	2.2786
negroid	2.2500
negros	2.3833
negus	1.6700
nehi	1.8000
nehru	1.5500
neige	1.6100
neigh	1.5400
neighbor	1.6562
neighbors	1.6167
neighbour	1.6389
neighed	2.0643
neighing	1.6688
neighs	1.5000
neill	2.2000
neilson	1.7643
nein	1.7500
neither	1.6929
nekrasov	1.6500
nell	2.1375
nella	2.0300
nellie	1.9750
nellies	1.8786
nelly	2.0700
nelson	1.6500
nelsons	1.6000
nemean	1.7167
nemesis	1.5929
nemi	2.0000
nemo	2.0750
nennius	2.1571
neolithic	2.2089
neon	1.8250
neophyte	2.3563
nepal	1.7500
nepenthe	1.7563
nephew	1.7917
nephews	2.2929
nephi	1.9200
nephritis	1.6722
nepotism	1.7938
nere	1.7750
nereid	1.6417
nereids	1.5929
neri	1.7750
nerissa	1.9714
nernst	1.8583
nero	1.8500
neronian	1.9313
ners	1.6875
nervous	2.5000
nervously	2.2889
nesbit	1.8500
nescient	1.8038
nescio	1.9383
nesle	1.5400
ness	2.1375
nessus	1.8917
nest	1.8375
nested	2.3500
nester	1.8333
nesting	1.7429
nestle	1.7167
nestled	2.2000
nestles	1.6571
nestling	1.6875
nestlings	1.6444
nestor	1.8000
nestorian	1.7611
nests	1.7300
nether	1.7833
nets	1.7625
netting	2.1286
nettle	2.1667
nettles	2.0429
netto	2.4000
netty	2.3700
network	1.7500
networks	1.6938
neuilly	2.1143
neural	1.5583
neuralgia	1.5444
neuralgic	1.5867
neuritis	1.6063
neurons	1.6571
neurosis	1.5813
neurotic	1.7288
neurotics	1.6811
neuter	1.7333
neutering	1.6944
neutral	1.9500
neutrally	2.1389
neutrino	2.1688
neutron	2.0857
neutrons	1.9875
neuve	1.7000
neva	1.9875
nevada	1.8583
nevadas	1.8500
never	2.0200
nevermore	2.0111
neversink	1.8722
neveu	1.9200
nevil	2.0200
neville	2.2214
nevilles	2.1063
nevis	1.8600
nevski	2.4000
nevsky	1.7583
newark	1.7333
newb	2.1500
newbern	2.0214
newbold	2.4214
newborn	1.9786
newbridge	2.4222
newcastle	1.9367
newcombe	2.0225
newcome	1.9971
newcomen	1.9725
newcomer	1.9975
newcomers	1.9200
newdigate	1.7889
newel	1.7700
newell	2.1083
newer	1.9100
newest	1.9083
newfound	2.3813
newgate	1.9071
newhaven	1.8063
newhouse	1.8375
newington	2.2111
newly	1.7000
newlywed	2.2125
newlyweds	2.1111
newman	1.7667
newness	1.9929
newnham	2.2714
newport	2.2214
newsagent	2.1500
newsboy	2.4786
newsboys	2.3313
newsmen	2.2786
newspaper	2.3056
newsprint	2.2167
newsreels	2.3778
newsstand	2.4000
newt	1.9250
newton	1.9250
newtonian	1.9667
newts	1.8000
next	2.1975
nextdoor	2.2237
nexus	1.7380
ngah	1.5000
ngai	1.5875
niagara	1.9214
niagaras	1.9063
nial	1.8625
niall	2.2500
nibble	2.3667
nibbler	2.3143
nibblers	2.1875
nibbles	2.2143
nibbling	2.1750
nibs	1.9875
nicander	2.3350
nicanor	2.0686
nicaragua	1.8811
niche	1.8960
niched	2.4300
niches	1.7967
nicholas	2.4100
nichols	2.4543
nicholson	2.3367
nicht	1.9260
nick	1.9075
nicked	2.3967
nickel	1.7633
nickels	1.6971
nicker	1.8800
nickered	2.2538
nickerson	1.8256
nickle	1.8467
nickname	1.8100
nicknamed	2.1756
nicknames	1.7533
nicks	1.7860
nicky	1.8860
nicolas	2.4543
nicolaus	2.2725
nicotine	1.9350
nicoya	1.9800
nictating	2.0533
nido	1.9000
nidre	1.9200
nidus	1.6900
niel	1.8750
niem	2.0000
niente	1.9083
nietzsche	2.1456
nieve	2.1700
niger	1.9000
nigga	2.2500
niggah	2.0917
niggard	2.0929
niggardly	1.9722
niggards	1.9938
nigger	2.2167
niggers	2.0857
niggling	1.9750
niggurath	2.0167
nigh	1.7875
nigher	1.8000
nighest	1.8143
night	1.7900
nightbird	2.3111
nightcall	1.9700
nightcap	1.8788
nightcaps	1.8144
nightclub	1.7700
nighted	2.2429
nightfall	2.2944
nightfire	2.0833
nightgown	2.2167
nightie	1.7500
nighties	1.6938
nightjar	1.7312
nightlife	1.6167
nightlong	2.1556
nightly	1.7214
nightmare	1.8111
nights	1.7083
nightsky	1.6438
nighttime	2.0500
nightwear	1.8833
nightwork	1.7167
nighty	1.7917
nigs	1.7875
nihal	1.7500
nihil	2.0800
nihilism	1.8938
nihilist	1.9938
nihilists	1.9167
nijinsky	1.7625
nile	2.0750
niles	1.9200
nilly	2.4500
nilsen	2.0333
nilus	1.8900
nimbi	2.0400
nimble	1.9167
nimbler	1.9286
nimblest	1.9250
nimbly	1.9417
nimbus	1.8917
nimbuses	1.8875
nimes	1.8800
nimrod	1.8333
nimrods	1.7571
nina	2.0125
nine	2.0250
ninepin	2.0071
ninepins	1.9188
niner	2.0200
niners	1.9000
nines	1.8800
nineteen	2.2500
nineties	1.8750
ninetieth	1.9222
ninette	2.3357
ninety	2.0333
nineveh	2.0071
ning	1.9375
ninnies	2.3500
nino	2.3750
ninon	2.2800
ninth	1.9100
ninths	1.8083
niobe	2.1700
nipa	2.2625
nipas	2.1700
nippers	2.4714
nipping	2.4571
nipples	2.3714
nips	2.1875
nipt	2.3125
nisi	1.8750
nist	2.1125
nisus	1.7300
nite	2.0000
niter	2.0000
nito	2.0750
nitrate	2.3143
nitre	2.4000
nitric	2.3300
nitro	2.4600
nitrogen	2.1313
nitrous	2.1571
nitty	2.4900
nitwit	1.9583
nitwits	1.8643
nity	2.0375
niva	1.9875
nivalis	1.7429
nixie	2.0380
nixon	2.1480
nkvd	1.6500
nner	2.4375
noachian	2.0475
noah	1.9375
noakes	1.7500
nobbing	2.3429
nobble	2.4167
nobbling	2.2125
nobel	2.0000
nobile	2.0583
nobility	1.9938
nobis	1.9800
noble	1.9800
nobleman	1.8875
noblemen	1.8938
nobleness	2.0500
nobler	1.9833
nobles	1.8667
noblesse	2.1813
noblest	1.9714
nobly	2.0100
nobodies	1.8250
nobody	1.9667
nobodys	1.8714
nobs	2.0625
noch	2.0325
noche	1.9560
noches	1.8467
nochi	2.1160
nocked	2.4467
nocona	2.0467
noctis	2.1133
noctuid	2.0686
nocturnal	1.9367
nocturne	2.0225
nocturnes	1.9422
noddies	2.0214
noddin	2.1833
nodding	2.0571
noddings	1.9625
noddle	2.0833
noddles	1.9714
noddy	2.2700
nods	1.8125
noel	1.9500
noes	1.9500
noether	1.9643
nogaret	2.0000
noggin	2.2500
nogi	1.9500
nogood	2.2750
nohow	2.1700
noir	2.0000
noires	1.8250
noise	2.0500
noiseless	2.0333
noises	1.9250
noisier	1.8714
noisiest	1.8750
noisily	1.9071
noisiness	2.0111
noisome	1.9000
noisomely	1.8222
noisy	1.9200
nomad	1.9900
nomadic	1.9400
nomads	1.8750
noman	2.0300
nomen	2.0400
nomer	2.0800
nomex	2.1680
nominal	2.0429
nominally	2.2111
nominate	2.1562
nominated	2.4833
nomine	2.1750
nominee	2.4571
nonage	1.9667
nonbeing	1.9313
none	2.1000
nonentity	1.9167
nones	1.9400
nonesuch	1.8100
nonino	2.4083
nono	2.4500
nonpareil	2.1722
nonplused	2.4333
nonprofit	2.0167
nonsense	2.0063
nonsexual	1.9267
nonsmoker	1.9611
nonstop	2.2143
nonwhite	1.9875
noodle	2.2250
noodles	2.0929
noodly	2.2500
nooks	2.3400
noonday	2.2429
noons	2.5000
noontime	2.2750
nooses	2.3917
nopal	2.1300
nope	2.3500
nora	1.9875
norad	1.9100
nord	1.8625
nordic	1.8467
nordstrom	2.1333
nore	2.0000
norm	2.0375
norma	1.9500
normal	1.8417
normalcy	1.8538
normality	1.8111
normalize	2.0367
normally	2.0813
norman	1.9250
normande	2.2875
normandy	1.8063
normans	1.8357
normative	1.9500
norms	1.8900
norris	2.2167
norroy	2.3500
norse	2.0200
norseman	1.9125
norsemen	1.9188
norte	2.4600
north	2.3900
northcote	2.1478
northeast	2.1778
norther	2.2286
northerly	2.0778
northern	2.1750
northers	2.1125
northrop	2.2875
norths	2.2083
northward	2.1000
northwest	2.2167
norton	2.4167
nortons	2.2571
norway	1.9500
norways	1.8571
norwegian	1.9556
norwich	1.8900
nose	2.1500
nosebag	2.1714
nosebags	2.0625
noseband	2.0375
nosegay	2.0143
nosegays	1.9250
noseless	2.0812
noses	1.9800
nosey	2.0800
nosing	1.8333
nosotros	2.1438
nossa	2.3100
nostalgia	1.8000
nostalgic	1.8422
noster	2.0667
nostra	2.3917
nostrae	2.4000
nostrand	2.1562
nostre	2.4000
nostri	2.4000
nostril	2.3571
nostrils	2.2250
nostromo	2.4562
nosy	1.9875
nota	2.0625
notable	2.0143
notables	1.9250
notably	2.0357
notary	2.0583
notate	2.0833
notation	2.1063
notations	2.0167
notch	2.0060
notched	2.3971
notches	1.8543
notching	1.9600
note	2.0750
notebook	2.3750
notebooks	2.2556
notepad	1.9857
notepaper	2.0389
notes	1.9200
noth	1.9875
nother	1.9333
nothin	2.0500
nothing	1.9429
nothings	1.8625
noticing	1.8913
notified	2.2125
notifies	1.7375
notify	1.8500
notifying	1.8278
notin	2.0400
noting	1.9167
notion	2.1083
notional	1.9438
notions	1.9929
notis	1.9200
notitia	1.9071
notoriety	1.9444
notorious	1.8889
notre	2.4600
nots	1.9875
notts	2.4500
nouement	1.8813
nougat	1.9750
nough	1.7900
nought	1.7917
noughts	1.7214
noumenal	2.5000
nourish	1.7286
nourished	2.0944
nourishes	1.6722
nous	1.9125
nouveau	1.8571
nouveaux	1.9175
nouvelle	2.0813
nouvelles	1.9944
nova	2.0625
novae	2.1400
novak	1.8700
novara	2.0250
novaya	1.9417
novel	1.9400
novelette	2.1778
novelist	1.9063
novelists	1.8389
novelized	2.4533
novella	2.1571
novellas	2.1125
novels	1.8333
novelties	1.7889
novelty	1.9000
november	2.0063
novena	1.9667
novgorod	2.3062
novi	2.0750
novia	1.9800
novio	2.1500
novitiate	1.9556
novo	2.1500
novocaine	1.9311
novosti	2.0214
novus	1.8900
novy	2.1125
nowadays	1.8375
noway	2.0400
noways	1.9167
nowhere	1.9143
nowheres	1.8375
nowhither	1.9222
nowise	2.0333
nowt	2.2750
noxious	2.0129
noye	2.0750
noyer	2.0600
noyon	2.2000
nozzles	2.4800
nubians	2.4643
nucleic	2.4800
nucleons	2.3600
nucleus	2.3614
nudges	2.4417
nudging	2.3643
nugatory	2.4438
nullifies	2.4389
nuptials	2.4188
nurseling	2.2444
nursemaid	2.2444
nurseries	2.2944
nursing	2.3500
nursling	2.2188
nurslings	2.1167
nurturing	2.4944
nuthouse	2.4875
nutmegs	2.4929
nutshell	2.4938
nutshells	2.3611
oafish	1.5500
oafishly	1.6125
oafs	1.5875
oaken	1.6200
oakes	1.5200
oakey	1.6200
oakgrove	2.1188
oakland	1.5643
oaklands	1.5313
oakley	1.6500
oakmont	1.8857
oaks	1.4875
oaktree	2.3214
oakwood	2.0143
oamaru	1.7917
oaring	1.7833
oarlock	2.3114
oarlocks	2.1850
oars	1.7875
oarsman	1.7643
oarsmen	1.7714
oases	1.8200
oasis	1.6600
oatcake	1.7971
oaten	1.9200
oates	1.8200
oath	1.8625
oaths	1.7500
oatmeal	1.7857
oats	1.8625
oaxaca	2.1117
obadiah	1.6857
obduracy	1.7913
obdurate	1.7500
obedient	2.2250
obeisance	2.3644
obelisk	1.5929
obelisks	1.5562
ober	1.9500
oberlin	1.8071
oberon	1.9417
oberth	2.2333
obese	1.9100
obesity	1.7643
obey	1.9000
obeyed	2.3917
obeying	1.8500
obeys	1.7800
obiit	2.3300
obion	2.0100
obit	1.8750
obiter	1.8583
obituary	1.8375
objecting	2.4367
objective	2.4756
objectors	2.4256
objets	1.7167
oblate	1.8667
oblation	1.9438
oblations	1.8722
oblig	1.6600
obligated	2.1389
oblige	1.6583
obliged	2.1500
obliges	1.6071
obliging	1.6438
oblique	1.7929
obliquely	1.7389
obliquity	1.8500
oblivion	1.8500
oblivious	1.7444
oblong	2.4167
oblongs	2.2571
oblonsky	2.1750
obnoxious	2.0156
oboe	1.9125
oboist	1.9250
obscenely	2.4256
obscura	1.8186
obscurant	1.8144
obscure	1.8257
obscured	2.2350
obscurely	1.7644
obscurer	1.8475
obscures	1.7600
obscurest	1.8533
obscuring	1.7756
obscurity	1.8200
obsequies	1.8667
obsequy	2.2857
observant	2.4778
observers	2.4611
observing	2.4389
obsess	2.1500
obsesses	2.0813
obsessing	1.9722
obsession	2.1000
obsessive	2.0111
obsidian	1.6438
obsolete	2.2750
obsoletes	2.1667
obstacle	1.9100
obstacles	1.8422
obstetric	2.1700
obstinacy	1.9644
obstinate	1.9278
obstruct	2.2912
obstructs	2.1811
obtaining	2.4944
obtusity	2.4250
obverse	2.2643
obviate	2.2643
obviating	2.1167
obvious	2.1786
obviously	2.0389
ocampo	2.1300
ocarina	1.8543
occam	2.3620
occasion	2.2263
occasions	2.1233
occiput	2.3229
occiputs	2.1950
occlusion	2.0567
occult	2.3017
occultism	2.0622
occultly	2.1138
occupancy	2.2211
occupant	2.2513
occupants	2.1456
occupier	2.2637
occupies	2.1763
occupy	2.4350
occupying	2.2178
occur	2.2820
occurring	2.2511
occurs	2.1183
ocher	1.7760
ocherous	1.7037
ochi	1.9200
ocho	1.9950
ochone	1.9217
ochre	1.6760
ochreous	1.6412
oclock	2.3767
ocotillos	2.4978
octagon	2.0114
octagonal	1.8867
octave	2.1300
octaves	2.0114
octavia	2.0400
octavius	1.9350
octavo	2.1633
october	2.0900
octopi	2.2217
octopus	2.0686
octoroon	2.3225
octuplets	1.9756
ocular	1.9050
oculist	1.8686
odalisk	1.4286
oddish	1.8167
oddities	1.8375
oddity	1.9833
oddly	1.9500
oddments	1.8750
odds	1.9875
odes	2.5000
odin	1.6500
odious	1.6583
odiously	1.6313
odometer	1.8125
odor	1.6250
odorless	1.8188
odorous	1.6071
odors	1.5600
odour	1.6000
odourless	1.7833
odours	1.5500
odysseus	1.9000
odyssey	2.0286
oedipal	2.3071
oedipus	2.2929
oeil	1.8375
oeufs	1.4800
oeuvres	2.4071
ofer	1.6500
offal	1.8700
offen	1.9800
offenbach	1.9644
offend	1.8333
offender	2.3312
offenders	2.2167
offending	1.7611
offends	1.7571
offense	1.9500
offenses	1.8687
offensive	1.8222
offer	2.0200
offered	2.4071
offerin	1.9500
offering	1.8688
offerings	1.8056
offers	1.9000
offertory	2.1833
offhand	1.7500
offic	2.0160
official	1.8288
officials	1.7700
officiate	1.9533
officier	1.9225
officiers	1.8533
officio	2.0257
officious	1.8867
offing	1.8833
offish	1.7833
offkey	1.8333
offroad	2.4429
offs	1.9375
offset	2.0833
offshoot	2.2563
offshore	1.8687
offside	2.3071
offspring	1.8333
offstage	1.9250
offutt	2.3417
offy	2.0625
oficina	1.6757
often	2.4400
oftener	2.2643
oftenest	2.2188
ofttimes	2.4438
ogallala	1.8062
ogden	2.3600
ogdoad	1.5833
ogdoads	1.5429
ogee	2.2625
ogham	1.5900
ogle	1.5500
ogled	2.2600
ogling	1.5667
ogni	1.9500
ogres	2.3400
ohare	1.7600
ohia	1.8250
ohio	2.0375
oilcan	1.8467
oilcans	1.7686
oilcloth	2.2538
oiled	2.4900
oiler	1.8700
oilers	1.7750
oilfield	1.5500
oilier	1.8333
oiling	1.7583
oilman	1.8167
oils	1.7500
oilskin	2.2357
oilskins	2.1187
oilstone	1.8875
oily	1.8750
ointment	1.7938
ointments	1.7389
oise	1.8375
oiseau	1.7417
oiseaux	1.8271
oisin	1.6900
oistrakh	1.9375
ojinaga	1.7571
ojos	1.7500
okay	1.6125
okey	1.6250
okhotsk	1.6143
oklahoma	1.7500
okra	1.5375
olafson	2.2143
olaus	2.3300
oldham	2.1750
oldies	2.1583
oldish	2.1000
oldness	2.4143
olds	2.4125
oldsters	2.1500
oldtime	2.3071
oldtimer	2.2687
oleanders	2.4833
olfactory	2.3089
oligarchs	2.0867
oliphant	2.2875
olive	2.4900
oliver	2.4083
olivers	2.2500
olives	2.2917
olivet	2.4583
olivia	2.3250
olmstead	2.2250
olney	2.5000
olson	2.4800
omaha	1.6700
omai	1.7750
oman	1.8125
omar	1.9375
omega	1.8400
omelet	1.7917
omelette	2.0875
omelettes	2.0000
omen	1.8250
omened	2.3417
omens	1.7200
omer	1.8750
omigod	1.8250
ominous	2.0500
ominously	1.9389
omission	2.2125
omissions	2.1111
omit	2.1000
omits	1.9400
omitting	2.1938
omlet	1.9800
ommission	2.4444
omne	2.4500
omnes	2.2200
omnia	2.5000
omnibus	2.2571
omnibuses	2.1722
omnis	2.4400
omphalos	2.3500
omsk	1.5625
onan	1.8125
onanism	1.8714
onboard	1.8429
oncle	1.7560
oncoming	1.9538
ondes	2.3800
onega	1.8400
onegin	1.8583
oneida	1.6417
oneiric	1.7543
oneness	2.0071
onerous	1.7500
ones	1.7000
oneself	1.6500
onetime	1.8571
ongoing	1.7071
onia	2.0500
onion	2.1900
onions	2.0417
onlie	1.8500
online	1.8583
onlookers	2.4889
only	1.9375
onor	2.1000
onramp	2.0417
onrush	1.5750
onrushing	1.6778
onset	1.9800
onsets	1.8667
onshore	1.7643
onslaught	1.5500
onstage	1.8286
ontario	1.9500
onto	1.9000
onward	1.8000
onwards	1.7286
oodles	1.9583
oona	2.4750
oozing	2.3550
opacity	2.0686
opal	1.9375
opaline	1.8500
opals	1.8100
opaquely	2.3875
opel	1.9500
opelika	2.3071
open	2.0750
opener	1.9917
openin	2.1583
opening	2.0357
openings	1.9438
openly	2.0333
openness	2.4188
opens	1.9200
openwork	1.8500
opera	2.0200
operant	1.9571
operas	1.9833
operate	2.0500
operated	2.4312
operates	1.9563
operatic	2.0413
operating	1.9500
operation	2.0778
operative	1.9889
operator	2.0187
operators	1.9389
operetta	2.2938
opes	1.9500
ophel	1.8200
ophelia	1.7643
opher	1.9600
ophidian	1.8438
ophir	2.0200
opiate	2.0583
opiates	1.9500
opine	2.0100
opinion	2.2143
opinions	2.1000
opio	2.2375
oporto	2.4250
opponent	2.3563
opponents	2.2389
opposable	2.2722
opposer	2.4929
opposers	2.3438
opposes	2.3929
opposing	2.2313
opposite	2.2625
opposites	2.1556
oppresses	2.4167
oppressor	2.3833
optative	2.0063
optic	2.0560
optical	1.8829
optically	2.0867
optician	1.9163
optics	1.9300
optimism	2.0063
optimist	2.1063
optimists	2.0167
optimo	2.2083
option	2.1083
optional	1.9437
options	1.9929
opulent	1.9571
opulently	1.8667
opus	1.9125
oracion	1.9757
oracle	1.7967
oracles	1.7257
oracular	1.9163
oral	1.5875
orally	1.9917
oram	1.7125
orang	1.6300
orange	1.6333
orangeman	1.6667
orangery	1.7000
oranges	1.5857
orate	1.8600
orating	1.7857
oratio	1.9583
oration	1.9500
orations	1.8688
orator	1.8500
oratories	1.7444
oratorio	1.9000
oratorios	1.8333
orators	1.7714
oratory	1.8429
orbicular	2.4644
orbital	2.4857
orbiting	2.4188
orchard	1.6900
orchards	1.6413
orchester	1.7811
orchestra	1.9978
orchestre	2.0033
orchid	1.7300
orchids	1.6686
orchis	1.7633
orcus	1.6660
ordain	1.6167
ordained	2.0563
ordaining	1.7389
ordains	1.5714
ordeal	2.1833
ordeals	2.0571
order	2.4400
ordering	2.1313
orderings	2.0389
orderless	2.2500
orderlies	2.0111
orderly	2.1857
orders	2.2500
ordinaire	1.6111
ordinal	1.5714
ordinance	2.2922
ordinary	1.7250
ordinate	1.7438
ordnance	2.3600
ordo	1.6250
ordos	1.5600
ords	1.4625
ordure	1.5333
oread	1.6600
oregon	1.8417
oregonian	1.9111
oreille	2.0429
oreilly	2.0643
oreja	1.5400
orelli	1.9750
oren	1.7250
orenburg	2.1625
ores	1.6000
oresme	1.6417
oresteia	1.7375
orestes	1.7071
organ	2.4300
organdy	2.1500
organic	2.4114
organise	2.3313
organiser	2.2944
organism	2.2500
organisms	2.1444
organist	2.3500
organists	2.2333
organs	2.2417
orgasm	2.3250
orgasms	2.1786
orgiastic	2.2256
orgie	2.4100
orgies	2.2250
orgone	2.3750
oriel	1.6100
oriels	1.5583
orient	1.7250
oriental	1.6563
orientals	1.6167
oriented	2.1375
orients	1.6643
orifice	2.4114
orifices	2.2725
oriflamme	1.8611
origen	1.6417
origin	1.6583
original	1.6062
originale	1.6111
originals	1.5722
originate	1.7556
origines	1.6125
origins	1.6071
orinda	1.6167
oriole	2.4167
orioles	2.2571
orion	1.8900
orison	1.7083
orisons	1.6500
orissa	1.9667
orita	1.7000
orkneys	1.5857
orlando	1.6000
orld	1.4625
orleans	1.5857
orlik	2.3000
orlov	2.5000
orlova	2.3500
orly	1.6375
orme	1.7250
ormoc	2.0560
ormond	1.8833
ormonde	2.4214
ormskirk	1.9875
ornament	1.7375
ornaments	1.6889
ornate	1.8500
ornately	1.7750
orne	1.7250
orneriest	1.7889
ornery	1.7833
orns	1.6375
oronoco	2.0400
orotund	2.4429
orphan	1.7583
orphanage	1.7333
orphaned	2.1625
orphans	1.6929
orpheus	1.6571
orphic	1.9300
orphreys	1.6750
orreries	1.9625
orrery	2.1500
orrible	2.0214
orrin	2.2000
orris	2.0800
orsay	1.6300
orsini	1.8417
orsino	1.8917
orso	1.6750
orson	1.7200
orta	2.3375
ortega	2.1833
orth	2.2625
orthodox	2.1487
orthodoxy	2.1100
ortolans	2.4625
orton	2.3200
orts	2.2625
orwell	2.1083
orwellian	1.9667
osbert	2.3667
osborn	1.9000
osborne	1.8643
oscar	1.9860
oscillate	2.1589
oscuro	1.8300
osgood	2.0917
oshea	1.5600
oshkosh	1.6429
osier	1.7100
osiers	1.6417
osip	1.9500
osiris	1.5583
osler	1.6400
osmond	1.8500
osprey	1.7667
ospreys	1.7000
osric	1.8360
ossa	2.1625
osseous	2.0357
osses	2.1600
ossetia	2.1500
ossian	2.0167
ossianic	2.1038
ossified	2.2625
ossifrage	2.2500
ossifying	1.8722
ossory	2.0500
ossuary	2.0357
osten	1.8600
ostende	2.2929
ostler	1.8000
ostlers	1.7286
ostracism	2.1089
ostrich	2.1114
ostriches	1.9700
oswald	2.2000
oswalds	2.0714
other	1.7400
others	1.6667
otherwise	1.7833
otho	1.9500
othon	1.9400
otia	1.7500
otiose	1.9333
otis	1.6750
otra	2.3375
otranto	2.1286
otro	2.4250
otros	2.2000
ottar	2.3900
ottawa	2.3333
otter	2.3400
otto	2.5000
ottoman	2.1857
ottomans	2.0750
otway	1.8200
ouachita	1.8725
oublie	1.6917
oublier	1.7357
ouch	1.6825
oudh	1.4625
ough	1.5125
ought	1.5700
oughta	1.5750
oughtn	1.6083
oughts	1.5250
ouida	1.6600
ould	1.6625
ouray	1.6700
ours	1.5625
ourself	1.5714
ourselves	1.6500
ouse	1.8000
ousel	1.7000
ously	1.5700
oust	1.8375
ousted	2.3500
outa	1.7125
outbids	2.4143
outboard	2.4750
outburst	2.4688
outbursts	2.3389
outcast	1.9043
outcasts	1.8288
outcome	1.8329
outcomes	1.7663
outcries	1.8163
outcrop	2.1114
outcrops	2.0100
outcross	2.1225
outcry	1.9550
outdare	1.7000
outdated	2.1625
outdid	1.5167
outdo	1.6600
outdoing	1.6438
outdone	1.6929
outdoor	2.0357
outdoors	1.9437
outdrew	1.7500
oute	1.7250
outen	1.7400
outer	1.7800
outermost	1.9611
outers	1.7000
outerwear	1.8778
outfacing	2.1644
outfield	1.9938
outfit	2.2833
outfits	2.1429
outfitter	2.4056
outfought	2.0111
outgo	2.5000
outgoes	2.2071
outgoing	2.1688
outgoings	2.0722
outguess	2.3500
outhouse	1.8188
outhouses	1.7611
outing	1.6833
outings	1.6286
outland	1.5786
outlast	1.7929
outlasted	2.1444
outlasts	1.7313
outlaw	1.8167
outlawed	2.2687
outlawry	1.8375
outlaws	2.3143
outlay	1.6583
outlays	1.6071
outlet	1.7500
outlets	1.6857
outlier	1.6929
outliers	1.6438
outline	1.6786
outlined	2.1063
outlines	1.6313
outlive	1.6786
outlived	2.1063
outlives	1.6313
outliving	1.6500
outlooks	2.4188
outlying	1.7125
outpacing	1.8756
outpost	1.9286
outposts	1.8500
outpour	1.8000
output	1.8250
outrage	2.0429
outraged	2.4250
outrages	1.9500
outram	2.1083
outran	2.1083
outranked	2.3667
outranks	1.9813
outre	2.1800
outrider	2.4562
outriders	2.3278
outrigger	2.1833
outright	1.9125
outroar	2.1571
outs	1.6375
outsell	2.0143
outsells	1.9250
outset	1.8833
outshine	1.7313
outshone	1.7688
outshout	1.7375
outside	2.1357
outsider	2.1187
outsiders	2.0278
outsides	2.0312
outsize	1.9757
outsized	2.3662
outskirt	2.3875
outskirts	2.2667
outsmart	2.0688
outspoken	1.7167
outspread	1.7000
outstare	1.8375
outstay	1.7929
outstayed	2.1444
outstrip	2.2125
outta	2.2300
outwalk	1.6000
outward	1.7429
outwardly	1.7000
outwards	1.6875
outwear	1.8929
outweigh	1.7000
outweighs	1.6556
outwit	1.7750
outwitted	2.4111
outwore	1.7571
outwork	1.6786
outworks	1.6313
outworn	1.7786
outyell	1.9714
ouvert	2.2167
ouvrage	2.4714
ouvrages	2.3250
ouzel	2.0760
ouzo	2.0700
oval	1.6625
ovalle	2.0167
ovals	1.5900
ovary	1.8900
ovation	1.9929
ovations	1.9062
oven	1.8250
ovens	1.7200
over	1.8750
overage	1.7929
overall	2.0286
overalls	1.9375
overarch	1.8475
overarm	1.8857
overawe	2.0000
overawed	2.3875
overawing	1.8556
overboard	2.4500
overborne	2.4444
overbury	2.4875
overcame	1.8288
overcast	1.9475
overcloud	2.1589
overcoat	1.9663
overcoats	1.8922
overcome	1.8850
overcomes	1.8200
overdid	1.6214
overdo	1.7583
overdoing	1.7111
overdone	1.7625
overdose	1.7875
overdraw	1.9062
overdrawn	1.8944
overdue	1.6786
overeat	1.9071
overfly	2.2286
overfond	2.1812
overhand	1.6625
overhang	1.6875
overhangs	1.6444
overhaul	1.7500
overhauls	1.7000
overhead	1.7063
overhear	1.7938
overheard	1.7167
overhears	1.7389
overheat	1.8313
overheats	1.7722
overjoy	1.8643
overjoyed	2.2000
overladen	2.1611
overlaid	1.6438
overland	1.6625
overlap	1.8286
overlay	1.7429
overlays	1.6875
overleaf	1.6938
overleap	1.8063
overlive	1.7500
overload	2.2437
overlong	2.2438
overlooks	2.4000
overlord	2.1688
overlords	2.0722
overly	1.7667
overlying	1.7722
overman	1.8143
overmatch	1.8756
overmuch	2.4475
overnight	1.8278
overpaid	1.7812
overpass	2.1375
overplus	1.7500
overpower	1.9944
overprint	1.8611
overran	2.1286
overrate	2.1688
overrated	2.4944
overrates	2.0722
overreach	2.0922
override	2.4875
overrides	2.3556
overripe	2.2125
overruled	2.4278
overs	1.7600
oversea	1.8357
overseas	1.8313
oversee	2.2000
overseen	2.1500
overseer	2.1750
overseers	2.0778
overset	1.9357
overshine	1.7889
overshoe	1.8125
overshoes	1.7556
overshoot	2.1222
overshot	1.8313
oversight	1.6500
oversize	2.0100
oversized	2.3533
overslept	1.7722
oversoul	1.7938
overspent	1.8278
overstate	1.9167
overstay	1.8500
overstep	1.9313
overstock	1.8256
overstudy	1.7556
overt	2.3600
overtake	2.0188
overtaken	1.9944
overtakes	1.9389
overtax	2.3629
overthrew	2.0222
overthrow	2.0556
overtime	2.1250
overtired	2.4111
overtly	2.1286
overton	2.2357
overtone	2.1625
overtones	2.0667
overtook	2.4125
overtops	2.2438
overture	2.0563
overtures	1.9722
overturn	2.0750
overvalue	2.3167
overwatch	1.8922
overweigh	1.7611
overwhelm	1.7222
overwork	1.7500
overworks	1.7000
ovid	1.6250
ovidius	1.5643
oviform	1.6643
oviparous	1.8833
ovoid	1.6900
owen	1.9625
owens	1.8300
owes	1.8375
owest	1.9900
owin	1.8625
owing	1.7500
owlet	1.8300
owlish	1.5750
owlishly	1.6313
owls	1.6250
ownby	1.9200
owne	1.8375
owned	2.4900
owner	1.8700
ownerless	1.9333
owners	1.7750
ownership	1.9222
owning	1.9417
owns	1.7500
ownself	1.6786
oxbow	2.1580
oxcart	2.4950
oxen	2.2100
oxenford	1.7987
oxes	2.0850
oxford	1.7733
oxfords	1.7057
oxidation	1.9156
oxidized	2.4275
oxman	1.8980
oxon	2.0350
oxonian	2.0414
oxtail	2.0900
oxus	1.7725
oxycontin	1.9189
oxygen	1.8067
oyer	1.8500
oyez	2.0950
oyster	1.8833
oysters	1.8000
ozon	2.1700
ozona	2.0560
ozone	2.0660
ozonize	2.4371
pacha	1.9360
pachalic	1.8263
pache	1.9460
pachelbel	1.7978
pachinko	2.1350
pacific	1.8657
pacifica	1.8325
pacifics	1.7950
pacificus	1.7622
pacified	2.2288
pacifier	1.8413
pacifies	1.7538
pacifism	1.7725
pacifist	1.8725
pacify	1.8717
pacifying	1.8422
pacing	1.9383
pack	1.9700
package	1.8471
packaged	2.2538
packages	1.7788
packaging	1.7922
packard	1.8400
packards	1.7725
packed	2.4383
packer	1.9217
packers	1.8329
packet	1.9717
packets	1.8757
packhorse	1.9089
packing	2.3900
packings	2.2538
packs	1.8360
packwood	2.1662
pact	2.4200
paction	2.2400
pactolus	2.4663
pacts	2.1960
padding	2.0071
paddings	1.9188
paddle	2.0250
paddled	2.4643
paddler	2.0214
paddlers	1.9312
paddles	1.9214
paddling	1.9187
paddock	2.0329
paddocks	1.9412
paddy	2.2000
padilla	2.1071
padlock	2.2757
padlocks	2.1538
padre	1.9100
padres	1.8083
padrino	2.0714
padrona	1.9071
padrone	1.9143
pads	1.7250
padua	1.7400
paduan	1.7500
paean	1.9700
paeans	1.8583
paese	2.0400
paez	2.3575
paff	2.2500
pagan	1.8400
paganini	2.0750
paganism	1.8813
pagans	1.7500
pagar	1.9400
page	1.8625
pageant	1.8071
pageantry	2.0500
pageants	1.7438
pages	1.7500
paget	1.9500
pagoda	1.7417
pagodas	1.7500
pagus	1.7200
pahl	1.7750
pahlavi	1.8500
paid	1.6875
paide	2.4800
pail	1.9375
pailful	1.7643
pailfuls	1.7063
pails	1.8100
pain	1.8875
paine	1.8400
pained	2.3833
paines	1.7500
painful	1.7357
painfull	1.9938
painfully	1.9722
paining	1.9286
painless	2.0500
pains	1.7700
paint	1.8700
painted	2.3000
painter	1.8571
painters	1.7875
paintin	1.8429
painting	1.7750
paintings	1.7222
paintless	1.9333
paints	1.7750
paintwork	1.7611
pair	1.7875
paired	2.3167
pairing	1.7143
pairs	1.6900
paisano	1.9143
paisley	1.6714
paix	1.9975
pajama	1.6667
pajamas	1.6857
pakistan	2.2563
paladin	1.7214
paladins	1.6688
palais	1.6417
palamedes	2.4889
palamon	1.9500
palanquin	1.8500
palatable	1.8833
palatal	1.7714
palate	1.8583
palates	1.7786
palatial	1.7563
palatine	1.8375
palau	1.6800
palaver	1.8929
palawan	1.8643
pale	1.7375
paled	2.4100
palefaces	2.3978
palely	1.6750
palembang	1.7278
paleness	1.9375
palenque	1.7875
paleocene	2.3867
paler	1.7900
palermo	1.9714
pales	1.6500
palest	1.8083
palestine	1.7833
paletas	1.8071
palette	2.1714
paley	1.7500
palfrey	2.1786
palfreys	2.0688
palgrave	2.2563
pali	1.7375
paling	1.6917
palings	1.6357
palisade	2.1375
palisaded	2.4667
palisades	2.0444
pall	2.2750
palladian	1.9278
palladio	2.0500
pallas	2.0833
pallet	2.1750
pallets	2.0500
palliate	2.0750
pallid	1.9750
pallidly	1.8688
palls	2.0800
palm	1.7750
palma	1.7400
palmas	1.7500
palme	1.7500
palmed	2.3083
palmer	1.7917
palmers	1.7214
palmetto	2.1625
palmettos	2.0667
palmilla	2.1688
palming	1.8643
palmistry	2.1722
palmo	2.0300
palms	1.6800
palmyra	2.5000
palomar	2.4357
palomas	2.3643
palpable	1.9937
palpably	2.0125
palpate	2.0500
palpated	2.4312
palpating	1.9500
palpation	2.0778
palpitant	1.9056
palpitate	1.9778
palps	1.9600
pals	1.6500
palsied	2.1429
palsies	1.6000
palsy	1.6800
palsying	1.7188
palter	1.7917
paltriest	2.0333
paltry	2.1500
paly	1.7750
pamby	1.9400
pamela	1.7250
pamirs	1.8917
pampas	2.1167
pamper	2.1583
pampered	2.4625
pampering	1.9778
pamphlet	2.0438
pamphlets	1.9611
pamphylia	2.4167
panache	1.8757
panama	1.8000
pancake	1.7329
pancaked	2.1537
pancakes	1.6787
pandanus	2.3250
pandarus	1.7000
pandemic	2.3850
pander	2.4250
pandering	2.1556
panders	2.2643
pandion	1.8429
pandora	1.7071
pandowdy	1.8125
pandy	1.7400
pandybat	1.8750
pane	1.8625
panegyric	1.8311
panel	1.7500
paneled	2.2143
paneling	1.7000
panelled	2.4125
panelling	1.9333
panels	1.6750
panem	1.8500
panes	1.7500
panful	1.7333
pang	1.7750
pange	1.7500
pangs	1.6800
panhandle	2.0611
pani	2.1375
panic	2.1060
panicked	2.2975
panicky	1.9186
panicles	1.8475
panics	1.9717
paniers	1.9286
panin	2.0900
panis	1.9700
pannier	2.3571
panniers	2.2250
panning	2.2929
pannonia	2.4250
panoplied	2.3833
panoply	2.1214
panorama	1.9187
panoramas	1.9056
panoramic	2.0533
pans	1.7750
pansa	1.7400
pansies	1.6714
pansy	1.7800
pant	1.9000
pantai	1.8083
pantalets	1.7500
pantalon	2.2938
panted	2.3917
panth	1.7800
panthea	1.7357
pantheism	1.7000
pantheist	1.7889
pantheon	1.8000
pantheons	1.7444
panther	1.7929
panthers	1.7313
panties	1.7429
pantin	1.8583
panting	1.7786
pantingly	1.7278
pantings	1.7188
panto	1.9100
pantomime	1.9722
panton	1.9083
pantries	2.0250
pantry	2.2333
pants	1.7800
panzer	2.2383
paon	1.9625
papa	2.0000
papago	1.9583
papal	1.8600
papas	1.9600
papaw	2.1500
papeete	2.3071
papeles	1.7571
paper	2.0100
papered	2.4000
papers	1.8917
paperwork	1.8389
papery	1.9750
paphian	1.9357
paphos	1.9583
papier	1.9500
papilio	2.0357
papillae	2.2500
papirius	1.7500
papist	1.9917
papistry	2.2188
papists	1.8929
papooses	2.2313
pappose	2.4286
paps	1.9250
papua	1.9000
papyrus	1.7857
paquita	2.4929
para	1.9750
parable	1.9643
parables	1.8813
parabola	2.4562
parabolas	2.3833
parabolic	2.4089
parachute	2.3256
paraclete	1.9533
parades	2.3500
paradigm	1.7813
parading	1.7938
paradis	1.7786
paradise	1.8625
paradises	1.8000
parado	1.9083
paradox	1.9700
paradoxes	1.9822
paraffin	2.0562
paragon	1.9357
paragons	1.8563
paragraph	2.2778
paraguay	1.8250
parah	1.8400
parakeet	2.1375
parakeets	2.0444
parallax	2.2175
parallel	1.9938
parallels	1.9167
paralyse	1.8438
paralysed	2.2056
paralyses	1.7833
paralysis	1.6944
paralytic	1.8256
paralyze	2.0788
paralyzed	2.4144
paralyzes	1.9922
paramatta	2.2000
paramo	2.1250
paramour	1.9688
paramours	1.8944
paran	1.9400
paranoia	2.0000
paranoiac	2.0867
paranoic	2.0475
paranoid	1.9375
paranoids	1.8667
parapet	2.0357
parapeted	2.3333
parapets	1.9438
paraph	1.9333
parasha	1.8000
parasite	1.8500
parasites	1.7889
parasitic	1.8644
parasol	2.4214
parasols	2.2812
paratus	1.9000
paray	1.9400
parca	1.9960
parch	1.9360
parched	2.3471
parches	1.8043
parching	1.9163
parchment	2.3033
pard	1.8500
pardner	1.8357
pardon	1.8750
pardoned	2.2500
pardoner	1.8625
pardoning	1.9111
pardonne	2.1500
pardons	1.7929
pards	1.7400
pardy	1.8400
pare	1.9875
paree	2.4200
paregoric	1.9033
pareil	1.9500
parel	1.8500
parent	1.9250
parentage	1.8444
parental	1.8063
parents	1.8357
paresis	1.7429
parfait	2.3357
parfois	2.3143
parham	1.8333
parhelion	1.8389
pari	1.9875
pariah	1.8083
pariahs	1.7357
parian	1.8917
pariente	1.8563
paring	1.8583
parings	1.7786
parioli	2.4786
paris	1.8500
parish	1.7583
parishes	1.6875
parisian	1.7875
parisians	1.7333
parity	1.9250
park	1.8500
parka	1.8000
parkas	1.8000
parked	2.3583
parker	1.8417
parkers	1.7643
parkes	1.7250
parkgate	1.8188
parkin	2.4917
parking	2.3214
parkins	2.3214
parkinson	2.2333
parkland	1.7125
parklands	1.6667
parkman	1.8000
parks	1.7400
parla	1.8400
parlay	1.8333
parle	1.8500
parler	1.8750
parles	1.7583
parley	1.8417
parleyed	2.2250
parleying	1.8222
parleys	1.7643
parlez	2.0383
parling	1.7786
parlors	2.3357
parlour	2.3643
parlours	2.2313
parlous	2.3357
parlously	2.1611
parm	2.0250
parma	1.9400
parme	1.9500
parnassus	2.0111
parnell	2.1214
parochial	1.8756
parodic	1.8543
parodied	2.2188
parodies	1.7438
parodist	1.8625
parody	1.8583
parodying	1.8333
paros	1.9100
paroxysm	1.9363
paroxysms	1.8656
parquet	2.0214
parquetry	2.2167
parral	2.2000
parras	2.2833
parricide	2.4811
parries	2.1286
parrot	2.3417
parrots	2.1929
parry	2.4200
parrying	2.1813
parsee	2.3667
parsees	2.2143
parsifal	1.6438
parsley	1.7643
parsnips	2.0438
parson	1.9083
parsonage	1.8333
parsons	1.8214
partake	2.1357
partaken	2.0938
partaker	2.1187
partakers	2.0278
partakes	2.0312
partaking	2.4611
parte	2.4500
parterre	2.4875
parterres	2.3556
parthenon	2.2556
parthia	2.2786
parthian	2.2188
parthians	2.1167
parti	2.4500
partial	2.1643
partially	2.3056
partibus	2.1437
partic	2.3717
particle	2.1475
particles	2.0533
partida	2.1357
partie	2.3167
parties	2.1714
parting	2.2071
partings	2.0938
partir	2.2917
partisan	2.1187
partisans	2.0278
partita	2.2357
partition	2.2278
partlet	2.2643
partly	2.2833
partner	2.2929
partners	2.1688
parton	2.4083
partridge	2.3111
parts	2.3800
partway	2.2786
party	2.4800
pasa	1.8500
pasadena	2.2563
pasado	1.8250
pasar	1.9400
pascal	1.9133
pascha	1.9133
paschal	1.8257
pascual	1.8543
pase	2.0625
paseo	2.0400
paseos	1.9167
pash	1.7750
pasha	1.7400
pashas	1.7500
pasiphae	1.9625
paso	1.9375
pasquale	1.7812
pass	2.4000
passa	2.2400
passable	2.1313
passably	2.1500
passado	2.1071
passage	2.0929
passager	2.0812
passages	1.9938
passant	2.1143
passbook	2.5000
passe	2.4100
passel	2.2250
passenger	2.0889
passer	2.3417
passers	2.1929
passersby	2.2278
passes	2.2250
passeth	2.2357
passim	2.1917
passin	2.1917
passing	2.0643
passingly	1.9500
passio	2.2833
passion	2.2286
passions	2.1125
passive	2.1143
passively	1.9889
passivity	2.0333
passman	2.1143
passos	2.1417
passout	2.1214
passover	2.1375
passovers	2.0444
passport	2.4688
passports	2.3389
passu	2.2200
passwords	2.3778
passy	2.2800
past	2.1000
pasta	2.0000
paste	2.0100
pastel	1.8917
pastels	1.8071
pastern	1.9786
pasternak	1.8389
pasterns	1.8938
pasteur	1.8643
pastiche	1.8725
pastiches	1.8089
pasties	1.8571
pastil	2.0250
pastille	2.2000
pastilles	2.1000
pastime	1.9429
pastimes	1.8625
pasting	1.8929
pastor	1.9750
pastoral	1.8438
pastorals	1.7833
pastorate	1.9667
pastors	1.8786
pastries	2.1250
pastry	2.3667
pasts	1.9400
pasturage	1.8278
pasture	1.8643
pastured	2.2687
pastures	1.7938
pasturing	1.8056
pasty	2.0400
pata	2.0500
patagonia	2.0222
patay	2.0000
patch	1.9960
patched	2.3900
patchen	1.9186
patches	1.8471
patchily	2.0413
patchin	2.0471
patching	1.9538
patchwork	1.8311
pate	2.0625
patek	1.8700
patella	2.1357
patellar	2.1562
paten	2.0100
patens	1.8917
patent	1.9750
patented	2.3250
patentee	2.2063
patentees	2.1056
patenting	1.8556
patently	1.8688
patents	1.8786
pater	2.0500
paternal	1.8688
paternity	2.0444
paterson	1.9250
pates	1.9100
patey	2.0100
path	1.9750
pathan	1.8833
pathetic	1.9350
pathless	2.0563
pathogen	1.9250
pathos	1.9917
paths	1.8400
pathway	1.8929
pathways	1.8188
pati	2.0625
patient	1.9286
patiently	1.8444
patients	1.8500
patina	1.9583
patinas	1.9357
patio	2.1400
patmore	2.0857
patmos	2.1250
patois	1.9167
patres	2.2583
patria	2.3083
patriae	2.3286
patriarca	2.2033
patriarch	2.1700
patricia	2.1850
patrician	2.1422
patricio	2.2912
patrick	2.1900
patrie	2.3167
patriot	2.3571
patriotic	2.2367
patriots	2.2250
patris	2.2583
patrizio	2.4037
patroclus	2.0700
patron	2.4083
patrona	2.2929
patronage	2.1667
patroness	2.3556
patronise	2.3278
patrons	2.2500
pats	1.9750
patsy	1.9400
patter	2.4250
pattering	2.1556
pattern	2.3357
patterns	2.2063
patterson	2.1889
patties	2.2143
patting	2.2500
paucity	1.8186
paul	1.9000
paula	1.8400
pauldron	1.8563
pauldrons	1.7944
paule	1.8500
paulhan	1.7571
pauli	1.8500
paulina	1.8214
pauline	1.8286
pauling	1.7786
paulus	1.7333
paunches	2.3788
pauper	2.0083
pauperism	1.8667
pauperize	2.1478
paupers	1.9071
paus	1.7000
pausa	1.6800
pausanias	1.8167
pause	1.8500
paused	2.3917
pauses	1.7583
pausing	1.6643
pauvres	2.4643
pavan	2.0000
pave	2.0875
pavel	1.9300
pavement	1.9250
pavements	1.8556
paves	1.9300
pavese	2.0167
pavia	1.9700
pavilion	2.0438
pavilions	1.9611
pavin	2.0300
paving	1.9083
pavings	1.8214
pavlich	1.8329
pavlovich	2.2867
pavlovna	2.3813
pavlovsk	2.2563
pavlovsky	2.2056
pavonine	2.0938
pawcatuck	2.0678
pawing	1.9333
pawl	2.0125
pawls	1.8700
pawn	2.1375
pawnee	2.3917
pawning	2.0714
pawns	1.9700
pawnshop	2.1000
pawnshops	2.0111
pawpaw	2.2500
pawtucket	1.9533
pawtuxet	2.2425
paxton	2.3150
payable	1.8929
payaso	1.8583
paycheck	2.4138
payday	1.7167
payee	2.3200
payers	1.7917
payin	1.9700
paying	1.8583
payments	2.4563
payoff	2.1250
payout	1.9250
payphone	2.0375
payphones	1.9556
pays	1.7750
paysan	1.7500
paysans	1.6857
peabody	1.9143
peach	1.9460
peaches	1.8114
peacoat	2.0829
peacock	1.9229
peacocks	1.8450
peak	1.6875
peake	1.6800
peaked	2.2500
peaking	2.2286
peaks	1.6100
peaky	1.7100
peal	1.7375
peale	1.7200
pealed	2.2833
pealing	1.6857
peals	1.6500
pean	1.8625
peano	2.1000
peans	1.7500
pear	1.9875
pearcy	1.9717
peard	1.8100
pearl	1.8500
pearled	2.2857
pearls	1.7583
pearly	1.8417
pears	1.8500
pearson	1.8714
peart	2.4500
peary	1.9500
peas	1.8625
peasant	1.8071
peasantry	2.0500
peasants	1.7438
pease	1.9800
peat	2.0625
peau	1.7875
peba	2.2125
pebble	2.4667
pebbles	2.3000
pebbly	2.4917
pedagogic	2.1589
pedagogue	2.1056
pedagogy	2.2000
pedal	2.4100
pedaling	2.1125
pedalling	2.3000
pedals	2.2250
pedant	2.3917
pedantic	2.2475
pedants	2.2357
peddlers	2.3750
peddling	2.3625
pediment	2.2438
pediments	2.1389
pedlar	2.3917
pedlars	2.2357
pedler	2.3500
pedometer	2.2889
pedrito	2.4071
pedros	2.4500
peek	2.3250
peel	2.3750
peeler	2.1917
peelers	2.0643
peeling	2.0500
peelings	1.9563
peels	2.1600
peen	2.5000
peening	2.2786
peeper	2.3750
peepers	2.2214
peeping	2.2071
peeps	2.3800
peepshow	2.2375
peepul	2.3667
peerage	2.1786
peerages	2.0688
peeress	2.4214
peeresses	2.3000
peering	2.1500
peerless	2.2812
peers	2.3000
peeter	2.3583
peevish	2.1929
peevishly	2.1056
pegasus	1.7643
pegboard	2.4000
pegboards	2.2778
pegging	2.1143
peggy	2.3500
pegs	1.8625
pegu	1.9125
peignoir	1.8750
peignoirs	1.8111
peile	1.8900
peine	1.8500
peintres	2.0438
peking	2.3333
pekoe	1.9100
pela	1.7375
pele	1.7500
pelee	2.2300
peleg	1.8200
pelerine	1.7750
pelf	1.5875
pelham	1.6750
peli	1.7500
pelican	1.7686
pelicans	1.7100
peligroso	2.1111
pelion	1.8917
pelisse	2.0786
pell	2.2875
pella	2.1500
pellagra	2.4562
pellet	2.1833
pelleted	2.4813
pellets	2.0571
pellicle	1.9663
pellinore	2.1000
pellmell	2.2125
pellucid	1.9225
pelt	1.7875
pelted	2.3167
pelter	1.8000
pelters	1.7286
pelting	1.7143
peltings	1.6625
peltries	1.9688
peltry	2.1583
pelts	1.6900
pelvic	1.7967
pelvis	1.6833
pemberton	2.2056
pembroke	2.4562
pemmican	2.2850
penal	1.7500
penalize	2.0038
penalized	2.3478
penally	2.0500
penalties	1.6833
penalty	1.7643
penances	2.4600
penang	1.7583
penarth	2.1929
penasco	1.9971
penchant	1.7913
pencil	1.9300
penciled	2.2913
penciling	1.8256
pencilled	2.4589
pencils	1.8400
pendant	1.7357
pendants	1.6813
pendejo	2.3357
pendejos	2.2062
pendelton	2.1722
pendent	2.3143
pending	1.6857
pendleton	1.7833
pendragon	1.8333
pendu	1.6900
pendulous	2.1444
pendulum	2.4188
pendulums	2.2944
pene	1.8750
penelope	2.4125
penetrant	2.1111
penetrate	2.1833
peneus	1.7167
penguin	1.8143
penguins	1.7500
peninsula	1.8889
penis	1.9800
penitent	1.9563
penitents	1.8833
penknife	1.8688
penknives	1.9056
penman	2.2583
penname	2.1714
pennant	2.1929
pennants	2.0813
penner	2.3000
pennies	2.2643
penniless	2.4167
penning	2.3000
pennons	2.3429
pennsy	2.2083
penobscot	2.0922
penrod	1.7333
penrose	1.8643
pens	1.7875
pensacola	2.2644
pense	1.9200
penser	1.9333
penshurst	2.1500
pensi	1.7600
pension	1.8786
pensioned	2.2111
pensioner	1.8667
pensions	1.8062
pensive	1.7643
pensively	1.7167
pent	1.9125
pentads	1.7357
pentagon	1.8625
pentagram	2.2167
pentelic	1.7788
penthouse	1.8833
pentland	1.6812
penurious	2.3611
peon	1.9750
peonies	1.9429
peons	1.8400
people	1.9750
peopled	2.4214
peoples	1.8786
peopling	1.8813
peor	1.8750
peoria	1.7917
pepe	2.0250
peperomia	2.0333
pepin	2.0000
peplos	2.5000
pepper	2.5000
peppering	2.2056
peppers	2.3286
peppery	2.4000
pepys	1.9100
pequena	1.8571
pequod	1.9167
pera	1.9125
perak	1.7500
peralta	1.7643
perceives	2.4200
perch	1.8860
percha	1.8383
perchance	2.4400
perched	2.3114
perches	1.7686
perching	1.8850
percival	1.8100
percolate	2.3589
percy	1.9860
perder	2.4667
perdida	1.6429
perdido	1.6929
perdidos	1.6438
perdita	1.7429
perdition	1.8444
perdre	1.8500
perdu	1.7300
perdue	1.7167
perdus	1.6583
perdy	1.7900
pere	1.9250
perea	1.8600
peregrine	2.2778
perelman	1.7750
perennial	2.1611
pereyra	1.8000
perfidies	2.0444
perfidy	2.2286
perforate	2.2611
perform	2.3286
performer	2.2167
performs	2.2000
perhaps	1.8071
peri	1.9250
periclean	1.7811
pericles	1.7413
peridot	1.7929
perigee	2.1143
perigord	1.6937
peril	1.9600
periled	2.3643
perilous	2.3188
perils	1.8500
perimeter	1.9111
period	1.8750
periodic	1.8600
periods	1.7929
periphery	1.9278
periplus	1.8375
peris	1.8000
periscope	2.0311
perish	1.7167
perished	2.1313
perishes	1.6563
perishing	1.7722
peristyle	1.9056
periwig	1.8000
perjure	2.2429
perjurer	2.2125
perjuries	2.0722
perjury	2.2643
perk	1.7875
perked	2.3167
perkin	2.4500
perkins	2.2857
perky	1.7900
perle	1.8000
perles	1.7167
perm	1.9625
permanent	1.8333
permeate	1.9188
permeated	2.2722
permeates	1.8500
permian	2.0000
permis	1.9833
permiso	1.9786
permit	2.0667
permits	1.9571
pern	1.9625
pero	2.0000
perorated	2.2722
perouse	1.8929
peroxide	2.3425
perp	2.1125
perpend	1.8571
perpetual	1.8667
perplex	1.9771
perplexed	2.4100
perplexes	1.9878
perra	2.3300
perras	2.2417
perrier	2.1929
perrin	2.2667
perro	2.4000
perros	2.2167
perry	2.3700
perse	1.9600
persecute	2.4700
perseus	1.8000
persevere	2.0111
pershing	1.7875
persia	1.7667
persian	1.7714
persians	1.7125
persimmon	2.2389
persist	1.8429
persisted	2.1833
persists	1.7750
persius	1.6857
perso	1.8600
person	1.8667
persona	1.8286
personae	1.9062
personage	1.8056
personal	1.7625
personals	1.7111
personate	1.8944
personify	1.8611
personne	2.1438
personnel	2.0500
persons	1.7857
perspire	1.8188
perspired	2.1833
persuade	2.2125
persuader	2.1889
persuades	2.1111
pertain	2.2143
pertained	2.4722
pertains	2.1000
perth	2.3300
pertinent	2.1278
pertly	2.2417
pertness	2.3625
peru	1.8875
perugia	1.7286
perugino	1.9312
peruke	1.8500
perus	1.7700
perusal	1.6786
peruse	1.8833
perused	2.3429
peruser	1.9000
perusing	1.7125
peruvian	1.8000
peruvians	1.7444
pervading	2.3778
pervasive	2.4389
pesar	1.8500
pesaro	1.8667
peseta	1.9500
pesetas	1.9286
pesky	1.6500
peso	1.8250
pesos	1.7200
pessimism	2.0611
pessimist	2.1500
pest	1.9875
pester	1.9333
pestered	2.2937
pestering	1.8278
pesthole	2.3687
pesthouse	1.9167
pesti	1.9200
pestilent	1.8833
pestle	1.8167
pestles	1.7429
pests	1.8500
petal	1.8500
petaled	2.2857
petalled	2.4750
petals	1.7583
petard	1.8917
pete	2.0000
peter	2.0000
petered	2.3929
peterhead	1.7944
petering	1.8563
peters	1.8833
peterson	1.8938
petersons	1.8278
petes	1.8600
petey	1.9600
petipa	2.0833
petit	1.9600
petite	1.9083
petites	1.8214
petitio	1.9857
petition	1.9750
petitions	1.9000
petitot	1.9357
petits	1.8500
peto	2.0750
petra	2.3900
petrarch	2.2037
petrel	2.2167
petrels	2.0857
petri	2.4000
petrie	2.2750
petrified	2.3778
petrifies	1.9556
petrify	2.1143
petro	2.4600
petrograd	2.4778
petronius	2.1944
petros	2.2667
petrov	2.3500
petrovich	2.1144
petrovna	2.1875
petruchio	2.2256
petrus	2.1917
petrushka	1.9611
pets	1.9125
petter	2.3833
petticoat	2.2700
pettiest	2.2313
pettily	2.3143
pettiness	2.3278
petting	2.2143
pettish	2.1286
pettishly	2.0556
pettitoes	2.1111
petty	2.4900
petulance	2.4978
petulant	1.8938
peugeot	1.7500
peur	1.7625
peut	1.8375
peux	1.9725
pewter	1.9917
pewterer	1.9500
peyton	1.9167
pfeiffer	1.8562
pfennig	2.1714
pfennigs	2.0625
pglaf	1.6200
phaedra	2.3929
phaeton	1.9857
phal	1.6500
phalanges	1.5833
phalanx	1.7629
phalaris	1.6813
phalen	1.6750
phalli	2.0083
phallic	2.0043
phallus	1.8857
phane	1.7500
phantasm	1.7625
phantasma	1.7444
phantasms	1.7111
phantasy	1.7625
phantom	1.8214
phantoms	1.7563
pharamond	1.8944
pharaoh	1.7786
pharaohs	1.7188
pharaonic	1.9756
pharisaic	1.7533
pharisee	2.1438
pharisees	2.0500
pharmacy	1.9475
pharoh	1.8083
pharos	1.8083
pharsalia	1.6722
phase	1.9100
phased	2.4417
phases	1.8083
pheasant	1.7438
pheasants	1.6944
phebe	2.0600
phedre	2.4000
phelps	1.8583
phenix	2.0400
phenomena	1.9056
phew	1.8250
phial	1.8100
phials	1.7250
phidias	1.7571
phil	2.0625
phileas	1.9000
philemon	2.0812
philibert	2.2278
philidor	1.8062
philip	2.1333
philippa	2.4125
philippe	2.4188
philippi	2.4188
philippic	2.3700
philips	2.0143
phillida	2.0500
phillip	2.3714
phillips	2.2375
phillis	2.1429
philly	2.3083
phillys	2.1643
philomel	2.3813
philomela	2.2944
philpot	2.1714
philter	1.9571
philters	1.8750
phineas	1.8714
phiz	2.2575
phlegm	1.8417
phobias	1.9429
phobic	2.0300
phocas	1.9717
phocine	1.9471
phocion	2.0614
phoebe	2.1750
phoebes	2.0500
phoebus	2.0143
phoenicia	1.9867
phoenix	2.1414
phone	2.0000
phoneme	1.9214
phonemes	1.8438
phoner	2.0000
phones	1.8833
phonetic	1.9913
phoney	1.9667
phonic	2.1800
phosphate	1.9222
phosphor	1.9625
photic	1.9800
photius	1.8143
photo	2.0400
photocard	1.9089
photon	2.0167
photons	1.9143
photos	1.9167
photostat	2.0333
phrase	1.8417
phrased	2.3071
phrases	1.7643
phrasing	1.6813
phrasings	1.6389
phrensy	1.6786
phrygia	1.6500
phrygian	1.6688
phthisis	1.6875
physeter	2.4000
physic	2.4050
physical	2.1662
physicals	2.0700
physician	2.1644
physicist	2.2200
physics	2.2471
physio	2.4833
physique	2.2500
physiques	2.1444
piaget	1.9000
pianist	2.0143
pianists	1.9250
piano	2.1000
pianola	2.4857
pianos	1.9667
piastre	2.2429
piastres	2.1250
pibble	2.2833
pica	1.9075
picador	1.8114
picardy	1.8329
picaro	1.9800
picasso	2.1686
pichon	1.9967
pick	1.7825
pickaback	1.9011
pickax	1.9783
pickaxe	2.0886
pickaxes	1.9900
picked	2.3133
pickens	1.6971
picker	1.7967
pickerel	1.7163
pickering	1.7367
pickers	1.7257
picket	1.8467
picketed	2.2287
pickets	1.7686
pickett	2.1971
pickford	1.5850
pickin	2.4467
picking	2.2829
pickings	2.1600
pickins	2.2829
pickle	1.7633
pickled	2.2400
pickles	1.6971
pickling	1.7225
picklock	2.2450
pickman	1.7614
picks	1.6860
pickup	1.9217
pickups	1.8329
pickwick	1.7262
picnic	2.0933
picnicked	2.2678
picnics	1.9800
pico	1.9950
picon	1.9760
picos	1.8560
pictor	2.0633
pictorial	1.8811
pictur	1.9883
picture	1.9400
pictured	2.3350
pictures	1.8600
picturing	1.8644
piddling	1.8625
pidgeon	1.7786
pidgin	1.7500
piebald	1.8429
piedmont	2.4188
piedra	2.4500
piedras	2.3571
pieds	2.4200
pieman	1.8167
piensa	1.7333
pier	1.9250
piercing	1.8288
piercings	1.7700
piercy	1.9300
pierhead	1.7312
piero	1.9300
pierre	2.2250
pierres	2.0929
pierrot	2.2071
piers	1.8000
pierson	1.8357
pies	1.7500
pieta	1.9200
pieter	1.9417
pieties	1.8000
pietro	2.3250
piety	1.9600
pigalle	1.9571
pigeon	1.8083
pigeons	1.7357
piggin	2.1167
piggins	2.0000
piggish	1.9143
piggledy	2.3750
pigheaded	2.4722
pigling	1.6429
pigment	1.7714
pigmented	2.1278
pigments	1.7125
pigmies	1.8357
pigott	2.2333
pigpens	1.7857
pigs	1.6625
pigskin	2.1857
pigsties	1.7313
pigsty	1.8417
pigtail	2.3571
pigtails	2.2250
pikes	2.4200
pikestaff	2.3667
pila	1.9375
pilaster	1.9750
pilasters	1.9000
pilate	2.0000
pilates	1.9000
pilau	1.8500
pilaus	1.7583
pilch	1.8860
pilchard	1.8037
pilchards	1.7478
pilcher	1.8686
pile	1.9500
pilei	1.8900
piles	1.8200
pilfered	2.1938
pilfering	1.7389
pilfers	1.7286
pilgrim	2.3571
pilgrims	2.2250
pilin	1.9400
piling	1.8333
pilings	1.7571
pill	2.4875
pillage	2.1429
pillaging	2.0222
pillar	2.3083
pillars	2.1643
pillbox	2.3343
pillion	2.2786
pills	2.2500
pilosity	2.3313
pilotage	2.3687
piloting	2.3438
pilotless	2.4389
pils	1.8625
pilsener	1.9187
pilsner	1.8429
pimen	1.8800
pimlico	1.9471
pimp	2.3625
pimpernel	1.9833
pimping	2.0429
pimple	2.0667
pimpled	2.5000
pimples	1.9571
pimply	2.0917
pimps	2.1500
pinafore	1.7687
pinafores	1.7167
pinball	2.1071
pinch	1.8460
pinchbeck	2.4067
pinched	2.2829
pinchers	1.7725
pinches	1.7400
pinching	1.8600
pind	1.7625
pindar	1.8250
pindi	1.7400
pine	1.9000
pineal	1.7500
pineapple	2.1611
pinedale	2.1562
pines	1.7800
pineta	1.9167
pinewood	2.1312
pinewoods	2.0389
piney	1.8800
pinfold	2.1857
ping	1.8125
pinging	1.7286
pingpong	1.8500
pinhead	2.3000
pinheads	2.1750
pining	1.9833
pinion	2.1750
pinioned	2.4750
pinions	2.0500
pink	1.9625
pinked	2.4333
pinker	1.9167
pinkerton	2.1833
pinkish	2.3000
pinkness	2.0500
pinks	1.8300
pinky	1.9300
pinnacle	2.1975
pinnacles	2.0978
pinnies	2.2786
pinning	2.3143
pino	2.2500
pinochle	1.9663
pinpoint	2.0938
pinpoints	2.0056
pinprick	1.9600
pins	1.8125
pinski	2.3333
pinstripe	2.2278
pint	1.9375
pinta	1.8700
pintado	1.8429
pinto	1.9400
pintos	1.8333
pints	1.8100
pinwheel	2.0375
pinwheels	1.9556
pion	2.1000
pioneer	2.3143
pioneers	2.1875
piotr	2.4600
pious	1.8600
piously	1.7714
piousness	1.9833
pipe	2.1500
pipefuls	1.9125
pipeline	1.8875
piper	2.1200
pipers	1.9833
pipes	1.9800
pipestem	1.9938
pipettes	2.2688
pipework	1.8875
piping	1.9667
pippins	2.3857
pips	2.0625
piquancy	1.8913
piquant	1.8786
piquantly	1.8056
pique	1.9200
piqued	2.4500
piquing	1.9000
piracies	1.8163
piracy	1.9550
piraeus	1.7714
piranesi	1.6938
pirata	1.8917
pirate	1.9000
pirated	2.3571
pirates	1.8143
piratic	1.9114
piratical	1.8089
pirating	1.8250
pirithous	1.7611
pirogov	1.7929
pirogue	1.7071
pirogues	1.6563
piroshki	2.1688
pirouette	2.1000
pisa	1.7375
pisan	1.7500
pisano	1.9667
pisans	1.6750
pisarev	1.9714
piscator	1.9725
piscatory	1.9533
piscine	1.9043
pisco	2.0160
pisgah	1.6750
pish	1.6625
pishogue	1.7313
pismires	1.7937
pison	1.8400
piss	2.2875
pisser	2.2667
pisses	2.1500
pissin	2.1167
pissing	2.0000
pistachio	2.0589
pistil	1.9500
pisto	1.9800
pistoia	1.8786
pistola	2.4000
pistoles	2.2688
pistols	2.3571
piston	1.9667
pistons	1.8714
pitapat	2.0071
pitcairn	1.8100
pitch	1.8460
pitched	2.2829
pitcher	1.8400
pitchers	1.7725
pitches	1.7400
pitchfork	1.6422
pitchiest	1.9144
pitching	1.8600
pitchman	2.3037
pitchmen	2.3100
pite	1.8750
piteous	1.7500
piteously	1.7056
pitfalls	2.3563
pith	1.7875
pithless	1.9625
piti	1.8750
pitiable	1.8688
pitiably	1.8875
pitied	2.3750
pities	1.7417
pitiful	1.7286
pitifully	1.9667
pitiless	2.0438
pitman	1.8417
pits	1.7875
pitti	2.3600
pitting	2.1429
pitty	2.3900
pituitary	1.8889
pity	1.9125
pitying	1.8571
pityingly	1.7889
pius	1.7125
pivot	1.9200
pivotal	1.7857
pivoted	2.3357
pivoting	1.8063
pivots	1.8167
pixy	2.0475
plac	2.0200
placable	1.9413
placard	1.8686
placards	1.7975
placate	1.9900
placated	2.3788
placating	1.9033
placation	2.0311
placement	2.4756
placid	1.8050
placidity	1.7867
placidly	1.7413
placido	1.8257
placing	1.8471
plack	1.8360
placket	1.8757
plackets	1.8038
placoid	1.8257
plafond	1.6786
plage	1.7500
plague	1.7083
plagued	2.1929
plagues	1.6500
plaguey	1.7214
plaguing	1.7438
plaguy	2.1500
plaid	1.6100
plaids	1.5583
plain	1.7700
plaine	1.7500
plainer	1.7857
plainest	1.8000
plaining	1.8500
plainly	1.8214
plainness	2.2111
plains	1.6917
plainsmen	1.7111
plainsong	1.7000
plaint	1.7750
plaintiff	1.8667
plaintive	1.7611
plaints	1.7071
plaisir	1.6286
plaisted	2.2000
plait	1.7500
plaited	2.2143
plaiting	1.7000
plaits	1.6750
plan	1.7750
plancher	1.7538
plane	1.7500
planed	2.3083
planers	1.7214
planes	1.6750
planet	1.8417
planetary	1.8611
planetoid	1.7500
planetree	2.3167
planets	1.7643
plangency	1.7367
plangent	1.7063
planing	1.8643
plank	1.8000
planked	2.2500
planking	2.2313
planks	1.7167
plankton	1.8313
planner	2.1500
planners	2.0438
plannin	2.2929
planning	2.1688
plannings	2.0722
plano	2.0300
plans	1.6800
plant	1.7800
plantain	1.7563
plantains	1.7056
planted	2.2357
planter	1.7929
planters	1.7313
plantes	1.6929
planting	1.7188
plantings	1.6722
plantlife	1.6111
plants	1.7000
plaque	2.4750
plash	1.6800
plashed	2.1643
plashing	1.7563
plashy	2.3667
plasm	1.7800
plasmic	1.9471
plassey	2.1643
plaster	1.9071
plastered	2.2333
plasterer	1.8889
plasters	1.8313
plastic	1.9043
plastics	1.8288
plastron	2.1938
plat	1.9750
plata	1.9000
platanus	2.4500
plate	1.9100
plateau	1.8071
plateaus	1.7438
plated	2.4417
plateful	1.8688
platefuls	1.8056
platelets	1.7889
plates	1.8083
platform	2.2688
platforms	2.1611
plating	1.8214
platitude	2.1778
plato	1.9700
platonic	2.0600
platonism	1.9556
platonist	2.0444
platoon	2.3143
platoons	2.1875
plats	1.8400
platt	2.4400
platte	2.3083
platter	2.2643
platters	2.1438
platting	2.1313
platypus	1.9250
platz	2.1760
plaudit	1.6214
plaudits	1.5813
plauen	1.7083
plausible	1.6444
plausibly	1.6611
plausive	1.6625
plautus	1.6286
play	1.7750
playa	1.7400
playable	1.8188
playas	1.7500
playback	1.8350
playbill	2.0938
playbills	2.0056
playbook	2.0875
playbox	1.9271
played	2.3083
player	1.7917
players	1.7214
playes	1.6750
playfield	1.5333
playful	1.6714
playfully	1.9222
playgoers	1.7000
playhouse	2.2667
playin	1.8583
playing	1.7786
playlet	1.8786
playlets	1.8063
playmates	2.3944
playroom	2.1125
playrooms	2.0222
plays	1.6800
playsuit	1.7313
playsuits	1.6833
plaything	1.7611
plea	1.7375
pleach	1.8383
pleached	2.2225
plead	1.7100
pleader	2.3143
pleaders	2.1875
pleading	1.6750
pleadings	1.6333
pleads	1.6417
pleas	1.7500
pleasance	2.3644
pleasant	1.7438
pleasants	1.6944
please	1.8667
pleased	2.3286
pleaser	1.8857
pleasers	1.8125
pleases	1.7857
pleaseth	1.8500
pleasin	1.7571
pleasing	1.7000
pleasure	1.6750
pleasures	1.6333
pleated	2.3286
pleats	1.8083
pleb	2.1375
plebeian	1.9188
plebeians	1.8500
plebian	1.9429
plebs	1.9700
pledge	2.3167
pledger	2.2714
pledges	2.1714
pledging	2.1375
pleiades	2.1437
plein	1.7800
plek	1.6125
plena	1.7500
plenary	1.8357
plenitude	2.2167
plenteous	1.7056
plentiful	1.6889
plenty	1.7917
pless	2.0900
pletely	1.7714
plethora	1.8500
plethoric	1.8700
pleura	1.6583
pleurisy	1.6375
plevna	1.9417
plexus	1.7650
pliable	1.8286
pliant	1.7583
plied	2.4200
pliers	1.7167
plies	1.6600
plight	1.6250
plighted	2.0625
plighter	1.6750
plights	1.5786
plimsoll	2.4500
plinth	1.7250
plodding	2.4000
plods	2.4100
plottings	2.4333
plough	2.2917
ploughing	2.1556
ploughs	2.1500
plovers	2.3571
plowing	2.3500
plowman	2.4000
pluck	1.6560
plucked	2.1471
plucker	1.7043
pluckiest	2.1644
pluckily	2.2288
plucking	2.1413
plucks	1.5967
plucky	1.6800
plue	1.7125
plug	1.6250
plugged	2.4357
plugging	1.8938
plugs	1.5600
plumbers	2.4562
plumbing	2.4313
plumstead	2.3611
plunger	2.4929
plunges	2.3929
plunging	2.3313
plup	2.0250
plural	1.6000
pluralism	1.5944
plurality	1.6500
pluribus	1.6562
plus	1.6250
plush	1.5600
plushy	2.2667
plutarch	1.7850
pluto	1.7900
plutonian	1.8889
plutonic	1.9475
plutus	1.6333
pluvial	1.6500
plying	1.8083
plywood	2.1357
pnin	2.2375
poach	2.0060
poached	2.3971
poacher	1.9543
poachers	1.8725
poaches	1.8543
poaching	1.9600
pobeda	2.4833
poblanos	1.9375
poca	1.9825
pocasset	2.2850
pock	1.8575
pocked	2.3633
pocket	1.8967
pocketed	2.2663
pocketful	2.2200
pocketing	1.8033
pockets	1.8114
pockmark	1.7788
pockmarks	1.7256
pocks	1.7460
pocky	1.8460
poco	2.0700
poconos	2.0757
pocos	1.9160
pocus	1.8260
podagra	2.2786
podding	1.9857
podemos	2.4643
podge	1.7800
podgy	1.8100
podi	1.7750
podmore	1.9214
podolia	2.2786
podolsk	2.1571
pods	1.6875
poem	1.9500
poems	1.8200
poesy	1.8200
poet	2.0750
poeta	1.9800
poetaster	1.9944
poetess	2.1500
poetesses	2.0889
poetic	1.9883
poetical	1.8538
poetics	1.8900
poetry	2.3500
poets	1.9200
pogrom	2.5000
pogroms	2.3286
pogue	1.7600
pohang	1.7250
pohl	1.8625
poignancy	1.8089
poignant	1.7875
poins	1.8400
point	1.9400
pointe	1.8917
pointed	2.3500
pointedly	2.1722
pointer	1.9071
pointers	1.8313
pointing	1.8188
pointless	1.9722
points	1.8333
pointsman	1.8000
poirot	1.8750
pois	1.8250
poise	1.9500
poised	2.4750
poises	1.8417
poising	1.7357
poison	1.8583
poisoned	2.2375
poisoner	1.8500
poisoners	1.7889
poisoning	1.9000
poisonous	1.8889
poisons	1.7786
poitiers	1.8000
poitrine	2.1250
poke	1.7750
poked	2.4400
poker	1.8200
pokers	1.7333
pokes	1.6800
pokeweeds	2.4167
poking	2.3833
poky	1.8125
polacks	2.3471
poland	2.3583
polaris	2.3571
polarity	2.3500
polaroid	2.2812
poleman	2.3571
polemical	2.3033
polemics	2.3913
polers	2.4333
polestar	2.3875
policies	2.2350
policing	2.2663
poling	2.4167
polish	2.3167
polisher	2.1938
polishers	2.0944
polishes	2.1063
polishing	2.1722
polite	2.4583
politely	2.2313
politer	2.3929
politesse	2.4778
politic	2.3900
political	2.1811
politicly	2.2033
politico	2.3350
politicos	2.2200
politics	2.2538
polity	2.4833
polixenes	2.3489
polka	2.4700
polkadot	2.2125
polkas	2.3583
pollutes	2.4625
polluting	2.4000
poltava	2.4643
polyana	2.3500
polybius	2.2500
polycarp	2.4663
polydore	2.2062
polygon	2.3714
polygonal	2.1667
polygons	2.2375
polyxena	2.4925
pomander	2.3000
pomare	1.9667
pomerania	1.9611
pomeroy	1.9500
pomfret	2.3857
pomme	2.4400
pommel	2.2500
pommels	2.1143
pommes	2.2500
pomona	2.1333
pomp	2.4375
pompadour	1.9889
pompano	2.3143
pompeii	2.4571
pompeiian	2.2889
pompeius	1.9813
pompey	2.2000
pompoms	2.1286
pompon	2.2667
pompons	2.1286
pomposity	2.0278
pompous	2.0714
pompously	1.9556
pomps	2.2100
ponape	1.9833
poncho	2.0467
ponchos	1.9400
pond	1.8375
ponder	2.5000
ponderer	2.3312
ponderers	2.2167
pondering	2.2056
ponderosa	2.2056
ponderous	2.1944
ponders	2.3286
pondo	1.8600
ponds	1.7300
pone	1.9750
pones	1.8400
pong	1.8875
ponga	1.8300
ponge	1.8400
poniard	2.0000
poniards	1.9125
ponies	1.9917
pons	1.8875
ponsonby	1.9125
pont	2.0125
ponte	1.9400
pontic	1.9467
pontiff	2.0286
pontiffs	1.9375
pontine	1.8929
pontius	1.7857
ponto	2.0000
ponton	1.9833
pontoon	2.3357
pontoons	2.2062
ponts	1.8700
pontus	1.8083
poodle	2.1417
poof	2.4500
poontang	2.1500
poore	2.3900
poorer	2.3250
poorest	2.2643
poorhouse	2.1778
poorly	2.2333
pooty	2.4800
popcorn	2.0686
pope	2.2250
popery	2.1167
popes	2.0400
popeyed	2.4929
popinjay	2.4000
popish	1.9167
poplar	2.0750
poplars	1.9643
poplin	2.0167
popo	2.3000
popos	2.1000
popov	2.2000
popovski	2.3813
poppies	2.3929
popping	2.4286
poppycock	2.3289
pops	2.1375
populaire	1.9167
popular	2.1071
popularly	1.9833
populate	2.0875
populated	2.4222
populi	2.0833
populous	2.4500
populus	1.9500
poquelin	1.8438
poquito	2.0214
pora	1.8625
porcelain	2.3922
porch	1.8460
porches	1.7400
porcine	1.8757
porcupine	1.9478
pore	1.8750
pores	1.7600
porfirio	2.2625
poring	1.7833
pork	1.7375
porker	1.7667
porkers	1.7000
porkpie	1.9214
porlock	2.3114
porn	1.9125
porous	1.7667
porphyry	2.3313
porpoise	1.9500
porpoises	1.8778
porque	1.9000
porridge	2.0063
porringer	2.0389
porsena	1.8571
porta	2.3500
portable	2.2000
portables	2.1000
portage	2.1714
portal	2.1750
portaled	2.4750
portales	2.0000
portals	2.0500
portant	2.1929
porte	2.3600
portend	2.1000
portends	2.0000
portent	2.2000
portents	2.0875
porter	2.3000
porters	2.1571
portholes	2.4944
porti	2.3600
portia	2.2333
portico	2.2471
porticoed	2.4978
porticoes	2.0756
porticos	2.1288
portiere	2.1375
portinari	2.1389
portion	2.3071
portions	2.1812
portland	1.9937
portlier	2.0938
portly	2.2083
porto	2.4200
portrait	2.4000
portraits	2.2778
portrayal	2.2722
portrays	2.3563
ports	2.2900
portside	2.4813
portugal	1.9812
porus	1.7300
posada	1.7417
posadas	1.7500
pose	2.0250
poseidon	1.8375
poser	2.0200
posers	1.9000
poses	1.8800
poseur	1.8500
poseurs	1.7714
posey	1.9800
poshest	1.7857
posible	1.7643
posie	1.7900
posies	1.7083
posin	1.8400
posing	1.7500
posit	1.8200
posited	2.2643
positing	1.7438
position	1.8875
positions	1.8222
positive	1.7875
positron	2.1187
posner	1.8500
posse	2.3800
posses	2.2000
possess	2.4286
possesses	2.3056
possessor	2.2722
posset	2.3667
possets	2.2143
possible	2.0187
possibles	1.9389
possibly	2.0375
post	2.0625
postage	1.9000
postal	1.8583
postcard	1.9162
postcards	1.8478
posted	2.5000
poster	1.9833
posterior	1.9444
posterity	1.9056
postern	1.9571
posterns	1.8750
posterous	1.8500
posters	1.8857
posthaste	1.9111
posthole	2.4062
posting	1.8714
postman	1.9214
postmark	1.8812
postmarks	1.8167
postmen	1.9286
postpone	2.0187
postponed	2.3611
postpones	1.9389
posts	1.9100
postulate	1.9667
posture	1.8429
postured	2.2500
postures	1.7750
posturing	1.7889
postwar	2.0143
posy	1.8625
potable	1.9429
potage	1.8667
potager	1.8857
potanin	2.0286
potapov	1.9857
potash	1.8083
potation	2.0438
potations	1.9611
potato	2.0500
potatoes	1.9063
potch	1.9060
poteen	2.2917
potemkin	2.3813
potencies	1.7978
potency	1.9114
potent	1.9000
potentate	1.9167
potential	1.7722
potently	1.8125
potes	1.8200
pothead	1.7571
potheen	2.1500
pother	1.8500
potherbs	2.5000
pothole	2.4500
potholes	2.3062
pothouses	1.8611
potion	2.0250
potions	1.9214
potiphar	1.9875
potluck	1.7186
potok	1.8400
potomac	2.0543
potosi	1.8417
potpourri	2.1278
potrero	2.2500
pots	1.8625
potsdam	1.7786
potsherd	1.6875
potsherds	1.6444
pottage	2.2143
potter	2.3500
potteries	2.0778
pottering	2.1056
potters	2.2000
potterton	2.4722
pottery	2.2714
potting	2.1857
pottle	2.2333
potts	2.3500
potu	1.9125
pouch	1.8260
pouched	2.2686
pouches	1.7257
pouching	1.8475
pouf	1.7125
poulet	1.9833
poulter	1.9143
poulterer	1.8944
poultices	2.4256
poultney	1.8750
poultry	2.2214
pouncing	2.4975
poundage	2.4125
pounding	2.3875
pour	1.8375
poured	2.3500
pouring	1.7429
pourquoi	1.9187
pours	1.7300
pourtant	2.1063
poussin	2.0714
pout	1.9125
pouted	2.4000
pouter	1.8833
pouting	1.7857
pouts	1.7900
pouvez	2.0633
poverty	2.2857
powdering	2.3000
powders	2.4500
powell	2.2583
power	2.0900
powered	2.4571
powerful	2.3813
powering	1.9125
powerless	2.0556
powers	1.9583
powhattan	2.1667
pownall	2.1143
powwow	2.4417
poxy	2.1225
praca	1.9760
practic	2.1157
practical	1.9678
practicin	2.0400
practise	2.0725
practised	2.4089
practises	1.9867
prado	1.8100
praetor	1.9571
praetors	1.8750
pragmatic	1.8811
prague	1.7417
prah	1.7000
prai	1.7875
prain	1.8100
prairie	1.7071
prairies	1.6563
prais	1.6900
praise	1.8167
praised	2.2857
praises	1.7429
praising	1.6625
pram	1.8250
prams	1.7200
prancing	1.7663
prank	1.8400
pranked	2.2786
pranking	2.2563
prankish	2.1813
pranks	1.7500
prankster	1.8611
prat	2.0250
prate	1.9500
prated	2.4750
prater	1.9583
prates	1.8417
prather	1.8643
prating	1.8500
pratt	2.4800
prattle	2.1929
prattler	2.1688
prattlers	2.0722
prattles	2.0813
prattling	2.0611
prau	1.7500
pravo	2.0100
prawn	2.0100
prawns	1.8917
pray	1.8250
praya	1.7800
prayed	2.3417
prayer	1.8250
prayerful	2.1722
prayers	1.7500
prayeth	1.7929
prayin	1.8917
praying	1.8071
prays	1.7200
preach	1.8717
preached	2.2475
preacher	1.8600
preachers	1.7978
preaches	1.7725
preachin	1.9475
preaching	1.8756
preamble	1.7500
preambles	1.7000
preble	1.9500
precious	2.4912
precisely	2.3922
precisian	2.3367
precision	2.4422
precocity	2.4678
precursor	2.3089
predate	2.3571
predator	2.2875
predators	2.1778
predatory	2.2333
predawn	2.4000
predicate	2.2367
predict	2.4543
predicts	2.3100
pree	2.4250
preen	2.3000
preening	2.1813
prefacing	1.8422
prefatory	1.8667
prefer	1.8333
prefere	1.8071
prefering	1.7611
preferred	2.4167
prefers	1.7571
prefigure	1.6611
prefix	1.8900
prefixed	2.3987
prefixing	1.7989
preformed	2.1500
pregnable	1.8778
pregnancy	1.8478
pregnant	1.8313
pregunta	2.4813
prejudged	2.4111
prek	1.6625
prelacy	1.8614
prelate	1.8143
prelates	1.7500
prelatic	1.8350
preload	2.2857
prelude	2.1571
preludes	2.0500
prelusive	1.6500
premature	1.8000
premchand	1.6811
premi	2.0200
premier	1.9643
premiere	1.9250
premieres	1.8556
premise	1.9786
premised	2.3688
premises	1.8938
premising	1.8056
premiss	2.1714
premisses	2.1056
prenatal	1.8063
prend	1.6900
prendre	1.7714
prenez	1.9967
prentice	2.4912
prentices	2.3589
prentiss	1.9875
preoccupy	2.2400
prep	1.9875
prepaid	1.7571
prepar	1.9750
prepare	1.9286
prepared	2.3250
preparers	1.8667
prepares	1.8500
preparin	1.9250
preparing	1.8556
prepuces	2.4850
pres	1.7125
presage	1.7000
presaged	2.1250
presages	1.6500
presaging	1.6778
prescient	1.8367
prescott	2.2100
prescotts	2.1089
prescribe	1.9700
prescript	2.0644
presences	2.3922
present	1.8429
presente	1.8188
presented	2.1833
presenter	1.8389
presently	1.7778
presents	1.7750
preserver	2.4833
preserves	2.4056
presh	1.6300
preside	2.1786
president	2.0944
presides	2.0688
presiding	1.6056
presidio	1.7125
presidios	1.6667
presidium	2.2278
presley	1.6571
preso	1.7600
presque	1.7714
press	2.1300
presser	2.1571
presses	2.0571
pressin	2.0286
pressing	1.9375
pressings	1.8667
pressly	1.9643
pressman	1.9813
pressmen	1.9875
pressure	1.9125
pressures	1.8444
prest	1.8900
prester	1.8714
prestige	1.7563
prestiged	2.1278
presto	1.9000
preston	1.9000
presume	2.4714
presumes	2.3250
presuming	2.4000
pret	1.9625
pretences	2.4144
pretend	1.7714
pretender	2.2278
pretends	1.7125
pretense	1.8813
pretenses	1.8167
preterite	1.8444
pretermit	1.9833
pretext	2.1200
pretexts	2.0175
pretoria	1.8187
prettier	2.1813
prettiest	2.1500
prettily	2.2125
pretty	2.3250
pretzel	2.1257
pretzels	2.0225
prevail	1.9714
prevailed	2.2833
prevails	1.8875
prevalent	1.8444
prevent	1.9714
prevented	2.2833
preventer	1.9389
prevents	1.8875
preview	1.9571
previous	1.9187
prevost	2.0429
prevot	2.0333
prewar	1.9000
prewett	2.3214
prey	1.8375
preyed	2.3500
preying	1.8143
preys	1.7300
priam	1.7900
priapic	1.8829
priapus	1.7643
pricelist	2.3922
pricing	1.7686
prick	1.7260
pricked	2.1971
prickers	1.6975
pricket	1.7971
pricking	2.1850
prickle	1.7257
prickled	2.1475
prickles	1.6725
prickly	1.7471
pricks	1.6550
pride	2.4600
prides	2.2667
priding	1.6429
prie	1.8000
pried	2.4600
priego	1.8750
pries	1.7000
priest	1.8500
priestess	1.9833
priestley	1.7611
priestly	1.7750
priests	1.7714
prieta	1.8500
prieur	1.7000
prig	1.7125
priggish	1.8625
prigs	1.6300
prim	1.8625
prima	1.8100
primacy	1.9471
primal	1.7250
primally	1.9938
primaries	1.7722
primarily	1.8778
primary	1.8786
primate	1.9000
primates	1.8250
primavera	1.8889
prime	1.8200
primed	2.3667
primer	1.8500
primero	1.8643
primeros	1.7937
primers	1.7714
primes	1.7333
primeval	1.8625
priming	1.9143
primitive	1.9111
primly	1.8917
primmest	2.1625
primness	2.3125
primo	2.1000
primping	1.9750
primrose	1.8313
primroses	1.7722
princely	2.4600
princesa	2.4350
principal	1.8756
principe	1.9538
principes	1.8811
principia	1.9144
principle	1.8811
prinking	2.2750
print	1.8500
printed	2.2857
printemps	1.9444
printer	1.8429
printers	1.7750
printing	1.7625
printouts	1.7556
prints	1.7583
printshop	1.9444
prior	1.9000
prioress	2.0312
priori	1.8583
priories	1.7625
priority	1.8438
priors	1.8000
priory	1.8833
pris	1.7125
prisa	1.6900
priscian	1.8350
priscilla	2.0867
prise	1.8600
prised	2.4000
prising	1.6714
prism	1.7300
prismatic	1.8311
prisms	1.6583
prison	1.7833
prisoned	2.1812
prisoner	1.7937
prisoners	1.7389
prisons	1.7143
prissily	2.0250
prissy	2.0750
pristine	1.8313
pritchard	1.7478
prithee	2.0643
prius	1.6700
priv	1.8375
privacies	1.8144
privacy	1.9329
private	1.8857
privateer	2.1500
privately	1.8111
privates	1.8125
privation	1.9500
privet	1.9000
privies	1.7071
privilage	1.7944
privilege	1.8333
privily	1.8429
privity	1.8000
privy	1.8300
prix	1.9725
priz	2.1075
prize	2.2360
prizes	2.0800
prizing	1.8971
proa	1.8625
prob	1.9875
probable	1.9250
probably	1.9438
probate	1.9714
probation	2.0167
probe	1.9400
probed	2.4667
probing	1.8286
probings	1.7625
probity	1.8857
probl	1.8500
problem	1.8143
problema	1.7875
problemas	1.7889
problems	1.7500
probly	1.8417
proboscis	1.8811
procida	1.7400
proclaim	1.7850
proclaims	1.7311
proclus	1.7043
procne	1.8800
proconsul	1.8422
procopius	1.9033
procreant	1.9200
procreate	1.9922
procris	1.9114
proctor	2.0257
proctors	1.9350
procure	1.7829
procured	2.1975
procurer	1.8100
procures	1.7225
procuress	1.9533
procuring	1.7422
prod	1.7375
prodding	1.9250
prodigal	1.6000
prodigals	1.5667
prodigies	1.6111
prodigy	1.6714
prodromus	2.3778
produc	1.7383
producer	2.4475
producers	2.3200
produces	2.3600
producing	1.6978
product	1.9043
products	1.8288
proem	1.8600
prof	1.7125
profane	1.7000
profaned	2.1250
profanely	1.6667
profaner	1.7375
profaning	1.8000
profanity	1.8444
profesor	1.6562
profess	1.9429
professed	2.3500
professes	1.9278
professor	1.8944
proffer	2.0000
proffered	2.3056
proffers	1.9125
profile	1.7500
profiled	2.1688
profiles	1.6938
profit	1.7167
profited	2.1313
profiting	1.6833
profits	1.6571
profondo	1.7187
profound	2.3375
profs	1.6300
profunda	2.2938
profundis	2.1889
profundo	2.3375
profuse	1.7286
profusely	1.6889
profusion	1.7389
prognoses	1.8944
prognosis	1.8056
program	2.2929
programme	2.4444
programs	2.1688
progress	2.4250
prohibit	1.8938
prohibits	1.8278
projector	2.4811
prolegs	2.3143
proles	2.3500
prolific	2.1787
prolixity	2.2656
prolusion	2.2167
prom	1.9375
promenade	2.2278
prometo	1.9500
prominent	1.9611
promis	1.9667
promise	2.0357
promised	2.4188
promises	1.9438
promising	1.8500
promote	2.0357
promoted	2.4188
promoter	2.0312
promoters	1.9500
promotes	1.9438
promoting	1.9389
promotion	2.0667
prompt	2.1750
prompted	2.4750
prompter	2.0875
prompting	1.9889
promptly	2.0188
prompts	2.0500
prone	1.8800
proneness	1.9944
prong	1.8100
pronged	2.2571
pronghorn	1.8222
prongs	1.7250
pronto	1.9167
proof	2.2600
proofs	2.1000
prop	2.1875
propa	2.0700
propagate	2.0000
propel	1.9500
propelled	2.4722
propeller	2.1278
propels	1.8571
propend	1.9000
proper	2.0667
properer	2.0063
properest	1.9944
properly	1.9375
property	2.3125
prophesy	1.8500
prophet	2.0000
prophetic	1.9589
prophets	1.9125
propia	2.0000
propiedad	2.2611
propio	2.1417
propontis	1.9278
propos	2.0000
proposal	1.8625
proposals	1.8000
propose	2.0643
proposed	2.4438
proposer	2.0562
proposes	1.9688
proposing	1.8722
propping	2.3125
propre	1.9833
propria	1.9286
propriety	1.9611
props	2.0100
propylaea	2.0333
prorate	1.8857
prorogue	1.7188
prorogued	2.0944
pros	1.7875
prosaic	1.7686
proscribe	2.0033
prose	1.9200
prosecute	2.4478
proselyte	1.7944
prosequi	1.9563
prosiness	1.9389
prosit	1.7667
prosodic	1.7288
prosodist	1.7500
prosp	1.9100
prosper	1.8857
prospered	2.2167
prospero	1.8937
prospers	1.8125
prostate	1.9500
prostatic	1.9533
prosti	1.9000
prostrate	2.1778
prosy	1.7900
prot	1.9125
protasis	1.7500
protean	1.8143
protege	1.8643
protegee	2.1500
proteges	1.7938
protein	1.8357
proteins	1.7688
protest	1.8857
protested	2.2167
protester	1.8722
protests	1.8125
proteus	1.7286
proto	1.9200
protocol	2.3537
protocols	2.2367
proton	1.9167
protons	1.8286
prototype	1.9722
protozoa	2.0038
protract	2.3662
protrude	2.4875
protrudes	2.3556
proud	1.6900
prouder	2.3000
proudest	2.2500
proudly	1.6500
proust	1.8750
proustian	1.8111
prov	1.9125
prove	1.8800
proved	2.4167
proven	1.8667
provencal	1.7867
provender	2.2167
proves	1.7833
provide	2.2929
provident	2.1833
provider	2.2562
provides	2.1688
providin	1.7437
providing	1.6944
provinces	2.4033
proving	1.7857
provision	1.8444
proviso	1.7929
provoke	1.7643
provoked	2.1812
provoker	1.7937
provokes	1.7063
provoking	2.1722
provost	1.9286
provosts	1.8500
prow	1.9500
prowess	2.1500
prowl	1.8200
prowled	2.2643
prowler	1.8214
prowlers	1.7563
prowling	1.7438
prowls	1.7333
proxies	1.8271
proximal	1.8300
proximate	1.9544
proximity	2.0100
proxy	1.9980
prude	2.4300
prudent	2.2500
prudently	2.0944
prudery	2.2786
prudhomme	2.0444
prudish	1.5357
prurience	2.3478
prurient	1.7250
prussia	1.9643
prussian	1.9438
prussic	2.0186
prying	1.8417
pryings	1.7643
pryor	1.9300
prys	1.7500
psalm	1.6800
psalmist	1.8813
psalmists	1.8167
psalmody	1.7937
psalms	1.6167
psalter	1.7214
psaltery	1.7313
pseudo	1.7833
pshaw	1.8700
psyche	1.7383
psyches	1.6757
psychic	1.8871
psychical	1.7900
psycho	1.9217
psychosis	1.7533
psychotic	1.8844
psyops	2.0250
ptah	1.7750
ptarmigan	1.9278
ptolemaic	2.2367
ptolemies	2.2889
pubertal	2.1188
puberty	2.2643
pubic	1.9260
publi	1.7900
public	1.8217
publican	1.7913
publicans	1.7367
publicist	1.8311
publicity	1.7978
publicize	2.0233
publick	1.7186
publicly	1.7538
publico	1.8400
publicola	2.1978
publik	2.3417
publique	1.8125
publish	1.6500
published	2.0333
publisher	1.6889
publishes	1.6111
publius	1.6786
pubs	1.8250
puccini	2.3800
puck	1.7450
pucker	1.7717
puckered	2.1725
puckering	1.7200
puckers	1.7043
pucking	2.2614
puckish	2.1757
pudd	2.1500
pudding	1.9214
puddings	1.8438
puddle	1.9250
puddled	2.3786
puddles	1.8357
puddling	1.8438
pudency	2.3186
pudendal	2.0563
pudgy	1.7200
puebla	1.9417
pueblito	1.9313
pueblos	2.4714
pueda	2.4500
puella	2.0417
puer	1.8875
pueri	1.8400
puerile	1.8500
puerility	1.8389
puerperal	1.8333
puerta	2.2417
puertas	2.1786
puerto	2.3000
pues	1.7125
puesto	1.9000
puff	2.1000
puffballs	2.5000
puffer	2.0083
puffin	1.9917
puffing	1.8929
puffs	1.9400
puffy	2.0400
puget	1.8300
pugging	1.9786
pugh	1.6250
pugilism	1.7125
pugilist	1.8125
pugilists	1.7556
pugnacity	1.8478
pugs	1.6250
pugwash	1.6929
puis	1.8375
puisque	1.8429
puissant	2.0438
puke	1.8625
puker	1.8900
puking	2.4417
pulcher	1.8471
pulci	1.9260
puling	1.8083
pulitzer	2.1475
pulkovo	1.9429
pull	2.4500
pullen	2.2083
puller	2.2417
pullet	2.2917
pullets	2.1500
pulley	2.2083
pulleys	2.0786
pulliam	2.1214
pullies	2.0571
pullin	2.2250
pulling	2.0929
pullman	2.1429
pulls	2.2200
pully	2.3200
pulmonary	2.0500
pulp	2.3000
pulpit	2.1083
pulpits	1.9929
pulpy	2.2000
pulque	1.9250
pulsate	1.8786
pulsated	2.2812
pulsates	1.8063
pulsating	1.8167
pulsation	1.9444
pulse	1.9500
pulsed	2.4750
pulses	1.8417
pulsing	1.7357
pulverize	2.0922
punchbowl	2.4200
puncheon	2.4975
puncheons	2.3644
punches	2.4900
punctures	2.4478
pundits	2.4357
pungency	2.4663
pungently	2.3167
punishes	2.4375
punishing	2.4667
punkahs	2.4714
pupa	2.1000
pupae	2.1700
pupal	1.9400
pupate	2.1083
pupil	2.1100
pupils	1.9750
puppets	2.4214
puppies	2.3286
puppys	2.4667
pups	2.0250
pura	1.7500
purblind	2.3688
purchas	1.7400
purchase	1.8288
purchased	2.1922
purchaser	1.8478
purchases	1.7700
purdom	1.7250
purdon	1.7250
purdy	1.6600
pure	1.7625
purefoy	1.8000
purely	1.6917
purer	1.8100
purest	1.8250
purgation	2.3222
purgative	2.2333
purgatory	2.2389
purge	2.4700
purger	2.3917
purgers	2.2357
purges	2.2750
purging	2.2214
purified	2.0563
purifier	1.6688
purifies	1.5813
purify	1.6417
purifying	1.6889
puritan	1.7500
puritanic	1.8867
puritans	1.6938
purity	1.7750
purl	1.6750
purled	2.2417
purlieu	1.6429
purlieus	1.6000
purling	1.6500
purlins	1.6500
purloin	2.3143
purloiner	2.2056
puro	1.8375
puros	1.7300
purple	1.7917
purpled	2.2643
purpler	1.8214
purples	1.7214
purplish	1.6688
purply	1.8167
purport	2.2214
purported	2.4778
purports	2.1063
purpos	1.8417
purpose	1.9286
purposed	2.3250
purposely	1.8444
purposes	1.8500
purposing	1.7667
purposive	1.8056
purr	2.3500
purring	2.0357
purrs	2.1400
purry	2.2400
purse	1.8300
pursed	2.3750
purser	1.8583
pursers	1.7786
purses	1.7417
pursing	1.6500
pursu	1.6400
pursuance	2.3033
pursuant	1.6750
pursue	1.6417
pursued	2.1357
pursuer	1.6929
pursuers	1.6438
pursues	1.5929
pursuing	1.6938
pursuit	1.7357
pursuits	1.6813
pursy	1.7000
purty	2.3000
purus	1.6400
purveyors	2.3889
push	1.6250
pushball	1.9125
pushbike	2.1250
pushed	2.2083
pusher	1.6917
pushers	1.6357
pushes	1.5750
pushin	1.8083
pushing	1.7357
pushkin	2.2357
puss	2.2500
pussies	1.9429
pussy	2.1600
pussycat	2.1225
pustulant	1.8444
pustulate	1.9167
pustules	1.7938
puta	1.8250
putas	1.8200
putative	1.8875
puteoli	2.3214
puti	1.8375
putih	1.7300
putnam	1.8167
putney	1.8250
putrefied	2.3944
putrid	2.0750
puts	1.7500
putt	2.5000
puttana	2.1429
putte	2.3300
puttees	2.4429
puttenham	2.4611
putter	2.2750
puttering	2.0556
putteth	2.1786
puttin	2.2583
putting	2.1214
putty	2.3600
puttying	2.1438
puzzler	2.4443
puzzles	2.3443
puzzling	2.2888
pyemia	2.0000
pygmalion	1.8000
pygmies	1.8571
pyjama	2.3667
pyjamas	2.2857
pyotr	2.4900
pyramid	1.8500
pyramidal	1.7611
pyramides	2.2111
pyramidon	1.8667
pyramids	1.7813
pyramis	1.8786
pyramus	2.4857
pyre	1.8375
pyrenean	1.7750
pyrenees	2.0312
pyres	1.7300
pyriform	1.7000
pyrrho	2.2917
pythia	1.8917
pythias	1.8786
python	1.9917
qoph	2.1375
quack	1.8760
quacked	2.3043
quackery	1.8538
quacks	1.7800
quad	1.7750
quadrant	1.8250
quadrants	1.7667
quadrate	1.9062
quadratic	1.9144
quadrille	2.0667
quadroon	2.2125
quadruped	2.2833
quadruple	1.8611
quae	1.9875
quaedam	2.3500
quaff	2.1000
quaffed	2.4643
quaffer	2.0214
quaffing	1.9188
quaffs	1.9667
quag	1.8250
quaggy	2.1500
quagmire	1.8750
quagmires	1.8111
quahogs	1.7357
quaid	1.6500
quail	1.8500
quailed	2.2857
quailing	1.7625
quails	1.7583
quaint	1.8083
quainter	1.8125
quaintest	1.8222
quaintly	1.7438
quake	1.6500
quaked	2.2250
quaker	1.7083
quakerism	1.6667
quakers	1.6500
quakes	1.5917
quaking	2.2071
quale	1.6900
qualia	1.6750
qualified	1.9833
qualifies	1.5611
qualify	1.6071
qualit	1.7083
qualities	1.6500
quality	1.7214
qualm	1.7200
qualmish	1.7438
qualms	1.6500
quam	1.8250
quan	1.8250
quand	1.6800
quandary	1.7625
quando	1.7250
quang	1.7200
quant	1.8200
quantity	1.7938
quar	1.9500
quarante	1.8313
quare	1.8900
quark	1.7800
quarks	1.7000
quarrel	2.1071
quarreled	2.3889
quarreler	2.0444
quarrels	2.0063
quarries	2.0500
quarry	2.2667
quarrying	2.1056
quart	2.4200
quarter	2.2500
quartered	2.5000
quarterly	2.0944
quarters	2.1313
quartet	2.2929
quartette	2.4444
quartier	2.1750
quarto	2.3417
quartos	2.1929
quarts	2.2333
quartzite	2.2422
quash	1.7200
quashed	2.1929
quasi	1.7900
quasimodo	1.8833
quassia	2.0500
quat	2.0250
quatorze	2.1600
quatrain	2.1562
quatrains	2.0611
quatre	2.2917
quaver	1.9750
quavered	2.3250
quavering	1.8556
quavers	1.8786
quay	1.8250
quays	1.7200
quayside	2.1250
quaysides	2.0333
quean	1.7900
queasy	1.7917
queda	2.4500
quedan	2.3417
queen	2.3000
queene	2.1917
queenlike	2.4444
queenly	2.2000
queens	2.1333
queequeg	2.1688
queer	2.3400
queerer	2.1929
queerest	2.1562
queerly	2.1143
queerness	2.2500
queers	2.1667
quel	1.7125
quell	2.1300
quella	2.0417
quelle	2.0500
quelled	2.4857
queller	2.0429
quelling	1.9375
quelque	1.7714
quelques	1.7125
quem	1.8375
quemada	1.7357
quemado	1.7857
quemoy	2.0333
quena	1.7900
quench	1.7717
quenched	2.1725
quenchers	1.7311
quenches	1.6975
quenching	1.8089
quercus	1.7757
queremos	1.9187
querent	1.8286
querido	1.7500
queried	2.2786
queries	1.7357
quern	1.8700
querulous	2.2111
query	1.8700
querying	1.8375
ques	1.7125
quest	1.8900
queste	1.8500
questing	1.7875
question	1.9313
questions	1.8611
quests	1.7917
queue	1.7400
queued	2.3000
queues	1.6667
queuing	1.7714
quia	1.9125
quibble	2.2429
quibbling	2.1000
quibus	1.8250
quick	1.8260
quicken	1.7971
quickened	2.1478
quickens	1.7350
quicker	1.8257
quickest	1.8350
quickie	2.3471
quicklime	1.7922
quickly	1.8186
quickness	1.9644
quicks	1.7383
quicksand	1.6589
quickset	1.8975
quickstep	1.8978
quid	1.7875
quidam	1.7583
quiddity	2.0000
quien	1.9000
quienes	1.7786
quiere	1.8917
quieren	1.8786
quieres	1.8071
quiero	1.9417
quiet	2.0000
quieted	2.3929
quieter	1.9500
quietest	1.9438
quieting	1.8563
quietist	1.9438
quietly	1.8714
quietness	2.0611
quietude	2.2812
quietus	1.8286
quiff	2.1100
quigley	1.7286
quijada	1.6929
quill	2.3900
quills	2.2083
quilt	1.9900
quilted	2.3857
quilting	1.8500
quilts	1.8750
quilty	1.9583
quimby	1.9750
quina	1.9100
quincy	1.9550
quine	1.9200
quiney	1.9000
quinine	2.0357
quinlan	1.9214
quinn	2.4500
quinnell	2.3750
quinsy	1.8417
quint	1.9500
quinta	1.8917
quintain	1.8625
quintal	1.8071
quintana	1.8438
quintet	1.9571
quintile	1.8938
quintuple	1.9000
quintus	1.7929
quinzaine	2.4033
quinze	2.2633
quip	2.2375
quips	2.0500
quire	1.8400
quires	1.7500
quirinal	1.7500
quiring	1.7714
quirites	1.7438
quirk	1.7300
quirke	1.7167
quirking	2.1875
quirks	1.6583
quirky	1.7417
quiros	1.8000
quirt	2.3700
quis	1.8375
quisiera	1.7812
quist	1.9900
quit	1.9625
quita	1.8900
quitclaim	1.8200
quite	1.9000
quito	1.9600
quits	1.8300
quittin	2.2429
quitting	2.1250
quiver	1.9333
quivered	2.2938
quiverful	2.2444
quivering	1.8278
quivers	1.8429
quivery	1.9143
quix	2.0975
quixote	1.9700
quixotic	1.9713
quixotism	1.8767
quiz	2.2325
quizzical	2.3156
quizzing	2.3950
quod	1.8625
quoi	2.0000
quoin	1.9800
quoins	1.8667
quoit	1.9600
quoits	1.8500
quomodo	2.0500
quondam	1.8214
quoniam	2.0571
quos	1.9125
quota	1.9500
quotas	1.9250
quotation	2.0389
quote	1.9600
quoted	2.4833
quotes	1.8500
quoth	1.8900
quotha	1.8417
quotidian	1.7722
quotient	1.8813
quoting	1.8571
raad	2.2000
raal	2.1250
rabaul	1.8667
rabbi	2.4500
rabbis	2.2583
rabbit	2.3417
rabbitry	2.4813
rabbits	2.1929
rabble	2.2583
rabelais	1.7000
rabid	1.7500
rabidly	1.6929
rabies	1.7667
rabs	1.8250
raby	1.9500
raca	1.8700
raccoons	2.4950
racehorse	2.4811
rachel	1.6883
rachitic	1.8825
racial	1.7383
racially	2.0038
racier	1.8633
racin	1.8860
racine	1.8467
raciness	2.0225
racing	1.7883
racist	1.9050
racists	1.8186
rack	1.7450
racked	2.2883
rackers	1.7043
racket	1.8217
racketed	2.2100
racketing	1.7533
rackets	1.7471
rackety	1.8186
racking	2.2614
racks	1.6560
raconteur	1.7978
racoon	2.3633
racy	1.9200
radack	1.6967
radar	1.7200
radcliffe	2.1978
raddled	2.3357
radetzky	2.3163
radi	1.5875
radial	1.5417
radiance	2.3600
radiancy	1.6913
radiant	1.6500
radiantly	1.6278
radiata	1.7357
radiate	1.7429
radiated	2.1625
radiates	1.6875
radiating	1.7111
radiation	1.8389
radiator	1.7500
radiators	1.7000
radic	1.6660
radical	1.6043
radically	1.8700
radicals	1.5663
radii	2.1000
radio	1.7600
radios	1.6833
radish	1.4917
radishes	1.4875
radius	1.5250
radix	1.7380
radley	1.5750
radney	1.6583
radway	1.6750
rafael	1.6583
rafaela	1.6500
raff	2.0250
rafferty	2.2313
raffish	1.7643
raffle	1.8417
raffy	1.9800
rafter	2.3417
rafters	2.1929
raftery	2.2643
rafting	2.1786
rafts	2.3400
rage	1.6375
raged	2.3300
rages	1.5700
raggedly	2.3188
raggedy	2.4643
ragging	1.9357
raggy	2.1000
raging	1.6250
ragione	1.7929
raglan	1.6000
ragman	1.6833
ragout	1.6917
ragouts	1.6357
ragpicker	1.7422
rags	1.5500
ragsdale	1.5438
ragtag	2.3500
rahab	1.7800
rahat	1.7200
raid	1.4625
raiders	2.1143
raiding	1.5286
raids	1.4300
rail	1.7125
railcars	1.7537
railed	2.2667
railer	1.7500
railers	1.6857
railhead	1.6250
railheads	1.5889
railing	1.6714
railings	1.6250
raillery	2.0125
railroad	1.6875
railroads	1.6444
rails	1.6300
railway	1.7429
railways	1.6875
railyard	1.7062
raiment	1.7000
raimond	1.8143
rain	1.6625
rainbow	1.8071
rainbows	2.2437
raincloud	2.0533
raincoat	1.8475
raincoats	1.7867
raindrop	1.8625
raindrops	1.8000
raine	1.6600
rained	2.2333
rainfall	1.7938
rainier	1.8643
rainiest	1.8688
rainin	1.8833
raining	1.8000
rainless	1.9375
rains	1.5900
rainstorm	1.7556
rainwater	1.8278
raire	1.5800
rais	1.5125
raise	1.7000
raised	2.2667
raiser	1.7500
raisers	1.6857
raises	1.6333
raisin	1.6000
raising	1.5571
raisings	1.5250
raisins	1.5571
raison	1.6500
raissa	1.9083
rajah	1.4000
rajahs	1.3833
rajputana	1.7333
raka	1.4500
rake	1.4625
raked	2.1900
raker	1.5700
rakers	1.5250
rakes	1.4300
rakestraw	2.0111
rakh	1.3750
rakin	2.3500
raking	2.1750
rakish	2.0750
rakishly	2.0063
rale	1.5125
ralegh	1.5750
raleigh	1.4714
rall	2.0500
rallied	2.3714
rallies	1.8286
rally	2.0000
rallying	1.9188
ralph	1.7800
ralston	1.7357
rama	1.6250
ramada	1.6167
ramadan	1.6429
ramadans	1.6000
ramadas	1.6429
ramah	1.5600
ramble	1.6583
rambled	2.1500
rambler	1.7071
rambles	1.6071
rambling	1.6438
ramblings	1.6056
rameau	1.6083
rameses	1.6571
ramey	1.6700
ramified	2.1313
ramifying	1.7556
ramillies	2.0167
ramirez	1.9686
ramji	2.4700
ramleh	1.6583
ramm	2.3000
rammer	2.1417
rammers	2.0214
ramming	2.1643
ramp	2.1000
rampage	1.9214
rampaging	1.8500
rampant	1.9429
rampantly	1.8556
rampart	2.3714
ramparts	2.2375
ramping	1.8929
ramps	1.9400
ramrod	1.5750
ramrods	1.5357
rams	1.5500
ramsdale	1.5438
ramsey	1.7417
rana	1.6250
ranch	1.6360
rancher	1.6900
ranchera	1.6788
ranchero	1.7225
rancheros	1.6756
ranchers	1.6413
ranches	1.5900
ranching	1.7288
ranchman	2.1725
rancho	1.8217
rancid	1.6050
rancor	1.7217
rancorous	1.6756
rancour	1.6900
rand	1.5000
randall	1.8143
randolph	2.2188
randolphs	2.1167
random	1.6417
randomly	1.7188
randy	1.5600
ranee	2.1400
ranelagh	1.5688
rang	1.5500
range	1.5700
ranged	2.1583
ranger	1.6417
rangers	1.5929
ranges	1.5250
ranging	1.5786
rangoon	2.0714
rangy	1.6000
rani	1.9125
rank	1.7000
ranke	1.6900
ranked	2.2583
ranker	1.7417
rankest	1.7643
rankin	2.3917
ranking	2.2357
rankle	1.7083
rankled	2.1929
rankles	1.6500
rankling	1.6813
rankly	1.7333
rankness	1.9188
ranks	1.6200
ransack	1.6686
ransacked	2.0478
ransacks	1.6225
ransom	1.6750
ransome	1.6714
ransomed	2.1000
ransoming	1.7778
ransoms	1.6214
rant	1.6750
ranted	2.2417
ranter	1.7250
ranters	1.6643
ranting	1.6500
rants	1.6000
raoul	1.7300
rapacious	1.8644
rapacity	1.8913
rape	1.7875
raped	2.4500
rapes	1.6900
raphael	1.7357
raphaels	1.6813
rapid	1.6500
rapidan	1.6643
rapides	2.1714
rapidity	1.6875
rapidly	1.6214
rapids	1.5917
rapier	1.8000
rapiers	1.7286
rapin	1.8100
rapine	1.7833
raping	1.7250
rapist	1.8417
rapists	1.7643
rapper	2.3417
rapping	2.1786
raps	1.7000
rapt	1.8250
raptors	1.7214
rapture	1.7071
raptured	2.1313
raptures	1.6563
rapturous	1.6722
rara	1.7500
rare	1.7625
rared	2.4300
rarefied	2.1562
rarely	1.6917
rareness	1.9500
rarer	1.8100
rarest	1.8250
rarified	2.0562
raring	1.7083
rarities	1.6813
rarity	1.7750
rasa	1.6250
rascal	1.7633
rascality	1.7589
rascally	2.0225
rascals	1.6971
raschid	1.7900
rase	1.8375
rased	2.4900
rash	1.5500
rasher	1.6417
rashers	1.5929
rashest	1.6786
rashly	1.6333
rashness	2.3438
rasp	1.8250
raspberry	2.1056
rasped	2.3417
rasping	1.7357
raspings	1.6813
rasps	1.7200
rasputin	1.7688
raspy	1.8200
rasselas	1.9813
rastus	1.7167
rata	1.8250
ratan	1.8200
ratans	1.7333
ratchet	1.8614
ratcheted	2.1978
ratcliffe	1.8756
rate	1.8375
rated	2.4900
ratepayer	1.8667
raters	1.7750
rates	1.7300
rath	1.7500
rathbone	1.8250
rathdown	1.7250
rathe	1.7300
rather	1.7750
rathgar	1.7429
rathmines	2.2667
rathole	2.3857
raths	1.6600
ratified	2.0938
ratifiers	1.6611
ratifies	1.6188
ratify	1.6917
ratifying	1.7222
rating	1.7583
ratio	1.9600
ration	1.9500
rational	1.8250
rationale	1.8056
rationed	2.3063
rations	1.8571
ratios	1.8500
ratlike	2.2000
ratlines	1.6875
ratman	1.8167
raton	1.9100
rats	1.7500
ratsbane	1.8688
rattail	2.1929
rattan	2.2333
rattans	2.1000
ratter	2.2750
ratting	2.1214
rattle	2.1583
rattler	2.1357
rattlers	2.0312
rattles	2.0357
rattlin	2.1214
rattling	2.0188
rattlings	1.9389
rattly	2.1833
rattner	2.2071
rattraps	2.4125
ratty	2.3600
raucous	1.6186
raucously	1.6033
rausch	1.6633
ravage	1.7917
ravaged	2.2643
ravages	1.7214
ravaging	1.7438
rave	1.8625
ravel	1.7500
raveled	2.2143
ravelin	1.7571
ravelings	1.6556
ravell	2.0917
ravelled	2.4125
ravelli	2.0286
raven	1.8500
ravening	1.9000
ravenna	2.1643
ravenous	1.8875
ravens	1.7583
raver	1.8900
raves	1.7500
ravi	1.8375
ravin	1.8500
ravine	1.8167
ravines	1.7429
raving	1.7583
ravings	1.6929
ravish	1.6583
ravished	2.0875
ravisher	1.7000
ravishers	1.6556
ravishes	1.6125
ravishing	1.7333
rawal	1.7500
rawboned	2.4562
rawdon	1.9333
rawer	2.0000
rawest	1.9833
rawhide	2.3357
rawlings	1.6625
rawlins	1.7143
rawlinson	1.7611
rawly	1.7900
rawness	2.0571
rawson	2.5000
rayed	2.3300
raying	1.7083
rayless	1.9643
raymonda	2.4813
rayon	1.8500
rays	1.5500
razing	2.4717
razoring	2.2850
razors	2.4550
reach	1.7660
reachable	1.8089
reached	2.2257
reaches	1.6829
reachin	1.8829
reaching	1.8100
react	2.0860
reacted	2.4543
reacting	1.9100
reaction	2.0538
reactions	1.9700
reactor	1.9829
reactors	1.8975
reacts	1.9550
read	1.5875
readable	1.7250
readdress	2.1111
reade	2.4000
reader	2.3333
readers	2.1857
readied	2.1071
readier	1.6643
readiest	1.6938
readily	1.7000
readin	1.6500
readiness	1.8500
reading	1.6000
readings	1.5625
readjust	2.0938
readjusts	2.0056
reads	1.5300
ready	1.6300
readying	1.6875
reaffirm	1.8375
reagent	1.6857
reagents	1.6375
real	1.5125
realer	1.6167
realest	1.6571
realidad	1.5000
realise	1.6357
realised	2.0688
realises	1.5938
realising	1.5389
realism	1.5429
realismo	1.7312
realist	1.6571
realistic	1.6922
realists	1.6125
realities	1.5667
reality	1.6143
realize	1.9043
realized	2.3037
realizes	1.8287
realizing	1.7144
really	1.9417
realm	1.5700
realms	1.5250
realness	1.8250
realty	1.6083
ream	1.6375
reams	1.5700
reap	1.7875
reaped	2.3167
reaper	1.8000
reapers	1.7286
reaping	1.7143
reappear	2.2000
reappears	2.1000
reapplied	2.4167
reaps	1.6900
rear	1.7625
reared	2.3000
rearguard	2.0944
rearing	1.7000
rearmost	1.9750
rearrange	1.9333
rears	1.6700
rearview	2.4500
rearward	1.7500
rearwards	1.7000
reascend	2.4225
reason	1.7333
reasoned	2.1437
reasoning	1.8167
reasons	1.6714
reasserts	2.2667
reassure	1.8750
reassured	2.2333
reassures	1.8111
reat	1.8375
reata	1.7900
reattach	2.1662
reave	1.8200
reawaken	1.7063
rebar	2.0500
rebate	2.0333
rebated	2.4714
rebato	2.0833
rebel	1.8800
rebelled	2.4938
rebelling	2.0056
rebellion	2.1333
rebels	1.7833
reborn	1.9333
rebounds	2.4375
rebozo	2.1883
rebs	1.9125
rebuff	2.0583
rebuffed	2.3875
rebuffs	1.9500
rebuild	1.8857
rebuilds	1.8125
rebuilt	1.9857
rebuke	1.9000
rebuked	2.3571
rebukes	1.8143
rebuking	2.3250
rebus	1.8300
rebuses	1.8429
rebut	1.9300
rebuttal	2.1063
rebutting	2.0889
recalling	2.4644
recanter	2.4350
recanting	2.2978
recants	2.4471
recapture	2.3422
recherche	2.2900
recipient	2.4533
recital	2.4257
recitals	2.2850
recites	2.4329
reciting	2.3662
reckoning	2.4811
reclaim	2.4400
reclaims	2.2975
reclame	2.4257
recline	2.4471
recliner	2.3913
reclines	2.3037
reclining	2.3811
recluse	2.4543
recluses	2.3100
reclusion	2.3033
reclusive	2.2144
recognise	2.4644
recoiling	2.3533
reconcile	2.4289
recondite	2.2978
recordar	2.3850
recording	2.2256
records	2.3543
recourse	2.4163
recovers	2.4287
recovery	2.4912
recreants	2.3756
recreates	2.4478
recruiter	2.4811
recruits	2.4975
rectangle	2.3533
rectifier	2.3867
rectifies	2.3089
rectorial	2.3922
recuerda	2.3100
recuerdo	2.3537
recurring	2.4978
recurs	2.4883
recusant	2.3288
recusants	2.2144
redan	2.3300
redbank	2.3500
redbone	2.3786
redbud	2.2917
redburn	2.2786
reddish	2.3000
redeliver	2.4889
redfern	2.1714
redhead	2.0571
redheads	1.9625
redhot	2.3500
redid	2.2000
redlich	2.0686
redlining	2.1167
redly	2.2700
redmond	2.3000
redness	2.4000
redondo	2.1643
redouble	2.0938
redoubled	2.4278
redoubles	2.0056
redoute	2.1643
redress	2.4714
redresser	2.4167
redresses	2.3389
redrew	2.3583
reds	2.3875
redskins	2.4375
redtail	2.3143
reducing	2.0725
reductio	2.3413
reduction	2.2922
redwing	2.1500
redwings	2.0438
reef	2.2750
reefer	2.1250
reefers	2.0071
reefing	1.9929
reefs	2.0800
reek	2.1000
reeking	2.4643
reeks	1.9400
reeky	2.0400
reel	2.1500
reeling	1.9214
reels	1.9800
reely	2.0800
reenact	2.3400
reenter	2.0786
reentered	2.3667
reenters	1.9813
reentrant	2.2333
rees	2.1500
reese	2.2100
reeses	2.0583
reeve	2.3900
reeves	2.2083
reeving	2.1500
reexamine	2.1600
refashion	1.8278
refasten	1.8000
refectory	2.4700
refer	1.7200
referable	1.7833
refered	2.1929
referee	2.0571
reference	2.3533
referent	1.7313
referents	1.6833
referred	2.4188
referring	1.9389
refers	1.6500
refill	2.0833
refilled	2.4062
refilling	1.9278
refinance	2.3367
refine	1.6917
refined	2.1786
refiners	1.6813
refinery	1.7438
refines	1.6357
refining	1.8063
refit	1.6800
refitted	2.4312
refitting	1.9500
reflector	2.4144
reflects	2.4475
reflex	1.7233
reflexes	1.7988
reflexive	1.7267
refluent	1.6250
reflux	1.6817
refocused	2.1367
refold	2.2167
refolding	2.0167
refolds	2.0857
reform	1.7000
reforma	1.6857
reformed	2.1187
reformer	1.7313
reformers	1.6833
reforming	1.7944
reforms	1.6429
refracts	2.3788
refrain	2.2286
refrained	2.4833
refrains	2.1125
refresh	2.1000
refreshed	2.3833
refresher	2.0389
refreshes	1.9611
refuge	1.5667
refugee	1.9357
refugees	1.8563
refuges	1.5286
refulgent	1.6778
refund	2.4750
refurnish	1.6778
refus	1.5500
refusal	1.5214
refusals	1.4938
refuse	1.7000
refused	2.1857
refuses	1.6429
refusing	1.5750
refute	1.6500
refuted	2.1429
refutes	1.6000
refuting	1.6375
regain	1.7333
regained	2.1438
regaining	1.8167
regains	1.6714
regal	1.6300
regale	1.6333
regaled	2.1286
regales	1.5857
regalia	1.6286
regaling	1.6250
regality	1.6750
regally	1.9643
regalo	2.3500
regan	1.7300
regard	1.7083
regardant	1.7167
regarde	2.2714
regardez	2.3600
regardful	1.7056
regarding	1.6778
regards	1.6500
regas	1.7300
regather	1.8000
regatta	2.1929
regattas	2.1437
regem	1.7400
regency	1.7829
regent	1.7500
regents	1.6857
reggie	2.0583
reggio	2.1917
reggy	2.1700
regi	1.7250
regia	1.7000
regicidal	1.6144
regicide	2.1600
regicides	2.0644
regime	1.7417
regimen	1.7500
regiment	1.7563
regiments	1.7056
regimes	1.6786
regina	1.7333
reginald	1.6000
region	1.8750
regional	1.7688
regions	1.7929
regis	1.6400
regist	1.8000
register	1.8062
registers	1.7500
registrar	2.0778
registry	2.0750
regius	1.6167
regnant	1.7500
regno	2.0200
regresa	2.1857
regress	2.5000
regret	2.4500
regrets	2.2857
regroup	2.4429
regular	1.8214
regularly	1.7611
regulars	1.7563
regulate	1.8375
regulated	2.2000
regulates	1.7778
regulator	1.8333
rehash	1.5250
rehashes	1.5125
rehears	1.6143
rehearsal	1.5778
rehearse	1.7188
rehearsed	2.0944
rehearses	1.6722
rehoboth	1.7938
reich	1.6160
reichstag	1.7089
reid	1.4750
reign	1.5800
reigned	2.0929
reigneth	1.6438
reigning	1.7313
reigns	1.5333
reilly	2.0833
reimburse	1.7278
rein	1.6750
reina	1.6600
reindeer	2.4500
reine	1.6700
reined	2.2417
reiner	1.7250
reiners	1.6643
reinforce	2.2644
reinhard	2.1250
reinhardt	2.1778
reining	1.8071
reins	1.6000
reinstall	1.9222
reinstate	1.8278
reinsure	1.5812
reinsurer	1.6278
reis	1.5250
reissue	1.8643
reist	1.7400
reiterate	1.7889
rejecting	2.3367
rejection	2.4644
rejects	2.4971
rejoicer	2.4600
rejoices	2.3725
rejoiceth	2.3644
rejoicing	1.7089
rejoin	1.7417
rejoinder	2.1333
rejoined	2.1500
rejoining	1.8222
rejoins	1.6786
rekindle	1.9813
rekindled	2.3278
relapse	1.7429
relapsed	2.1625
relapses	1.6875
relapsing	1.6222
relate	1.7167
related	2.2000
relates	1.6571
relating	1.6875
relation	1.8313
relations	1.7722
relative	1.7313
relatives	1.6833
relax	1.8380
relaxed	2.4343
relaxes	1.8914
relaxing	1.7550
relay	1.5700
relayed	2.0857
relaying	1.6500
relays	1.5250
releas	1.5833
release	1.7071
released	2.1313
releases	1.6563
releasing	1.5944
relegate	1.7563
relegated	2.1278
relent	1.6167
relented	2.0562
relenting	1.6167
relents	1.5714
relevance	2.3922
relevancy	1.7978
relevant	1.7750
reliable	1.6938
reliably	1.7125
reliance	2.3288
reliant	1.6143
relic	1.6160
relics	1.5633
relict	1.8300
relicts	1.7543
relied	2.1417
relief	1.5917
reliefs	1.5500
relies	1.5083
relieve	1.7714
relieved	2.1875
relieves	1.7125
relieving	1.7222
relight	1.5000
relighted	1.9167
religieux	1.6156
religion	1.6750
religions	1.6333
religious	1.5889
relined	2.1071
reliquary	1.7444
relique	1.6643
relish	1.4500
relished	1.9312
relishes	1.4563
relishing	1.5944
relit	1.5800
relive	1.6083
relived	2.1071
relives	1.5643
reliving	1.5938
reload	2.2667
reloading	2.0500
reloads	2.1286
relocate	2.2788
reluctant	1.7811
relume	2.4833
rely	1.5625
relying	1.6571
remade	2.3000
remain	1.6833
remainder	2.0944
remained	2.1063
remainer	1.7188
remaineth	1.7056
remaining	1.7833
remains	1.6286
remake	1.5500
remaking	2.0625
remand	1.5750
remark	1.6583
remarked	2.0875
remarking	2.0889
remarks	1.6071
remarque	1.8000
remarried	2.3611
remarries	1.9389
remarry	2.0929
rembrandt	2.3500
remedial	2.0312
remediate	2.1333
remedies	2.0375
remedio	2.2571
remedy	2.2500
remedying	2.0944
remember	1.7812
remembers	1.7278
remigius	1.6812
remind	1.7833
reminder	2.2938
reminders	2.1833
remindful	1.7556
reminding	1.7278
reminds	1.7143
remington	2.2833
remis	1.8000
remiss	2.1333
remission	2.0889
remit	1.9000
remitting	2.0722
remnant	2.0643
remnants	1.9688
remolding	2.1389
remora	1.8500
remoras	1.8429
remorse	1.8929
remote	1.9083
remotely	1.8188
remoter	1.9214
remotest	1.9188
remotion	1.9750
remoulade	2.2722
remov	1.9600
removable	1.9167
removal	1.8143
removals	1.7500
remove	1.9250
removed	2.3786
remover	1.9357
removes	1.8357
removing	1.8313
remuda	2.4417
renal	1.5700
renamed	2.1571
renan	1.6700
rencontre	2.0256
rend	1.5125
render	2.2833
rendering	2.0611
renders	2.1429
rending	1.5571
rendition	1.7222
rends	1.4700
renegade	2.1938
renegades	2.0944
renegado	1.7312
renege	1.7250
reneged	2.2071
reneges	1.6643
renew	1.7100
renewable	1.7778
renewal	1.6357
renewed	2.2571
renewing	1.6750
renews	2.3083
renfro	2.2333
rennell	2.2857
renner	2.1500
rennie	2.2750
reno	2.0000
renoir	1.8583
renovate	1.9563
renovated	2.3056
renovates	1.8833
renovo	1.9583
renown	1.9583
renowned	2.3125
rent	1.6875
rentable	1.7750
rental	1.6083
rentals	1.5643
rented	2.2500
renters	1.6714
rentier	1.7214
renting	1.6571
rents	1.6100
reoccur	2.0800
reopen	1.9083
reopened	2.2750
repack	1.8383
repacked	2.2225
repaid	1.6500
repaint	1.7857
repainted	2.1389
repair	1.7167
repaired	2.1313
repairers	1.6944
repairing	1.6833
repairmen	1.7278
repairs	1.6571
repartee	2.4438
repas	1.7900
repass	2.1250
repassing	1.9556
repast	1.9250
repasts	1.8357
repay	1.7900
repayable	1.8222
repaying	1.7875
repayment	2.3889
repays	1.7083
repeal	1.6833
repealed	2.1063
repealing	1.6611
repeals	1.6286
repeat	1.9000
repeated	2.2687
repeater	1.8813
repeating	1.8056
repeats	1.8143
repel	1.7000
repellant	1.9444
repelled	2.3813
repellent	1.9500
repelling	1.9056
repels	1.6333
repent	1.8000
repentant	1.7778
repented	2.1938
repenting	1.7389
repents	1.7286
repeople	1.8750
repertory	2.0833
rephrase	1.7750
repin	1.8200
repine	1.7917
repined	2.2643
repining	1.8813
repinings	1.8167
replaces	2.4600
replacing	1.7867
replant	1.7214
replanted	2.0889
replay	1.7083
replayed	2.1250
replaying	1.7333
replays	1.6500
replenish	1.7389
replete	1.7786
repletion	1.8667
replica	1.7257
replicas	1.7350
replied	2.1786
replies	1.6357
reply	1.7300
replying	1.7500
repointed	2.1778
report	2.2167
reportage	2.0389
reporter	2.1188
reporters	2.0278
reporting	2.0167
reports	2.0857
repos	1.7600
repose	1.8750
reposed	2.3357
reposeful	1.8500
reposes	1.7929
reposing	1.7063
repossess	2.2389
reprehend	1.6167
represent	1.7833
repress	1.9714
repressed	2.3722
represses	1.9500
reprieve	1.8750
reprieved	2.2333
reprieves	1.8111
reprimand	1.6778
reprint	1.7714
reprinted	2.1278
reprints	1.7125
reprisal	1.6125
reprisals	1.5778
reproach	1.8350
reprobate	1.8833
reproduce	2.3033
reproof	2.0643
reproofs	1.9688
reproval	1.7125
reprove	1.7929
reproved	2.2062
reprover	1.8188
reproves	1.7313
reproving	1.7389
reptile	1.8214
reptiles	1.7563
reptilian	1.7944
republic	1.7600
republica	1.7422
republics	1.7089
repudiate	1.7389
repugn	1.6917
repugnant	1.7056
repulse	1.8429
repulsed	2.2500
repulses	1.7750
repulsing	1.7000
repulsion	1.8278
repulsive	1.7389
reputable	1.8111
repute	1.7500
reputed	2.2286
reputedly	2.0778
reputes	1.6857
reputing	1.7125
reque	1.7400
request	1.8000
requested	2.1500
requests	1.7375
requiem	1.8071
requin	1.8500
requir	1.7833
require	1.7643
required	2.1812
requires	1.7063
requireth	1.7722
requiring	1.7278
requisite	1.7333
requital	1.7375
requite	1.8071
requited	2.2188
requites	1.7438
requiting	1.7611
rere	1.7000
reread	1.6667
rereading	1.6500
resaca	1.7383
rescanned	2.4089
rescind	1.6971
rescript	2.0225
rescue	1.7300
rescued	2.2114
rescuer	1.7686
rescuers	1.7100
rescues	1.6686
rescuing	1.7600
research	1.7725
reseated	2.2313
reseating	1.7722
resell	2.0000
resemble	1.7188
resembled	2.0944
resembles	1.6722
resent	1.7500
resented	2.1562
resentful	2.1222
resenting	1.7056
resents	1.6857
reserves	2.4062
reserving	2.3389
reservoir	2.3667
reset	1.8400
resetting	2.0389
reshape	1.6286
reshaped	2.0625
reshaping	1.6222
reside	2.1417
residency	2.0478
resident	2.0563
residents	1.9722
resides	2.0214
residing	1.5063
residual	1.4500
residuary	1.6000
residue	1.4786
residuum	2.5000
resign	1.5333
resigned	1.9937
resigning	1.6833
resigns	1.5000
resilient	1.6778
resin	1.6000
resinous	1.7313
resins	1.5500
resis	1.4800
resist	1.6667
resistant	1.6889
resisted	2.0938
resisters	1.6611
resistin	1.6938
resisting	1.6500
resists	1.6143
resized	2.4043
resnik	2.3500
resolute	2.0812
resolv	2.2500
resolve	2.1786
resolves	2.0688
resolving	2.0389
resonable	1.7500
resonance	2.3144
resonant	1.6875
resonate	1.7688
resonated	2.1389
resort	2.0333
resorted	2.3688
resorting	1.8944
resorts	1.9286
resound	2.3286
resounds	2.2000
resource	2.3288
resources	2.2144
resp	1.7125
respire	1.6643
respired	2.0938
respires	1.6188
respite	1.7071
respites	1.6563
respond	1.6857
responde	2.1812
responds	1.6375
response	1.8063
responses	1.7500
respuesta	1.7222
ress	2.0625
rest	1.7625
restated	2.2500
restating	1.7889
reste	1.7400
rested	2.3000
restful	2.2357
restfully	2.3611
restin	1.7667
resting	1.7000
restive	1.7500
restively	1.7056
restless	1.8875
resto	1.8000
restock	1.7257
restocked	2.0922
restor	1.7500
restore	1.7357
restored	2.1562
restorer	1.7688
restores	1.6813
restoring	1.7056
restrain	2.0250
restrains	1.9444
restraint	2.0000
restrict	2.1975
restricts	2.0978
restroom	2.4187
restrooms	2.2944
rests	1.6700
result	1.6417
resultant	1.6722
resulted	2.0750
resulting	1.6333
results	1.5929
resume	2.4833
resumes	2.3143
resuming	2.4000
resurgent	2.0000
retablo	2.4571
retail	1.8000
retailed	2.1938
retailing	1.7389
retails	1.7286
retain	1.7667
retained	2.1688
retainer	1.7813
retainers	1.7278
retaining	1.8389
retains	1.7000
retake	1.6333
retaken	1.6571
retaking	2.1250
retaliate	1.7611
retard	1.7417
retarding	1.7000
retch	1.7660
retched	2.2257
retching	1.8100
retell	2.0333
retelling	1.8944
retention	1.8556
retentive	1.7667
retested	2.2188
rethink	1.8571
retiary	1.8286
reticent	2.4788
reticule	1.7913
reticules	1.7367
retied	2.3083
retina	1.7667
retinal	1.7000
retire	1.7083
retired	2.1929
retires	1.6500
retiring	1.6813
retitled	2.1188
retold	2.3000
retook	2.1583
retort	2.2000
retorted	2.4938
retorting	2.0056
retorts	2.0714
retouched	2.1033
retracing	2.0756
retract	2.3900
retracts	2.2538
retreat	2.1857
retreated	2.4500
retreats	2.0750
retrieve	2.1750
retrieved	2.5000
retriever	2.1556
retrieves	2.0778
rets	1.6875
retta	2.2700
return	1.7083
returne	1.7000
returned	2.1250
returneth	1.7222
returning	1.8000
returns	1.6500
retype	1.9667
reuben	1.7167
reubens	1.6571
reuel	1.5200
reuter	1.6833
revamped	2.4625
revanche	1.7975
reveal	1.7833
revealed	2.1812
revealing	1.7278
reveals	1.7143
reveille	2.1250
revel	1.8200
revelator	1.8611
reveled	2.2643
reveler	1.8214
revelers	1.7563
reveling	1.7438
revelled	2.4562
reveller	2.0688
revellers	1.9833
revelling	1.9722
revelry	1.7714
revels	1.7333
revenant	1.8500
revenants	1.7889
revenge	1.7929
revenged	2.2063
revenger	1.8188
revengers	1.7611
revenges	1.7313
revenging	1.7500
revenues	2.4438
rever	1.9600
revere	1.9083
revered	2.3643
reverence	2.4867
reverend	1.7938
reverends	1.7389
reverent	1.8813
reveres	1.8214
reverie	1.8714
reveries	1.8000
revering	1.8313
reversal	1.7500
reverse	1.9357
reversed	2.3312
reverses	1.8563
reversing	1.7722
reversion	1.9000
reverso	1.8643
revert	2.3500
reverting	2.1056
reverts	2.2000
revery	1.9333
revetment	1.9056
review	1.8833
reviewed	2.3187
reviewer	1.9312
reviewers	1.8611
reviewing	1.7944
reviews	2.3714
revile	1.9083
reviled	2.3643
revilers	1.8438
reviling	1.8313
revise	1.9083
revised	2.3643
reviser	1.9214
revising	1.7313
revision	1.8750
revisions	1.8111
revisit	1.7786
revisited	2.1333
revisits	1.7188
revival	1.7714
revivals	1.7125
revive	1.8750
revived	2.3357
revives	1.7929
reviving	1.7938
revoir	1.8583
revoke	1.7917
revoked	2.2643
revoking	2.2438
revolters	2.2278
revolting	2.2167
revolts	2.3429
revolve	2.4071
revolver	2.3563
revolvers	2.2389
revolves	2.2688
revolving	2.2167
revu	1.8875
revue	1.8400
revueltas	1.7444
revulsion	1.8833
revving	2.1714
reward	1.6833
rewarder	2.2188
rewarding	1.6611
rewards	1.6286
rewind	1.6250
rework	1.6083
reworking	2.0556
rewound	2.4214
rewrite	1.7429
rewriting	1.7111
rewritten	2.0333
rewrote	1.7857
rexroth	1.8914
reyes	1.5800
reynaldo	2.2750
reynard	2.4643
rhapsodic	1.6422
rhapsody	1.6188
rhea	1.5125
rheims	1.5500
rhenish	1.6571
rhesus	1.4250
rhetoric	1.7288
rhetorics	1.6811
rheumatic	2.3422
rhind	1.6500
rhine	1.7600
rhineland	1.6222
rhines	1.6833
rhino	2.0400
rhinos	1.9167
rhode	2.4600
rhodes	2.2667
rhodesia	2.1063
rhodesian	2.0722
rhodian	1.6714
rhodope	1.8786
rhomboid	1.7812
rhomboids	1.7278
rhombus	1.7643
rhombuses	1.7889
rhone	1.8200
rial	1.5125
rialto	1.6333
riario	1.8583
riata	1.7900
riatas	1.7917
ribald	1.5417
ribaldry	1.6688
riband	1.6250
ribands	1.5786
ribas	1.7300
ribband	2.0500
ribbing	2.1000
ribbon	2.2833
ribbons	2.1429
ribby	2.3300
ribcage	1.7543
ribcages	1.6975
ribs	1.6375
ricardo	1.7257
ricci	2.2520
ricco	2.3120
rich	1.6075
richard	1.6329
richards	1.5913
riche	1.6160
richelieu	1.5756
richen	1.6467
richer	1.6800
richert	2.0543
riches	1.5633
richest	1.7114
richie	1.7550
richly	1.6717
richmal	2.1614
richmond	2.2850
richmonds	2.1756
richness	2.3725
richter	1.6971
rick	1.5575
ricked	2.1633
rickets	1.6400
ricketts	1.9725
rickety	1.7114
ricks	1.5060
ricksha	1.4900
rickshas	1.5288
rickshaw	1.6475
rickshaws	2.0533
rico	1.7700
ricochet	1.7888
ricordo	1.6614
ricos	1.6760
rictus	1.8050
ridding	1.8143
riddle	1.8000
riddled	2.2714
riddler	1.8286
riddles	1.7286
riddling	1.7500
ride	2.4750
rider	2.3800
riderless	2.2167
riders	2.2000
rides	2.2400
ridge	1.5400
ridged	2.1333
ridgeline	1.5778
ridgepole	2.1111
ridges	1.5000
ridgeway	1.6312
ridging	1.5571
ridgy	1.5700
ridicule	1.6413
ridiculed	2.0256
ridin	1.5600
riding	1.5167
ridings	1.4857
ridley	1.5000
ridpath	1.7357
rids	1.3875
ridsdale	1.4625
riemann	2.0429
rien	1.6500
rienzi	1.8550
ries	1.5250
riesling	1.5312
riesman	1.6143
rife	1.4500
riff	1.9125
riffle	1.7667
riffled	2.2429
riffles	1.7000
riffling	1.7250
riffraff	2.4688
rifle	1.4200
rifled	2.0333
rifleman	1.5375
riflemen	1.5438
rifles	1.4000
rifling	1.4714
rift	2.4875
rifts	2.2500
riga	1.5125
rigadoon	1.9937
rigby	2.4700
rigdon	1.5667
rigel	1.4800
rigg	2.0625
rigged	2.5000
rigger	1.9833
riggers	1.8857
riggin	1.9667
rigging	1.8714
riggings	1.8000
riggs	1.9100
right	1.5100
rightaway	1.7000
righted	2.0429
righteous	1.5500
righter	1.6000
rightful	2.0188
righthand	1.4833
righting	1.5500
rightist	1.6375
rightly	1.5214
rightness	1.7889
righto	1.5833
rights	1.4750
rightside	1.9167
righty	1.5583
rigid	1.4400
rigidity	1.5563
rigidly	1.4714
rigmarole	2.1167
rigol	2.3400
rigor	1.5800
rigorist	1.6813
rigorous	1.5813
rigors	1.5333
rigour	1.5667
rigs	1.4375
rigueur	1.5143
rihs	1.4375
riled	2.4000
riles	1.6400
riley	1.7400
riling	1.6833
rilke	1.6000
rill	2.2625
rillet	2.1667
rilling	1.9857
rills	2.0700
rilly	2.1700
rimac	1.8860
rimbaud	1.6214
rime	1.6750
rimed	2.3600
rimfire	1.5500
riming	1.8333
rimini	2.0750
rimjob	2.4833
rimland	1.6643
rimless	1.9857
rimrock	1.6543
rims	1.5875
rinaldo	1.5714
rincon	1.8133
rind	1.5375
rinds	1.4900
rindt	1.7500
ring	1.5875
ringdove	1.6187
ringdoves	1.5833
ringed	2.1833
ringel	1.5500
ringent	1.6571
ringer	1.6667
ringgold	2.3125
ringin	1.6500
ringing	1.6000
ringingly	1.5889
ringler	1.6143
ringlet	1.6571
ringlets	1.6125
ringlike	2.0062
rings	1.5300
ringsend	1.6250
ringwood	1.9750
ringworm	1.6937
rink	1.7375
rinker	1.7667
rinse	1.7600
rinsed	2.3167
rinses	1.6833
rinsing	1.6000
rint	1.7125
riordan	1.6571
riot	1.8500
rioted	2.3583
rioter	1.8417
rioters	1.7643
rioting	1.7500
riotous	1.7357
riotously	1.6944
riots	1.7400
ripa	1.9125
riparian	1.8750
ripe	1.9250
ripely	1.8000
ripen	1.9000
ripened	2.3214
ripeness	2.0312
ripening	1.9313
ripens	1.8000
riper	1.9400
ripest	1.9333
ripon	1.9800
riposte	1.9357
riposted	2.3313
ripper	2.4333
rippin	2.4167
ripping	2.2571
ripple	2.3167
ripples	2.1714
rippling	2.1375
ripply	2.3417
riprap	1.9250
rips	1.8375
rique	1.7400
rire	1.5750
rise	1.7250
riseley	1.6643
risen	1.7400
riser	1.7800
risers	1.7000
rises	1.6400
riseth	1.7500
risible	1.5929
risin	1.6000
rising	1.5500
risings	1.5143
risk	1.3875
risked	2.0500
riskily	2.1571
risking	2.0571
risks	1.3700
risky	1.4700
risotto	2.0643
risperdal	1.6111
ristori	1.7357
rita	1.6375
ritchie	1.7757
rite	1.6500
rites	1.5800
ritter	2.1500
ritual	1.5583
rituals	1.5214
ritz	1.9825
rivage	1.6667
rival	1.5700
rivaled	2.0857
rivalled	2.3000
rivalries	1.5500
rivalry	1.5929
rivals	1.5250
rive	1.6750
rived	2.3600
riven	1.7000
river	1.7400
rivera	1.7167
riverbank	2.4000
rivers	1.6667
riverside	2.0444
rives	1.6000
rivet	1.8000
riveted	2.2500
rivets	1.7167
rivetting	2.0167
rivi	1.6500
riviera	1.6929
riviere	1.7000
riving	1.6333
rivo	1.7250
rivoli	2.3083
rivulet	1.7857
rivulets	1.7250
roach	1.8260
roaches	1.7257
road	1.6625
roadbed	2.3429
roadblock	2.2089
roader	2.3833
roadhouse	1.7722
roadkill	2.4125
roadless	1.8375
roadmap	1.7786
roads	1.5900
roadside	2.0438
roadsides	1.9611
roadstead	1.7111
roadster	1.7750
roadway	1.7143
roadways	1.6625
roadworks	1.6056
roam	1.7125
roamed	2.2667
roaming	1.8286
roams	1.6300
roan	1.7125
roanoke	1.8071
roans	1.6300
roar	1.8375
roared	2.3500
roarers	1.7571
roaring	1.7429
roars	1.7300
roast	1.8900
roasted	2.3143
roasters	1.8000
roasting	1.7875
roasts	1.7917
roba	1.7875
robards	1.6929
robartes	2.0875
robbe	2.3800
robber	2.3167
robberies	2.0556
robbers	2.1714
robbery	2.2429
robbie	2.2417
robbing	2.1429
robbins	2.1429
robe	1.8250
robed	2.4800
robert	2.2667
roberta	2.1714
roberto	2.2214
roberts	2.1286
robertson	2.0833
robes	1.7200
robin	1.8200
robing	1.7333
robins	1.7333
robinson	1.7813
robles	1.6333
robot	1.8600
robots	1.7667
robs	1.7125
robsart	2.1500
robust	1.8250
rocco	2.3720
rocha	1.6660
rochas	1.6883
roche	1.6760
rochelle	1.8913
rocher	1.7300
roches	1.6133
rochester	1.7700
rochford	1.5350
rochfort	1.9350
rock	1.6325
rockabye	1.8100
rockaway	1.7850
rockaways	1.7311
rocked	2.2133
rocker	1.6967
rockers	1.6400
rockery	1.7114
rocket	1.7467
rocketed	2.1538
rocketing	1.7033
rockets	1.6829
rockies	2.1614
rockiest	2.2163
rockin	2.3467
rocking	2.1971
rocklike	2.0912
rockport	2.1850
rocks	1.5660
rocksalt	1.5663
rockslide	1.9478
rockwall	1.8975
rockwell	1.9663
rocky	1.6660
rococo	1.8850
rocs	1.6825
rodd	2.0375
rodent	2.3000
rodents	2.1571
rodeo	2.4300
rodeos	2.2417
roderick	2.1162
roderigo	2.1375
rodeway	2.2214
rodgers	1.6143
rodin	1.6200
rodina	1.6167
rodion	1.7583
rodney	1.6333
rodolpho	2.3813
rodrigo	1.6786
rodriguez	1.7700
rods	1.4625
rody	1.5875
roebuck	1.8400
roerich	1.7186
roes	1.6000
roga	1.5875
rogelio	1.6857
roger	1.6800
rogero	1.7250
rogers	1.6167
rogerson	1.6938
rogge	2.0400
rogue	1.5800
roguery	1.6714
rogues	1.5333
roguish	1.5714
roguishly	1.6222
roil	1.8000
roiled	2.3250
roiling	1.7214
roily	1.8000
rojas	1.5700
roka	1.5375
roland	2.2083
rolands	2.0786
roles	2.3400
rolf	2.4375
rolland	2.4357
rollers	2.5000
rollick	2.4686
rolling	2.4857
rollings	2.3375
rollins	2.4857
roma	1.7375
romain	1.7500
roman	1.7500
romancer	2.4850
romancers	2.3533
romances	2.3975
romancing	1.7311
romania	1.8714
romanic	1.9257
romano	1.9667
romanoff	2.0375
romanorum	2.4556
romanos	1.8714
romanov	1.9429
romans	1.6750
romantic	1.7725
romantics	1.7200
romanus	2.4357
romanza	2.4614
rome	1.7500
romeo	1.7900
romes	1.6600
romish	1.7833
rommel	2.1000
romney	2.1833
romp	2.2125
romping	1.9571
romps	2.0300
romuald	2.3357
romulus	2.4643
ronald	1.5583
ronalds	1.5214
rond	1.6125
ronda	1.6100
ronde	2.4200
rondel	2.2333
rondo	1.6800
rondos	1.6167
rondure	1.5857
ronne	2.2600
ronnie	2.3417
rons	1.6625
ronsard	1.6643
rood	2.2500
roods	2.0600
roof	2.2250
roofer	2.0917
roofing	1.9643
roofless	2.1188
roofline	1.9250
roofs	2.0400
rook	2.2500
rookeries	1.9167
rookery	2.0643
rooks	2.0600
rooky	2.1600
room	2.4500
roomer	2.2417
roomful	2.0571
roominess	2.3556
rooming	2.2500
roommate	2.4937
rooms	2.2200
rooney	2.2083
roos	2.3000
roosevelt	2.1556
roost	2.3600
rooster	2.2071
roosters	2.0938
roosting	2.0813
root	2.4250
rooting	2.0786
rootless	2.2188
rootlet	2.1357
roots	2.2000
rooty	2.3000
ropa	1.9875
rope	2.0000
roper	2.0000
ropes	1.8600
ropey	1.9600
ropin	1.9800
roping	1.8667
ropy	2.0375
roque	1.8000
rorke	1.5400
rorschach	1.7789
rory	1.6875
rosa	1.5875
rosabel	1.7571
rosabelle	1.9722
rosae	1.7600
rosaleen	1.9062
rosales	1.5143
rosalie	1.5643
rosalind	1.5375
rosalinda	1.5444
rosaline	1.6062
rosamond	1.7750
rosanoff	1.9625
rosaries	1.6563
rosario	1.8214
rosarium	2.3875
rosary	1.7417
rosas	1.6300
rosato	1.8167
roscius	1.7114
rosco	1.8960
roscoe	1.8550
roscommon	2.2922
rose	1.8000
roseate	1.8643
rosebud	1.8571
rosebuds	1.7875
rosebush	1.8125
rosecrans	2.4422
rosedale	2.1063
roseline	1.7125
rosemary	1.8375
rosen	1.8000
rosenberg	2.2389
rosenthal	1.6667
roses	1.7000
rosetta	2.2000
rosette	2.2071
rosettes	2.0938
rosewater	1.8889
roseway	1.7929
rosewood	2.0812
rosie	1.6100
rosier	1.6750
rosiest	1.7071
rosily	1.7167
rosin	1.6600
rosina	1.6500
rosinante	1.6833
rosiness	1.8813
rosita	1.6333
rosoff	1.8667
ross	2.1375
rossa	2.0300
rosse	2.2000
rosses	2.0500
rossetti	2.4062
rossi	2.0400
rossini	2.1214
rosslare	1.9250
rosso	2.1000
rostand	1.6929
roster	1.8333
rostislav	1.7556
rostral	2.0357
rostrevor	2.1500
rosy	1.6375
rotary	1.8250
rotate	1.8500
rotated	2.3143
rotating	1.7875
rotation	1.9313
rotations	1.8611
rotatory	1.8375
rote	1.7250
roth	1.6375
rotha	1.6300
rother	1.7000
rotherham	1.6556
rotor	1.7400
rotors	1.6667
rotorua	1.6857
rots	1.6375
rotten	2.1667
rotter	2.2000
rotterdam	1.9667
rotting	2.0571
rotto	2.3000
rotunda	2.3929
rotundity	2.2667
rouben	1.7667
rouble	1.6667
roubles	1.6143
roue	1.6500
rouen	1.6800
rouge	1.5800
rouged	2.1667
rough	1.5100
roughed	2.0429
roughen	1.5714
roughened	1.9722
roughens	1.5375
rougher	1.6000
roughest	1.6375
roughhewn	1.8611
roughing	1.6500
roughish	1.5750
roughly	1.5929
roughness	2.2333
roughs	1.4750
roughshod	1.5556
rouging	1.5857
roule	1.7400
rouleaux	1.7675
roulet	1.8333
roulette	2.1188
roumania	2.5000
roumanian	2.4222
rounding	2.2750
roundly	2.3500
roundness	2.4333
rounds	2.4417
roundsman	2.2056
roundups	2.3813
rourke	1.5333
rous	1.5625
rouse	1.7400
roused	2.3000
rouses	1.6667
rousing	1.5857
rousseau	1.9500
roussel	1.9714
roust	1.7700
rousted	2.2286
rout	1.6875
route	1.6800
routed	2.2500
router	1.7333
routers	1.6714
routes	1.6167
routh	1.6100
routine	1.7071
routinely	1.6722
routines	1.6563
routing	1.6571
routings	1.6125
routledge	2.0278
routs	1.6100
roux	1.8225
rove	1.7500
roved	2.4200
rover	1.8000
rovers	1.7167
roves	1.6600
roving	1.6833
rovings	1.6286
rowan	1.7600
rowans	1.6833
rowboat	2.1071
rowboats	2.0063
rowdies	1.7000
rowdiest	1.8125
rowdily	1.8357
rowdiness	1.9556
rowdy	1.8200
rowdyish	1.7313
rowdyism	1.7938
rowe	1.8875
rowel	1.7700
roweled	2.2286
rowelled	2.4250
rowels	1.6917
rowena	1.8250
rower	1.9100
rowers	1.8083
rowing	1.7083
rowland	1.6000
rowlands	1.5625
rowley	1.6917
rowlocks	2.1288
rowohlt	1.7500
roxbury	1.8843
roxie	1.8180
roxy	1.8975
royal	1.6300
royale	1.6333
royalist	1.7125
royalists	1.6667
royally	1.9643
royals	1.5750
royalties	1.6167
royalty	1.6786
royaume	2.4714
royaux	1.7817
roygbiv	2.3000
roys	1.6375
royston	1.8571
rozy	2.0325
rpms	1.7750
rsquo	1.8300
ruano	1.8900
ruba	1.6750
rubb	2.4250
rubber	2.2417
rubbers	2.1071
rubbery	2.1786
rubbin	2.2083
rubbing	2.0786
rubbish	1.9929
rubbishy	2.4688
rubble	2.1083
ruben	1.7300
rubens	1.6583
rubes	1.6300
rubescent	2.4089
rubia	1.6700
rubicon	1.7971
rubicund	2.3288
rubies	1.6167
rubini	1.9000
rubio	1.8400
rubios	1.7500
rubious	1.7143
ruble	1.6100
rubles	1.5583
rubs	1.6000
rubus	1.5800
ruby	1.7250
ruched	2.1717
ruck	1.5200
rucked	2.1383
rucker	1.6217
rucksack	1.6075
ruckus	1.4800
ruction	1.9829
ructions	1.8975
ruddiest	1.8625
ruddily	1.8929
ruddiness	2.0000
ruddled	2.2500
ruddock	1.8186
ruddy	1.9000
rude	2.4375
rudely	2.1417
rudeness	2.2875
ruder	2.3500
rudest	2.2750
rudge	1.5100
rudiment	1.6125
rudiments	1.5778
rudin	1.5300
rudolf	2.0583
rudolph	2.2643
rudy	1.4750
rudyard	1.5571
rued	2.4375
rueful	1.6750
ruefully	1.9563
ruelle	1.9000
ruff	1.8750
ruffed	2.3750
ruffian	1.7929
ruffianly	1.8278
ruffians	1.7313
ruffin	1.8417
ruffle	1.7417
ruffled	2.2214
ruffler	1.7786
ruffles	1.6786
ruffling	1.7063
rufford	1.7214
ruffs	1.7600
rufous	1.4583
rufus	1.3600
rugby	2.4400
rugg	2.0250
rugged	2.4750
ruggedly	2.2438
rugger	1.9583
ruggiero	1.9187
rugose	1.6667
rugs	1.4000
ruidoso	1.6357
ruin	1.7625
ruination	1.9167
ruined	2.3000
ruing	1.6700
ruining	1.8571
ruinous	1.8429
ruinously	1.7778
ruins	1.6700
ruiz	2.0075
ruka	1.6250
rule	1.6875
ruled	2.3700
ruler	1.7500
rulers	1.6750
rulership	1.8556
rules	1.6100
ruleth	1.7250
ruling	1.6583
rumanian	2.4813
rumanians	2.3500
rumbles	2.3786
rumbling	2.3188
rumblings	2.2056
ruminants	2.3833
ruminates	2.4556
rumoring	2.4625
rumpling	2.4938
runagate	2.4438
runaways	2.4188
rundown	2.4429
rupee	2.3400
rupees	2.1667
rupert	2.3083
rupture	1.7643
ruptured	2.1812
ruptures	1.7063
rural	1.4800
rurales	1.4786
rurally	1.8571
rusalka	1.4143
ruse	1.6875
ruses	1.6100
rush	1.4000
rushall	1.7571
rushed	2.0583
rushes	1.4250
rushin	1.6583
rushing	1.6071
rushlight	1.4944
rushy	2.2800
ruskin	2.1583
ruslan	1.5000
russ	2.0250
russa	1.9400
russe	2.1100
russell	2.2357
russells	2.1188
russet	2.1417
russety	2.0929
russia	1.8917
russian	1.8786
russians	1.8063
russias	1.8786
russie	1.9000
russkaya	1.7750
russki	2.4750
russo	2.0100
russula	1.9000
rust	1.7250
rusted	2.2750
rustic	1.7550
rusticity	1.7533
rustics	1.6900
rustiest	1.7625
rustily	1.7786
rustiness	1.9111
rusting	1.6786
rustle	1.6417
rustled	2.1357
rustler	1.6929
rustlers	1.6438
rustles	1.5929
rustling	1.6313
rustlings	1.5944
rusts	1.6400
rusty	1.7400
rutabagas	1.7889
ruth	1.5250
ruther	1.6250
ruthful	1.5286
ruthie	1.7000
ruthless	1.8313
rutilant	1.7188
rutland	1.5143
ruts	1.5250
rutstein	1.7375
rutting	1.9929
ruttish	1.9071
ruttledge	2.2889
rutty	2.1800
ruxton	2.0150
ruys	2.1500
ryan	1.6750
rybakov	1.8071
rydal	1.4600
ryerson	1.7286
ryle	1.7625
ryzhkov	1.9471
saadi	2.0500
saba	1.8500
sabaean	1.8929
sabaoth	1.7786
sabayon	1.9357
sabbat	2.4333
sabbath	2.2714
sabbaths	2.1500
sabe	1.8875
sabella	2.0357
sabemos	1.9571
saben	1.8700
saber	1.9100
sabers	1.8083
sabes	1.7700
sabey	1.8700
sabin	1.8700
sabina	1.8250
sabinal	1.7500
sabine	1.8333
sabines	1.7571
sable	1.7500
sables	1.6750
sabotage	1.8250
saboteurs	1.7222
sabots	1.8083
saca	1.8200
sacaton	1.9614
sacerdote	2.3700
sachem	1.7383
sachems	1.6757
sacher	1.7717
sachet	1.8217
sack	1.6950
sackbut	1.7400
sackbuts	1.6850
sackcloth	2.1233
sacked	2.2550
sacken	1.7050
sackful	1.6257
sackfuls	1.5850
sacking	2.2329
sacks	1.6160
sackville	1.9756
saco	1.9075
sacr	2.0700
sacra	1.9760
sacral	1.8633
sacrament	1.8811
sacre	1.9860
sacredly	2.2663
sacrifice	2.4122
sacrilege	1.9367
sacring	1.8757
sacristan	1.9144
sacristy	1.9538
sacs	1.7450
saddening	2.3889
saddens	2.4071
saddle	1.8417
saddlebag	1.9611
saddlebow	2.0167
saddled	2.3071
saddler	1.8643
saddlers	1.7937
saddlery	1.8562
saddles	1.7643
saddling	1.7812
sadi	1.5375
sadie	1.5600
sadism	1.5417
sadist	1.6750
sadistic	1.7100
sadler	1.5750
sadly	1.5200
sadness	1.8643
sadnesses	1.8667
sady	1.5750
saens	1.6900
safari	1.6583
safavids	1.5813
safe	1.5125
safed	2.2300
safeguard	1.6278
safely	1.5250
safer	1.6100
safes	1.4700
safest	1.6583
safeties	1.6188
safety	1.6917
safeway	1.6286
saffron	2.4643
saga	1.5750
sagacious	1.7756
sagacity	1.7913
sagamore	1.7875
sagas	1.6200
sage	1.5875
sagebrush	2.2944
sagely	1.5750
sagen	1.6300
sager	1.6700
sages	1.5300
sagest	1.7083
sagging	1.9071
sago	1.6625
sagrada	2.1429
sags	1.5000
saguaro	1.7214
sahara	1.6167
saheb	1.8100
sahib	1.7500
sahibs	1.6750
said	1.4125
saidst	1.5917
saigas	1.5417
saigon	1.6167
sail	1.6625
sailboat	1.8625
sailboats	1.8000
sailcloth	2.1089
sailed	2.2333
sailer	1.7167
sailers	1.6571
sailin	1.7000
sailing	1.6429
sailings	1.6000
sailmaker	1.6444
sailor	2.3500
sailors	2.2000
sails	1.5900
sain	1.6125
saint	1.6500
sainte	1.6500
sainted	2.1429
sainthood	1.9833
saintlier	1.6500
saintlike	1.9944
saintly	1.6214
saints	1.5917
sair	1.5125
sais	1.4625
saith	1.5300
sake	1.4125
saker	1.5300
sakes	1.3900
sakhi	1.5500
sakra	1.4200
sala	1.4500
salaam	1.9500
salaamed	2.3063
salaaming	1.9611
salaams	1.8571
salable	1.6643
salacious	1.7200
salad	1.4800
saladin	1.5643
salads	1.4500
salam	1.5200
salamanca	1.6200
salami	1.7250
salamis	1.6643
salaried	2.0625
salaries	1.5875
salary	1.6500
sale	1.4625
saleable	1.6625
salem	1.5300
saleratus	1.6500
sales	1.4300
salesgirl	1.4889
saleslady	1.4944
salesman	1.5437
salesmen	1.5500
sali	1.4625
salic	1.5660
salida	1.4250
salido	1.4833
salient	1.5857
salients	1.5500
salieri	1.5929
salinas	1.5929
saline	1.5667
saling	1.5083
salinger	1.5875
salique	1.6286
salir	1.4700
salisbury	1.6500
saliva	1.5417
salivary	1.6688
salivate	1.6875
salix	1.6380
salk	1.3250
sall	2.0000
salle	1.9300
sallet	1.9917
sallets	1.8929
sallied	2.3429
sallies	1.8000
sallust	1.9143
sally	1.9600
sallying	1.8938
salmon	1.8250
salmons	1.7500
salome	2.2833
salomon	2.4286
salon	2.4100
salons	2.2250
salsa	1.4200
salt	1.5000
saltatory	1.7167
saltbush	2.2125
salted	2.1250
salter	1.6083
saltest	1.6500
saltiers	1.5750
saltillo	2.4375
salting	1.5500
saltire	1.5429
saltish	1.4643
saltmarsh	1.5889
salton	1.6417
saltpeter	1.7778
saltpetre	2.0000
salts	1.4600
saltwater	1.7556
salty	1.5600
salu	1.4250
salubrity	2.2278
salud	1.3600
salut	1.5000
salutary	1.6500
salute	1.5250
saluted	2.0357
salutes	1.4929
saluting	1.5438
salv	1.5000
salva	1.5200
salvador	1.5812
salvage	1.5786
salvaged	2.0187
salvagers	1.5944
salvages	1.5438
salvaging	1.5833
salvation	1.8000
salvator	1.7063
salve	1.5500
salver	1.6250
salvers	1.5786
salves	1.5083
salvi	1.5300
salving	1.5500
salvini	1.7571
salvo	1.5900
salvos	1.5417
sama	1.5750
samael	1.6750
samar	1.7200
samara	1.7000
samarang	1.6625
samaras	1.7143
samaria	1.6929
samaritan	1.7167
samba	1.6800
sambir	1.6583
sambo	1.7500
same	1.5875
samee	2.1000
sameness	1.8625
samite	1.8167
samoa	1.8700
samoan	1.8583
samos	1.8100
samovar	1.9214
sampan	1.9333
samphire	1.8875
sample	1.8583
sampled	2.3214
sampler	1.8786
samples	1.7786
sampling	1.7938
sampson	1.9071
sams	1.5000
samson	1.6417
samsons	1.5929
samuel	2.4417
samuels	2.2786
sana	1.5750
sanchez	1.8014
sancho	1.7883
sancta	1.8633
sanctam	1.8543
sancti	1.8717
sanctify	1.7538
sanction	1.9475
sanctions	1.8756
sanctity	1.8538
sanctorum	2.4256
sanctuary	1.8644
sand	1.4500
sandal	1.4500
sandaled	1.9313
sandalled	2.1389
sandals	1.4286
sandbag	1.7286
sandbags	1.6750
sandbank	1.7500
sandbanks	1.7000
sandbar	1.8000
sandbars	1.7375
sandbox	1.8557
sandburg	2.1250
sander	2.2417
sanders	2.1071
sanderson	2.0667
sandflies	1.4667
sandford	1.4812
sandglass	1.7889
sandhill	1.9313
sandhills	1.8611
sandhurst	2.0000
sandman	1.5714
sandow	1.6167
sandpaper	1.7611
sandpit	1.6643
sandra	1.6167
sands	1.4200
sandspit	1.6188
sandstone	1.6889
sandstorm	1.6611
sandwich	1.5850
sandy	1.5200
sandyford	1.4611
sandys	1.4833
sane	1.5875
sanely	1.5750
saner	1.6700
sanest	1.7083
sanford	1.4643
sang	1.5000
sangallo	2.3312
sangfroid	2.1889
sangre	2.1917
sanguine	1.6500
sanguis	1.5643
sanitary	1.8688
sanity	1.8417
sank	1.6500
sankey	1.6750
sanno	2.4100
sano	1.9375
sans	1.5000
sansbury	1.7125
sanscrit	1.8538
sanskrit	1.5063
sansom	1.6417
sant	1.6250
santa	1.6200
santayana	1.6556
sante	1.6300
santerre	1.9750
santiago	1.6875
santo	1.6900
santos	1.6250
santry	2.0500
saone	1.6800
saphead	1.6357
sapheads	1.5938
sapience	2.4413
sapiens	1.6714
sapient	1.7429
sapless	1.9071
sapling	1.6357
saplings	1.5938
saporous	1.6875
sappers	2.1643
sapphic	2.2757
sapphire	2.1375
sapphires	2.0444
sappho	2.3750
sapping	2.1500
sappy	2.4000
saps	1.6500
sara	1.7000
saraband	1.7750
sarabands	1.7222
saracens	2.4788
sarah	1.6200
sarasate	1.8063
saraswati	2.2667
saratoga	1.7812
saratov	1.8786
sarcasm	1.7829
sarcasms	1.7225
sarcastic	1.8789
sardine	1.6429
sardines	1.6000
sardinia	1.7750
sardis	1.5417
sardius	1.5357
sardonic	1.8600
sardonyx	2.4737
sare	1.7125
saree	2.2000
sarepta	1.8071
sargasso	2.4563
sargent	2.2500
sargento	2.2125
sari	1.7125
sarian	1.7083
sark	1.5750
sarks	1.5200
sarnath	1.7857
sarong	1.7250
sarongs	1.6643
sarpedon	2.2750
sars	1.6250
sarsenet	1.8375
sarsfield	1.5222
sartain	2.0929
sarthe	2.0750
sarti	2.2300
sartin	2.1750
sarto	2.2900
sartor	2.1583
sartorial	1.9444
sartoris	1.9875
sash	1.5000
sasha	1.5200
sashayed	2.0187
sashays	1.5286
sashed	2.1250
sashes	1.4917
sashimi	1.8714
sashless	1.8188
sass	2.1250
sassafras	2.2778
sassenach	2.0478
sasser	2.1583
sassing	1.9071
satan	1.7800
satanic	1.9471
satanism	1.8438
satans	1.7000
satchel	1.6900
satchels	1.6413
sate	1.7875
sated	2.4500
sateen	2.1833
satellite	1.9278
satiate	1.8571
satiated	2.2625
satiating	1.8000
satiation	1.9278
satiety	1.8429
satin	1.8100
satins	1.7250
satinwood	2.0556
satire	1.7167
satires	1.6571
satiric	1.7543
satirical	1.6867
satirist	1.7750
satirists	1.7222
satirized	2.3367
satirizes	1.9144
satis	1.6900
satisfied	2.0389
satisfies	1.6167
satisfy	1.6786
satrap	2.2500
satraps	2.1143
saturate	1.7938
saturated	2.1611
saturates	1.7389
saturday	1.6250
saturdays	1.5889
saturn	1.7167
saturnia	1.8313
saturnian	1.8278
saturnine	1.8444
satya	1.7800
satyr	1.7600
satyric	1.7757
satyricon	1.8089
satyrs	1.6833
saucepan	2.4163
saucepans	2.2922
saucers	2.4043
sauces	2.4717
saucily	1.7043
sauciness	1.8533
saucy	1.6360
sauf	1.3500
sauger	1.5583
saul	1.6250
saule	1.6300
saunter	2.4500
saunterer	2.3111
saunters	2.3063
saura	1.5000
saurian	1.5643
saurians	1.5313
saurin	1.5750
sausage	1.5357
sausages	1.5063
saut	1.5500
sauter	1.6417
savage	1.7583
savagely	1.7063
savagery	1.7938
savages	1.6929
savaii	2.1500
savan	1.7800
savannah	2.0125
savannahs	1.9333
savannas	2.0750
savant	1.7833
savants	1.7143
save	1.8125
saved	2.4700
saveloys	2.2000
saver	1.8500
savers	1.7583
saves	1.7100
saveth	1.8083
savez	2.0460
savile	1.8167
saville	2.1000
savin	1.8100
saving	1.7250
savings	1.6643
savior	1.8500
saviors	1.7714
saviour	1.8000
saviours	1.7375
savoir	1.7667
savon	1.8700
savona	1.8250
savor	1.7900
savored	2.2429
savories	1.6938
savoring	1.7250
savorless	1.8889
savors	1.7083
savory	1.7917
savour	1.7417
savoured	2.1500
savouring	1.7000
savours	1.6786
savoury	1.7500
savoy	1.8500
savoyards	1.7278
savvy	2.3200
sawbones	1.9563
sawdust	1.8500
sawe	1.9500
sawest	1.9500
sawhorse	1.8688
sawhorses	1.8056
sawin	1.8400
sawing	1.7500
sawlogs	2.2143
sawmill	2.3000
sawmills	2.1750
sawn	1.8625
sawney	1.8167
sawt	1.9875
sawyer	1.8500
sawyers	1.7714
saxe	2.1975
saxifrage	2.1378
saxon	1.9780
saxons	1.8650
saxophone	2.0544
saxton	2.1317
saya	1.5750
saye	1.5875
sayed	2.2900
sayers	1.6083
sayes	1.5300
sayest	1.7083
sayeth	1.6583
sayin	1.7500
saying	1.6750
sayings	1.6214
sayles	1.6250
says	1.5000
sbornik	2.4714
scab	2.1450
scabbard	2.2725
scabbards	2.1644
scabby	2.4967
scaber	2.0550
scabiosa	1.9475
scabious	1.9350
scabs	1.9760
scaevola	2.4850
scaffold	2.3788
scaffolds	2.2589
scagliola	2.1978
scaife	1.6633
scala	1.7160
scald	1.6160
scalding	1.6163
scalds	1.5633
scale	1.7260
scaled	2.2883
scaleless	1.8533
scales	1.6550
scaling	1.6900
scally	2.0967
scalp	2.0360
scalped	2.4186
scalpel	1.8757
scalping	1.8788
scalps	1.9133
scaly	1.7560
scamander	2.1811
scammell	2.3163
scamp	2.1960
scamper	2.0900
scampered	2.3756
scampers	1.9913
scamps	2.0467
scan	1.8700
scandal	1.6400
scandals	1.5975
scannable	2.1367
scanners	2.0913
scanning	2.2163
scans	1.7560
scansion	1.8475
scant	1.8560
scanted	2.2900
scanter	1.8471
scanties	1.7350
scantiest	1.8311
scantily	1.8538
scanting	1.7663
scantlin	1.7663
scantling	1.7144
scantly	1.7686
scants	1.7633
scanty	1.8467
scap	2.0200
scape	1.9460
scaped	2.4717
scapegoat	1.9978
scapes	1.8383
scapin	1.9383
scapulae	1.9663
scapular	1.9475
scapulars	1.8756
scar	1.9950
scarab	2.0800
scarabs	1.9686
scarcity	1.9138
scare	1.9260
scared	2.4550
scares	1.8217
scarfe	2.4383
scarfing	2.2288
scarfs	2.3800
scarier	1.8971
scarified	2.1144
scarify	1.7757
scaring	1.8329
scarious	1.8600
scarlet	1.8900
scarp	2.0760
scarped	2.4471
scarry	2.2967
scars	1.8560
scary	1.9560
scat	2.0700
scathe	1.8717
scathed	2.3329
scathing	1.9038
scatter	2.3186
scatters	2.1913
scatty	2.3967
scaup	2.0160
scavenged	2.2089
scavenger	1.8644
scenarios	2.4811
scenting	2.4600
sceptical	2.4400
schaack	2.1371
schach	1.8433
schaefer	1.8600
schaeffer	2.0422
schaffner	1.9367
schaick	1.6729
schapiro	1.8100
schedule	2.1725
scheduled	2.4978
schedules	2.0756
schelling	1.8867
schema	1.7383
schematic	1.8511
scheme	1.7467
schemed	2.2257
schemer	1.7829
schemers	1.7225
schemes	1.6829
scheming	1.8475
schenck	1.7014
scherzo	1.9943
schiavone	1.9478
schiller	2.1725
schilling	2.0644
schism	1.8217
schisms	1.7471
schist	1.9550
schists	1.8614
schizoid	1.9262
schizoids	1.8567
schizos	1.9943
schlager	1.7788
schlapp	2.2971
schlegel	1.7350
schlenker	1.7978
schlepps	2.1787
schleswig	2.1144
scholar	2.4757
scholarly	2.2700
scholars	2.3287
scholiast	2.3422
schomberg	2.3533
schon	2.0060
schonberg	2.3533
schone	1.9467
schooner	2.2663
schooners	2.1589
schouten	1.8600
schreiner	1.7478
schurmann	2.4311
schwab	1.9717
schwartz	2.3138
schwarz	2.0300
schwein	1.8614
schwimmer	2.0922
schwob	1.8967
sciarra	2.1757
sciatica	1.8950
sciences	2.4513
scientist	1.8367
scillas	2.1471
scilly	2.2383
scimitar	2.0100
scimitars	1.9311
sciolist	2.3788
scion	2.0160
scions	1.8967
scipio	2.1217
scission	2.1037
scissor	2.0400
scissored	2.3367
scissors	1.9475
scituate	1.8600
sclera	1.7717
scobee	2.3383
scoff	2.1060
scoffed	2.4686
scoffer	2.0257
scoffers	1.9350
scoffing	1.9225
scofflaw	2.0225
scoffs	1.9717
scoggin	2.0971
scold	2.4860
scolding	2.1600
scoldings	2.0644
scolds	2.2883
scone	1.9160
scones	1.8133
scoopful	2.2475
scoopfuls	2.1422
scooping	2.2788
scoops	2.4467
scoot	2.4560
scootin	2.2614
scooting	2.1413
scoots	2.2633
scope	2.1160
scopes	1.9800
scopula	2.0186
scorbutic	2.4511
scorch	1.8183
scorched	2.2075
scorcher	1.8200
scorches	1.7325
scorching	1.8400
score	1.8360
scored	2.3800
scores	1.7467
scoresby	1.8975
scoria	1.7967
scoring	1.7686
scorn	1.8660
scorned	2.2971
scorner	1.8543
scorners	1.7850
scornful	1.7413
scorning	1.9100
scorns	1.7717
scorpio	2.0043
scorpion	1.9913
scorpions	1.9144
scot	1.9575
scotch	1.8683
scotched	2.2450
scotches	1.7700
scotchman	2.2678
scotchmen	2.2733
scotia	1.8467
scotland	1.7038
scots	1.8260
scotsman	1.7913
scott	2.4260
scottish	2.0475
scotts	2.2383
scotty	2.3217
scotus	1.7717
scoundrel	2.3533
scour	1.8060
scoured	2.2543
scourge	2.2829
scourger	2.2475
scourges	2.1600
scourging	2.1311
scouring	1.7350
scouse	1.8800
scout	1.8660
scouted	2.2971
scouting	1.7725
scouts	1.7717
scow	1.9950
scowl	1.8560
scowled	2.2900
scowling	1.7663
scowls	1.7633
scrabble	2.3413
scrabbles	2.2256
scrag	2.0160
scragg	2.3133
scraggly	2.1225
scraggy	2.2400
scram	2.0160
scramble	1.8913
scrambled	2.2478
scrambler	1.9033
scrambles	1.8256
scrannel	2.1663
scrap	2.1360
scrapbook	2.2533
scrape	2.0550
scraped	2.4900
scraper	2.0471
scrapers	1.9538
scrapes	1.9471
scrapin	2.0329
scraping	1.9413
scrapings	1.8700
scrappers	2.2811
scrapping	2.2700
scrappy	2.4829
scraps	1.9967
scrapy	2.0800
scratch	2.0371
scratched	2.3344
scratcher	1.9900
scratches	1.9122
scratchin	2.0678
scrawl	2.0550
scrawled	2.3850
scrawling	1.9089
scrawls	1.9471
scrawly	2.0186
screaking	2.2089
scream	1.9550
screamed	2.3100
screamer	1.9225
screamin	2.0475
screaming	1.9644
screams	1.8614
scree	2.4960
screen	2.3800
screeners	2.1367
screening	2.2478
screens	2.2257
screes	2.2967
screw	2.0560
screwball	2.2422
screwcap	2.1700
screwin	1.9757
screwing	1.8913
scribble	2.2475
scribbler	2.2200
scribbles	2.1422
scribe	2.0300
scribes	1.9257
scribing	1.9100
scrim	2.0460
scrimmage	2.1756
scrimp	2.2883
scrimping	2.0644
scrimps	2.1471
scrimshaw	1.9089
scrip	2.2460
script	2.1717
scripts	2.0471
scripture	1.9644
scrivener	1.9256
scrofula	1.8538
scrooge	2.2900
scrouge	1.8686
scrub	2.0560
scrubber	2.3288
scrubbers	2.2144
scrubbing	2.1922
scrubby	2.3829
scrubland	1.7867
scrubs	1.9300
scruff	2.1133
scruffy	2.0686
scruggs	2.0829
scruple	2.0043
scrupled	2.3913
scruples	1.9163
scrupling	1.9144
scrutator	1.9589
scud	1.6700
scudding	1.8913
scuds	1.5960
scuff	2.0160
scuffed	2.4043
scuffing	1.8663
scuffle	1.8614
scuffled	2.2662
scuffles	1.7913
scuffling	1.8033
scullery	2.1162
sculling	2.0412
scullion	2.1850
scullions	2.0867
sculls	2.1300
sculp	2.1760
sculpins	1.9663
sculpted	2.4287
sculptor	2.0163
sculptors	1.9367
sculpture	1.9256
scupper	2.4329
scuppers	2.2913
scurf	2.4160
scurfy	2.3133
scurried	2.4350
scurries	1.9600
scurrile	2.0600
scurry	2.1467
scurrying	2.0256
scurvily	2.4912
scuse	1.8660
scut	1.8450
scutari	1.8471
scutcheon	1.8067
scutter	2.1900
scuttle	2.0900
scuttled	2.4663
scuttles	1.9913
scuttling	1.9811
scylla	2.2300
scythe	1.7717
scythed	2.2471
scythes	1.7043
scythia	1.8614
scythian	1.8538
seabass	2.2071
seabird	1.7857
seabirds	1.7250
seaboard	1.9000
seaborne	1.8938
seachange	1.7533
seacoast	2.0100
seadog	1.7000
seadogs	1.6429
seafarer	1.8000
seafarers	1.7444
seafaring	1.7333
seafire	1.6643
seafood	2.0500
seagull	2.0786
seagulls	1.9813
seahorse	1.8313
seahorses	1.7722
seal	1.6625
sealed	2.2333
sealer	1.7167
sealevel	1.7813
sealife	1.5643
sealine	1.6929
sealing	1.6429
seals	1.5900
sealskin	2.0750
seam	1.7875
seaman	1.7583
seamark	1.7357
seamed	2.3167
seamen	1.7667
seamless	2.0000
seams	1.6900
sean	1.7875
seaport	2.2143
seaports	2.1000
seaquakes	2.1000
sear	1.9125
search	1.8383
searched	2.2225
searcher	1.8350
searchers	1.7756
searches	1.7475
searching	1.8533
seared	2.4000
seargeant	2.2000
searing	1.7857
sears	1.7900
seas	1.7875
seascape	1.9475
seascapes	1.8756
seashell	1.9000
seashells	1.8333
seashore	1.7937
seasick	1.6971
seaside	2.2214
season	1.8333
seasonal	1.7375
seasoned	2.2188
seasoning	1.8833
seasons	1.7571
seat	1.9875
seatbelts	2.4111
seated	2.4500
seating	1.8286
seatless	2.0000
seatmate	1.9500
seaton	1.9667
seats	1.8500
seaview	1.8857
seawall	2.1143
seaward	1.8714
seawater	1.9938
seaway	1.9167
seawind	1.8214
seba	2.1375
sebald	1.8250
sebastian	2.0000
secluding	2.2200
seclusion	2.3700
secondary	2.4311
seconding	2.3367
secondly	2.4100
seconds	2.4971
secularly	2.4256
securely	2.3725
secures	2.4543
securing	2.3850
security	2.4350
sedan	2.4500
sedans	2.2583
sedate	2.4500
sedately	2.2250
sedative	2.2812
sedge	2.4600
sedges	2.2667
sedgwick	2.1663
sedgy	2.4900
sediment	2.2063
sediments	2.1056
sedition	2.2875
seditious	2.1333
seducing	2.1475
seduction	2.3589
seductive	2.2700
seeable	2.1929
seedling	2.3937
seedpods	2.4688
seedsman	2.4375
seein	2.2900
seeing	2.1250
seeings	2.0071
seek	2.2500
seeker	2.1083
seekers	1.9929
seeks	2.0600
seel	2.3000
seelbach	2.1225
seeley	2.1083
seeling	2.0071
seely	2.2000
seem	2.4250
seemeth	2.1357
seeming	2.2357
seemingly	2.0833
seemly	2.2667
seems	2.2000
seen	2.4250
seene	2.2700
seepage	2.1929
seeping	2.1643
seeps	2.3200
seer	2.4750
seeress	2.3786
seers	2.2400
sees	2.3000
seesaw	2.2583
seest	2.3600
seeth	2.3000
seethe	2.1917
seethes	2.0643
seething	2.1437
seff	2.2625
segal	1.7500
segment	1.8429
segmental	1.7556
segmented	2.1833
segments	1.7750
segovia	1.8357
segregate	2.3278
segue	1.8000
segued	2.3500
segur	1.7700
segura	1.7417
seige	1.6700
seigner	1.7357
seigneur	1.6438
seigneurs	1.6056
seignior	1.9000
seigniors	1.8333
seigniory	1.8889
seignory	1.8562
sein	1.8250
seine	1.7900
seined	2.3417
seines	1.7083
seining	1.8929
seis	1.6750
seismic	1.8900
seith	1.7000
seitz	2.0360
seiz	2.0700
seize	2.2060
seizes	2.0550
seizing	1.8757
seizings	1.8038
seizure	1.8471
seizures	1.7788
selby	1.7900
seldes	2.1833
seldom	1.6667
selecting	2.4367
selective	2.4756
selectman	2.4756
selectmen	2.4811
selena	1.6833
selene	1.6917
selenite	1.8375
seleucus	1.6225
self	1.5125
selfe	1.5400
selfhelp	1.6875
selfhood	1.9562
selfish	1.4714
selfishly	1.5444
selfless	1.7625
selfsame	1.5500
selim	1.7200
selina	1.7000
selkirk	2.0571
sell	2.2125
selle	2.1000
seller	2.0833
sellers	1.9714
sellin	2.0667
selling	1.9571
sells	2.0300
selma	1.6900
selman	1.7083
seltzer	2.0829
selvage	1.7000
selvages	1.6500
selvedge	2.1437
selvedges	2.0500
selves	1.6500
semantic	1.7975
semantics	1.7422
semaphore	1.8611
semblable	1.8222
semblance	2.3867
semele	1.6917
semen	1.8000
semester	1.8438
semesters	1.7833
semi	2.0750
seminal	1.8714
seminar	2.0143
seminars	1.9250
seminary	1.9875
seminis	2.0357
seminoles	2.3889
semiramis	1.9167
semis	1.9200
semite	1.9583
semitic	1.9614
semitism	1.8563
semper	2.1167
semple	2.0000
senan	1.7900
senate	1.9000
senator	1.8857
senators	1.8125
send	1.6625
senda	1.6500
sender	2.3833
senders	2.2286
sendeth	2.2714
sendin	1.7000
sending	1.6429
sendoff	1.8714
sends	1.5900
senegal	1.7429
seneschal	1.7200
senet	1.9000
senile	2.0083
senility	1.9563
senior	2.0417
seniority	1.9444
seniors	1.9357
senlac	2.0050
senna	2.2900
sennet	2.3000
senor	2.0200
senora	1.9500
senoras	1.9286
senores	1.8643
senorita	1.8938
senoritas	1.8833
sens	1.7125
sensation	1.8944
sense	1.8600
sensed	2.4000
senseless	1.9278
senses	1.7667
sensible	1.6938
sensibly	1.7125
sensical	1.6725
sensing	1.6714
sensitive	1.7222
sensorium	2.3056
sensory	1.7286
sensual	1.6071
sensually	1.8722
sensuous	1.7000
sent	1.8375
sente	1.8000
sentence	2.4912
sentences	2.3589
sentience	2.3978
sentient	1.7813
sentiment	1.7944
sentinel	1.7313
sentinels	1.6833
sentries	1.9938
sentry	2.1917
sepa	1.9375
separable	1.9444
separata	1.9812
separate	1.9875
separated	2.3333
separates	1.9111
separator	1.9667
sephardic	1.7867
sephiroth	1.8278
sephora	1.9000
sepia	1.8800
sepoy	1.9800
sepoys	1.8667
sepsis	1.7333
sept	1.9875
september	1.9167
septic	1.9300
septimius	1.8944
septimus	2.4750
sepulcher	1.8533
sepulchre	1.7978
sepulture	1.8000
sequel	1.7667
sequels	1.7000
sequences	2.3922
sequent	1.8429
sequester	1.8722
sequin	1.9500
sequined	2.3063
sequins	1.8571
sequitur	1.8250
sequoia	1.9071
sera	1.8375
serafim	1.7714
serafin	1.7714
seraglio	1.8188
seraglios	1.7611
serai	1.8000
serait	1.8000
serang	1.7417
serape	1.9000
serapes	1.8143
seraph	1.8417
seraphic	1.9350
seraphim	1.9250
seraphs	1.7643
serapion	1.9688
serapis	1.8143
sere	1.8500
serena	1.8000
serenade	2.2563
serenades	2.1500
serene	1.8083
serenely	1.7438
serenest	1.8438
serenity	1.9438
sereno	2.0417
serfage	2.2571
serfdom	2.2429
serfs	2.4100
sergeant	2.2375
sergeants	2.1333
sergei	2.3917
sergey	2.4167
serial	1.7167
serialize	1.9533
serially	1.9875
series	1.7250
serin	1.8600
serio	1.9700
serious	1.8071
seriously	1.7500
serius	1.7000
serjeant	1.7000
sermon	2.0833
sermonize	2.3200
sermons	1.9714
seroquel	1.8188
serov	1.9000
serp	2.0375
serpent	1.9143
serpents	1.8375
serpigo	1.8643
serr	2.4375
serranos	2.1875
serrate	2.2286
serre	2.2800
servants	2.4438
servetus	2.4875
servilely	2.3944
servility	2.4500
servilius	2.3611
servings	2.4000
servitor	2.4937
servitors	2.3611
servius	2.5000
sesame	1.6833
sesostris	1.9833
sessa	2.0900
session	2.1214
sessions	2.0187
sestos	1.8167
seth	1.8375
seton	1.9800
sets	1.8375
settees	2.4929
setter	2.3333
setters	2.1857
settin	2.3167
setting	2.1714
settings	2.0625
settle	2.2167
settler	2.1857
settlers	2.0750
settles	2.0857
settling	2.0625
settlings	1.9778
setts	2.3300
setup	2.0900
seul	1.8375
seulement	1.7833
seurat	1.8250
seva	2.0625
seve	2.1000
seven	2.0400
sevenfold	2.1722
sevens	1.9167
seventeen	2.1778
seventh	1.9000
sevenths	1.8250
seventies	1.8444
seventy	1.9714
sever	2.0800
several	1.9000
severally	2.1000
severals	1.8250
severe	2.0083
severed	2.4500
severely	1.8938
severer	2.0071
severest	1.9938
severing	1.9063
severity	1.9563
severn	2.0333
severs	1.9500
severus	1.8857
sevier	1.9917
seville	2.2643
sewage	1.7917
sewanee	2.1286
seward	1.7833
sewell	2.1583
sewer	1.9700
sewerage	1.8625
sewers	1.8583
sewickley	1.7422
sewing	1.7583
sewn	1.8750
sexes	2.0480
sexiest	1.9129
sexless	2.0343
sextant	2.0414
sextants	1.9488
sextet	2.1733
sexton	2.1567
sextons	2.0343
sextuple	2.0550
sextus	1.9817
sexual	1.7650
sexuality	1.7600
sexually	2.0238
sexus	1.7980
sexy	1.9975
seychelle	1.9144
seyton	1.8667
sforzando	2.1867
shaa	2.0750
shabbat	2.2714
shabbier	2.1250
shabbiest	2.1000
shabbily	2.1562
shabby	2.2500
shack	1.6160
shacked	2.1186
shackle	1.6471
shackled	2.0787
shackles	1.6038
shacks	1.5633
shad	1.4500
shaddad	1.8000
shade	2.2900
shadeless	2.1667
shades	2.1250
shadier	1.5857
shadiest	1.6250
shadiness	1.7889
shading	1.5214
shadings	1.4938
shadow	1.6167
shadowed	2.1188
shadowing	1.6167
shadows	2.1429
shadowy	1.6429
shadrach	1.7225
shadwell	1.8750
shady	1.5200
shafer	1.5583
shaffner	1.8313
shaft	2.3000
shafto	2.2417
shafton	2.1929
shafts	2.1333
shag	1.5000
shagged	2.3643
shaggy	1.9333
shagreen	2.3875
shah	1.3750
shak	1.3250
shake	1.3900
shaked	2.0083
shakedown	1.9722
shaken	1.4583
shaker	1.4917
shakers	1.4643
shakes	1.3750
shakily	2.1214
shakin	2.1417
shakiness	2.1778
shaking	2.0214
shakings	1.9313
shako	1.6100
shakos	1.5583
shakspere	1.5889
shakti	1.4583
shaky	1.4200
shal	1.3750
shalal	1.4000
shale	1.4300
shales	1.4083
shaley	1.4917
shall	1.8600
shallow	2.4571
shallower	2.3722
shallowly	2.2556
shally	1.8500
shallying	1.8278
shalom	2.2250
shalt	1.4600
shaly	1.4600
sham	1.5000
shaman	1.5667
shamanic	1.7663
shamanism	1.6944
shamans	1.5286
shamble	1.5786
shambled	2.0187
shambles	1.5438
shambling	1.5833
shame	1.5300
shamed	2.1250
shameful	1.6313
shameless	1.7444
shames	1.4917
shaming	1.7071
shamming	2.0312
shampoo	2.2714
shamrock	1.5662
shams	1.4600
shan	1.5000
shandy	1.4833
shane	1.5300
shanghai	1.4812
shanghais	1.4611
shank	1.5800
shanked	2.0929
shanks	1.5333
shann	2.0600
shannon	2.1786
shant	1.5600
shanter	1.6357
shanties	1.5500
shantung	2.2375
shanty	1.6000
shap	1.6500
shape	1.6500
shaped	2.2250
shapeless	1.8111
shapely	1.6214
shapen	1.6750
shapers	1.6500
shapes	1.5917
shaping	1.6357
shapiro	1.6714
shapland	1.5500
shar	1.6250
shard	1.5200
shards	1.4833
share	1.6300
shared	2.2083
sharer	1.6917
sharers	1.6357
shares	1.5750
sharing	1.6214
shark	1.5200
sharked	2.0500
sharks	1.4833
sharon	1.7250
sharons	1.6643
sharp	1.7800
sharpe	1.7583
sharpen	1.7643
sharpened	2.1222
sharpener	1.7778
sharpens	1.7063
sharper	1.7929
sharpers	1.7313
sharpest	1.8063
sharping	1.7188
sharply	1.7143
sharpness	1.9500
sharps	1.7000
shat	1.7000
shatter	2.1071
shattered	2.3889
shatters	2.0063
shave	1.7100
shaved	2.2750
shaven	1.7250
shaver	1.7583
shaves	1.6417
shavin	1.7250
shaving	1.6643
shavings	1.6188
shaw	1.7375
shawano	1.9143
shawl	1.6500
shawled	2.1429
shawls	1.5917
shawm	1.7500
shawnee	2.0786
shay	1.5000
shayne	2.4917
shchedrin	2.0533
shea	1.4625
sheaf	1.4700
shear	1.6300
sheared	2.1286
shearer	1.6857
shearers	1.6375
sheares	1.5857
shearing	1.6250
shearling	1.5889
shearman	1.6688
shearn	1.6583
shears	1.5750
sheath	1.6250
sheathe	1.6286
sheathed	2.0625
sheathes	1.5875
sheathing	1.7111
sheaths	1.5786
sheaved	2.1857
sheaves	1.6429
sheba	1.8100
shebang	1.7357
shebeen	2.1643
shechem	2.3543
shed	2.3375
shedding	2.2250
sheds	2.1300
shee	2.1000
sheeit	1.9750
sheen	2.0400
sheep	2.1600
sheepcote	2.0200
sheepfold	2.2389
sheepish	1.8813
sheepman	2.0125
sheeps	2.0167
sheepskin	2.3056
sheer	2.0800
sheered	2.4500
sheerest	1.9938
sheering	1.9063
sheerness	2.1056
sheet	2.1400
sheeted	2.4929
sheeting	1.9438
sheets	2.0000
sheffield	1.6944
sheik	2.2000
sheiks	2.0500
sheila	1.6000
shekel	1.3833
shekels	1.3714
shekinah	1.9750
shel	1.3875
shelby	1.5750
shelbys	1.5357
sheldon	1.5000
shelf	1.3100
shelflife	1.3500
shell	1.8700
shellback	1.8811
shelled	2.3000
sheller	1.8571
shelley	1.8286
shellfish	1.6222
shelling	1.7750
shells	1.7750
shelly	1.8583
shelter	1.5714
sheltered	1.9722
shelters	1.5375
shelton	1.6000
shelve	1.5167
shelved	2.0286
shelves	1.4857
shelving	1.5250
shem	1.5125
shema	1.5300
shenstone	1.7167
sheol	2.3000
shep	1.6625
shepard	1.6643
shepheard	1.6222
shepherd	1.5875
shepherds	1.5556
shepley	1.6286
sheppard	2.0688
sheppards	1.9833
sherard	1.6071
sheraton	1.7875
sherburn	2.3312
sheridan	1.5500
sheriff	1.7714
sheriffs	1.7125
sherlock	2.0725
sherman	1.6357
sherries	1.8563
sherry	2.0083
sherwood	1.9625
shes	1.3875
shet	1.6375
shetland	1.5437
shetlands	1.5167
shew	1.5500
shewed	2.2417
sheweth	1.7071
shewing	1.5786
shewn	1.6000
shied	2.3600
shiek	1.5600
shield	1.5167
shielded	2.4813
shielding	1.5500
shields	1.4857
shieling	1.6063
shiels	1.5500
shies	1.6000
shift	2.3700
shifter	2.2143
shifting	2.0875
shiftings	2.0000
shiftless	2.2111
shifts	2.1917
shifty	2.2750
shill	2.1900
shilling	1.9750
shillings	1.9000
shills	2.0417
shilly	2.1250
shiloh	2.4000
shim	1.7375
shimmer	2.1286
shimmered	2.4056
shimmers	2.0250
shimmery	2.0875
shin	1.7375
shinar	1.8083
shinbone	1.8188
shinbones	1.7611
shindies	1.5813
shindy	1.6417
shine	1.7200
shined	2.2833
shiners	1.7000
shines	1.6500
shineth	1.7429
shiney	1.7333
shingle	1.6000
shingled	2.0375
shingles	1.5625
shingly	1.6214
shiniest	1.9062
shinin	1.9333
shininess	2.0389
shining	1.8429
shinning	2.1500
shins	1.6500
ship	1.9875
shipboard	1.8889
shipload	2.3000
shipman	1.8929
shipmate	1.9625
shipmates	1.8889
shipment	1.8875
shipments	1.8222
shipowner	1.9222
shipper	2.3571
shippers	2.2250
shipping	2.2125
shippy	2.4417
ships	1.8500
shipshape	1.8000
shipton	1.9429
shipworm	1.8938
shipwreck	2.4589
shipyard	1.8438
shipyards	1.7833
shir	1.6375
shira	1.6300
shire	1.6400
shires	1.5833
shirin	1.6833
shirk	1.5300
shirked	2.0571
shirking	2.0625
shirks	1.4917
shirl	1.5700
shirley	1.6143
shirr	2.1100
shirred	2.4714
shirring	1.9250
shirt	2.1700
shirtless	2.1000
shirts	2.0250
shirttail	2.2778
shis	1.5875
shishkin	2.1000
shit	1.7125
shitass	2.0071
shitbird	2.3375
shitcan	1.7614
shite	1.7000
shithole	2.2313
shithouse	1.7944
shits	1.6300
shittin	2.1000
shitting	2.0000
shitty	2.1583
shiv	1.7125
shiva	1.6900
shivaree	2.0688
shive	1.7200
shiver	1.7667
shivered	2.1688
shiverer	1.7812
shivering	1.7167
shivers	1.7000
shivery	1.7714
shiz	1.9825
shoal	1.6500
shoaled	2.1429
shoaling	1.6375
shoals	1.5917
shoat	1.9100
shoats	1.8083
shock	1.6860
shocked	2.1686
shocking	2.1600
shocks	1.6217
shockwave	1.8144
shod	1.6125
shoddy	1.9750
shoe	1.7500
shoeblack	1.8867
shoebox	2.0700
shoed	2.4200
shoehorn	1.7937
shoeing	1.6929
shoelace	2.4787
shoelaces	2.3478
shoeless	1.8813
shoemaker	1.6833
shoes	1.6600
shoetrees	2.2667
shog	1.6625
shoggoth	1.9375
shone	1.7800
shoo	2.4500
shooing	2.0929
shook	2.1800
shoon	2.3400
shoot	2.3200
shooter	2.1786
shooters	2.0688
shootin	2.1643
shooting	2.0563
shootings	1.9722
shootout	2.1063
shoots	2.1500
shop	2.0625
shopgirl	1.7500
shopgirls	1.7000
shopman	1.9357
shoppe	2.4667
shopper	2.4000
shoppers	2.2625
shoppin	2.3857
shopping	2.2500
shops	1.9100
shoptalk	1.7563
shopworn	1.9312
shore	1.7000
shored	2.2667
shoreland	1.5889
shoreless	1.8389
shoreline	1.6667
shores	1.6333
shoreward	1.7167
shoring	1.6714
shorn	1.7300
short	2.2300
shortage	2.0250
shortages	1.9444
shortall	2.2313
shortcake	1.9533
shortcut	2.0663
shortcuts	1.9811
shorten	2.0857
shortened	2.3722
shortens	1.9875
shorter	2.1143
shortest	2.0875
shorthand	1.8833
shortish	1.9250
shortly	2.0357
shortness	2.1889
shorts	2.0750
shortstop	2.2111
shorty	2.1583
shot	1.7875
shotglass	2.3278
shotover	1.8313
shots	1.6900
shotshell	1.8333
shotten	2.1286
shotwell	2.0438
should	1.6750
shoulder	2.2125
shoulders	2.1111
shouldn	1.6929
shouldnt	1.7063
shouldst	1.7438
shouldve	1.8000
shout	1.7300
shouted	2.2000
shouting	1.6875
shouts	1.6583
shove	1.7800
shoved	2.3333
shovel	1.7000
shoveled	2.1188
shovelful	1.6444
shoveling	1.6722
shovelled	2.3056
shovels	1.6429
shoves	1.7000
shoving	1.7143
show	1.8250
showcase	2.0288
showed	2.4250
shower	1.9083
showered	2.2750
showering	1.8111
showers	1.8214
showery	1.8929
showest	1.9071
showeth	1.8643
showiest	1.8125
showily	1.8357
showin	1.8083
showing	1.7357
showman	1.7857
showmen	1.7929
shown	1.8200
showroom	2.2000
showy	1.8200
shrank	1.5667
shrapnel	1.6188
shred	2.1700
shredding	2.1444
shreds	2.0250
shrew	1.5400
shrewd	1.6000
shrewder	2.1562
shrewdest	2.1278
shrewdly	1.5875
shrewish	1.4938
shrews	2.1667
shri	1.4375
shriek	1.4167
shrieked	1.9062
shrieking	1.9278
shrieks	1.4000
shrieve	1.7214
shrift	2.0917
shrike	2.0833
shrikes	1.9714
shrill	1.9417
shrilled	2.3000
shriller	1.9125
shrillest	1.9111
shrilling	1.8333
shrills	1.8500
shrilly	1.9214
shrimp	1.8583
shrimpers	1.7889
shrimps	1.7786
shrimpton	1.8667
shrine	1.5500
shrines	1.5143
shrink	1.5917
shrinkage	1.6222
shrinked	2.0375
shrinking	2.0444
shrinks	1.5500
shrinky	1.6214
shrive	1.5500
shrivel	1.5143
shriveled	1.9278
shrivels	1.4875
shriven	1.5857
shriver	1.6143
shrives	1.5143
shriving	1.5500
shroud	1.4417
shrouded	2.4250
shrouding	1.5000
shrouds	1.4214
shrove	1.6000
shrub	1.5400
shrubbery	1.9833
shrubs	1.5000
shrug	1.3800
shrugged	2.1812
shrugging	1.7278
shrugs	1.3667
shrunk	2.4667
shrunken	2.2812
shuck	2.2360
shucks	2.0800
shud	2.3000
shuf	2.2750
shuffle	2.2214
shuffles	2.1063
shuffling	2.0833
shuld	2.2600
shush	2.1400
shushed	2.4929
shust	2.4000
shut	2.4750
shute	2.3100
shuts	2.2400
shutters	2.3937
shutting	2.3813
shuttle	2.4500
shuttles	2.3063
shuttling	2.2611
shutup	2.3833
shyer	2.4100
shyest	2.3250
shying	2.2917
shyly	2.4600
shyster	2.2786
siam	1.5875
siamese	1.6786
sibbald	1.9500
sibby	2.2900
siberia	1.7214
siberian	1.7313
sibilant	1.7500
sibling	1.6000
siblings	1.5625
sibly	1.6300
sibyl	1.7900
sibylla	2.0500
sibylline	1.9944
sibyls	1.7083
sicard	1.6550
sich	1.5575
sicher	1.6467
sicilia	1.7043
sicilian	1.7163
sicilians	1.6700
sicilies	1.6600
sicily	1.7467
sick	1.5075
sickbed	2.1400
sicked	2.1300
sicken	1.5800
sickened	2.0288
sickening	1.7144
sickens	1.5400
sicker	1.6133
sickest	1.6543
sickish	2.0400
sickle	1.5800
sickles	1.5400
sicklied	2.0287
sickliest	1.6700
sickly	1.6050
sickness	1.8225
sickroom	1.9787
sicky	1.5660
sicut	1.6460
sicyon	1.8467
siddons	1.8286
siddy	1.8900
side	2.4250
sidearm	2.2000
sidearms	2.0875
sideboard	2.2056
sideburns	2.1111
sidehill	2.4188
sidekick	2.4413
sidelight	1.8944
sideline	2.0250
sidelined	2.3667
sidereal	2.0312
sides	2.2000
sideshow	2.1250
sidestep	2.2063
sidesteps	2.1056
sidetrack	2.3867
sidewalk	1.9563
sidewalks	1.8833
sidewall	2.2938
sidewalls	2.1833
sideway	2.1500
sideways	2.0438
sidewise	2.1313
siding	1.4833
sidings	1.4571
sidle	1.4000
sidled	2.0167
sidles	1.3833
sidling	1.4571
sidney	1.5500
sidon	1.5800
sidonia	1.7500
sidonian	1.7563
sieben	1.8917
siege	1.6700
sieges	1.6083
sieging	1.6500
siempre	1.8643
siena	1.6000
sienna	2.0500
siento	1.6917
sierra	2.0333
sierras	2.0000
siesta	1.6833
siestas	1.7000
siete	1.7100
sieu	1.5250
sieur	1.5200
sieve	1.8500
sieved	2.3917
sievers	1.7929
sieves	1.7583
sift	2.4375
sifter	2.2333
sifting	2.0857
sifts	2.2100
sigerson	1.6313
sigg	2.0125
sigh	1.3875
sighed	2.0500
sigher	1.5333
sighing	1.6000
sighs	1.3700
sight	1.4700
sighted	2.0143
sighting	1.5250
sightings	1.5000
sightless	1.7111
sightly	1.4929
sights	1.4417
sigismond	1.6722
sigla	1.4300
sigma	1.5300
sign	1.5125
signal	1.4917
signaled	1.9625
signaling	1.5333
signalize	1.8033
signalled	2.1667
signally	1.8188
signals	1.4643
signature	1.6556
signboard	1.6778
signed	2.1333
signers	1.5714
signet	1.6667
signified	2.0222
signifies	1.6000
signify	1.6571
signifyin	1.7389
signing	1.7143
signior	1.8214
signor	1.7667
signora	1.7429
signore	1.7500
signori	1.7500
signories	1.6889
signorina	1.7500
signorine	1.7556
signorino	1.9111
signpost	1.9250
signposts	1.8556
signs	1.4700
sigue	1.4800
sigurd	1.3917
sikh	2.3375
silas	1.6900
sile	1.6750
silencer	2.4537
silences	2.3662
silencing	1.7033
silent	1.7167
silentium	2.3056
silently	1.6750
silenus	2.4000
silesia	1.6071
silica	1.7133
siliceous	2.2867
silicon	1.7900
silicone	1.7725
silius	1.5833
silk	1.5375
silke	1.5600
silken	1.6000
silkily	2.2429
silkiness	2.2722
silks	1.4900
silkworm	1.6688
silkworms	1.6278
silky	1.5900
sill	2.2125
silla	2.0900
sillabub	2.1187
sillas	2.0417
siller	2.0833
sillier	2.0214
silliest	2.0063
silliman	1.9750
silliness	2.1278
sills	2.0300
silly	2.1300
siloam	2.4000
silone	2.4250
silos	2.4600
silt	1.7125
silted	2.2667
silty	1.7300
silurian	1.6375
silurians	1.6000
silva	1.6900
silvas	1.7083
silver	1.7667
silvered	2.1688
silvering	1.7167
silvers	1.7000
silvery	1.7714
silvester	1.7944
silvia	1.6833
silvina	1.7143
silvio	1.8250
silvius	1.6143
simak	1.5100
simbirsk	1.5625
sime	1.6250
simeon	1.7250
simian	1.8333
simians	1.7571
similar	1.9429
similarly	1.8556
simile	1.8917
similes	1.8071
simmer	2.1333
simmered	2.4437
simmering	1.9611
simmons	2.2000
simms	2.0900
simnel	2.0167
simon	1.9600
simonds	1.7429
simone	1.9083
simonetti	2.1889
simoniac	2.1162
simonides	2.2889
simons	1.8500
simonson	1.8688
simoom	2.3750
simp	2.0875
simper	2.0000
simpered	2.3438
simpering	1.8722
simpers	1.9000
simple	1.8833
simpler	1.9000
simples	1.8000
simplest	1.9000
simpleton	1.9389
simplify	1.7625
simplon	2.5000
simply	1.9083
simpson	1.9286
simpsons	1.8500
sims	1.5375
simulate	2.4750
simulates	2.3444
simulator	2.4000
sinai	1.6200
sinaloa	2.1857
sinapisms	1.6556
sinatra	2.0929
sinbad	1.6917
sincerely	2.3033
sincerest	2.3922
sincerity	2.3589
sinclair	1.6100
sind	1.4875
sindbad	1.7214
sine	1.6250
sinecure	2.3288
sinecures	2.2144
sinew	1.6900
sinewave	1.8000
sinewed	2.2429
sinews	2.2917
sinewy	1.7083
sinful	1.5750
sinfully	1.8813
sing	1.5375
singapore	1.6944
singe	1.5600
singed	2.1500
singeing	1.5813
singer	1.6333
singers	1.5857
singh	1.4900
singin	1.6167
singing	1.5714
singings	1.5375
single	1.5167
singled	2.0286
singles	1.4857
singlet	1.6286
singleton	1.6944
singlets	1.5875
singling	1.5375
singly	1.5417
sings	1.4900
singsong	1.5750
singular	1.7062
sinister	1.8938
sinistral	2.0444
sink	1.6875
sinker	1.7333
sinkhole	2.2188
sinkholes	2.1167
sinkin	2.3833
sinking	2.2286
sinkings	2.1125
sinks	1.6100
sinless	1.9571
sinn	2.2875
sinner	2.1333
sinners	2.0143
sinneth	2.0571
sinning	2.1571
sino	1.9750
sinon	1.9600
sinope	2.0750
sins	1.5375
sint	1.6625
sinuosity	2.3167
sinuous	2.4429
sinuously	2.2444
sinuses	2.4143
sion	1.8250
sioux	1.8480
sipe	1.8750
sipes	1.7600
siphon	1.9667
siphoned	2.3188
siphoning	1.9722
siphons	1.8714
sippers	2.2429
sipping	2.2286
sips	1.7875
sirach	1.6883
sirdars	1.5357
sire	1.5250
sired	2.2400
siren	1.5800
sirena	1.5833
sirens	1.5333
sires	1.4800
siri	1.5250
sirin	1.6000
sirius	1.4833
sirloin	2.1786
sirloins	2.0688
sirocco	2.1157
sirr	2.1125
sirrah	1.8917
sirree	2.3750
sirs	1.4375
sisera	1.7167
sissie	1.8917
sissy	1.9700
sist	1.7125
sister	1.7500
sisterly	1.7000
sisters	1.6857
sistina	1.7143
sistine	1.7214
sisyphus	2.1313
site	1.6000
sited	2.3000
sites	1.5400
sith	1.5125
siting	1.6000
sits	1.5125
sitt	2.2625
sitter	2.1167
sitters	2.0000
sitteth	2.0429
sittin	2.1000
sitting	1.9857
sittings	1.9000
situ	1.5625
situa	1.5700
situate	1.7286
situated	2.1500
situation	1.8278
sitwell	1.9929
sitz	1.9325
siva	1.5875
siward	1.6500
siwash	1.6000
sixes	1.8680
sixfold	2.2057
sixpack	1.8814
sixpences	2.3967
sixteen	2.2557
sixteens	2.1363
sixteenth	2.0989
sixth	1.8980
sixthly	1.8700
sixths	1.7983
sixties	1.8271
sixtus	1.8317
sixty	1.9980
sixtyfive	1.7989
sizable	2.4686
size	2.1450
sizeable	2.0038
sizemore	2.0725
sizes	1.9760
sizing	1.7800
sizzle	2.3600
sizzling	2.1700
sjambok	1.5500
skai	1.4125
skank	1.5400
skat	1.6500
skate	1.6500
skated	2.2250
skater	1.7083
skaters	1.6500
skates	1.5917
skating	1.6357
skedaddle	2.1000
skeet	2.1000
skein	1.5200
skeins	1.4833
skeletal	1.5250
skeleton	1.6438
skeletons	1.6056
skelp	1.7100
skelter	1.5429
skeptic	1.6971
skeptical	1.6422
skeptics	1.6475
skerries	1.8313
sketch	1.6217
sketched	2.0600
sketcher	1.6725
sketchers	1.6311
sketches	1.5850
sketching	1.7089
sketchy	2.2186
skew	1.5000
skewed	2.2083
skewer	1.6917
skewered	2.1125
skewers	1.6357
skewing	1.5500
skid	2.2875
skidding	2.2000
skidmarks	1.9167
skids	2.0900
skier	2.3400
skiers	2.1667
skies	2.2000
skiffle	2.2143
skiffs	2.3083
skilful	2.1071
skilfully	2.2611
skillets	2.4000
skillful	2.3188
skim	2.4875
skimmers	2.4000
skims	2.2500
skin	2.4875
skinfolds	2.2889
skinfood	2.3062
skinful	2.0786
skinners	2.4000
skins	2.2500
skint	2.3500
skintight	1.9778
skips	2.4500
skirling	1.9625
skirmish	2.0875
skirting	2.3375
skis	2.3375
skit	2.4625
skittish	2.3000
skittle	2.4429
skittles	2.3000
skivvies	2.3438
skov	1.7375
skulk	1.4200
skulked	1.9786
skulker	1.5357
skulkers	1.5063
skulking	1.9938
skulks	1.4000
skull	1.9600
skullcap	1.9725
skullcaps	1.8978
skulled	2.3643
skulls	1.8500
skunks	2.4000
skvortsov	1.8889
skyblue	1.5357
skye	1.4625
skyey	1.5300
skyhigh	2.0786
skylark	1.6143
skylight	1.5438
skylights	1.5167
skyline	1.6429
skyrocket	1.6311
skyros	1.4917
skys	1.3750
skysail	1.5500
skyward	1.5929
skywards	1.5563
slab	1.7750
slabs	1.6800
slack	1.6160
slacked	2.1186
slacken	1.6471
slackened	2.0311
slackens	1.6038
slacker	1.6757
slacking	2.1162
slackly	1.6686
slackness	1.8478
slacks	1.5633
slade	2.2900
slag	1.5000
slaggy	1.9333
slagheap	1.6187
slagheaps	1.5833
slags	1.4600
slain	1.5500
slainte	1.6000
slake	1.3900
slaked	2.0083
slaking	2.0214
slaloming	2.1444
slam	1.5000
slammed	2.4357
slammer	1.9929
slamming	2.0312
slams	1.4600
slan	1.5000
slander	2.1071
slandered	2.3889
slanderer	2.0444
slanders	2.0063
slang	1.4600
slangier	1.5750
slangy	1.5167
slank	1.5800
slant	1.5600
slanted	2.0786
slanting	1.5813
slants	1.5167
slantwise	1.6833
slap	1.6500
slapdash	1.5500
slappin	2.1500
slapping	2.0438
slaps	1.5800
slapstick	1.6922
slash	1.4600
slashed	2.0071
slashes	1.4643
slashing	1.6188
slashings	1.5833
slat	1.7000
slate	1.6900
slated	2.2583
slater	1.7417
slates	1.6250
slathered	2.0556
slathers	1.6313
slats	1.6200
slattern	2.0688
slatterns	1.9833
slattery	2.0688
slaty	1.7200
slaught	1.4429
slaughter	1.5278
slav	1.7000
slava	1.6800
slave	1.7100
slaved	2.2750
slaver	1.7583
slavered	2.1625
slavering	1.7111
slavers	1.6929
slavery	1.7643
slaves	1.6417
slavey	1.7250
slaveys	1.6643
slavic	1.7383
slaving	1.6643
slavish	1.5786
slavs	1.6200
slay	1.5000
slayer	1.6083
slayers	1.5643
slaying	1.6214
slays	1.4600
sleave	1.7000
sleazy	2.4217
sled	2.3375
sledding	2.2250
sledge	2.1333
sledges	2.0143
sledging	2.0000
sleds	2.1300
sleek	1.9000
sleeked	2.3214
sleeker	1.8786
sleeking	2.2938
sleekly	1.8714
sleekness	2.0056
sleeman	1.9429
sleep	2.1600
sleeper	2.0643
sleepers	1.9688
sleepest	2.0438
sleepiest	2.0000
sleepily	2.0438
sleepin	2.0500
sleeping	1.9563
sleepless	2.0944
sleeps	2.0167
sleepy	2.1000
sleet	2.1400
sleeting	1.9438
sleety	2.0833
sleeve	2.1750
sleeves	2.0500
sleigh	1.4167
sleighing	1.5722
sleighs	1.4000
sleight	1.4714
sleights	1.4500
slender	2.1143
slenderer	2.0500
slenderly	1.9889
slep	1.6625
slept	1.6900
sleuth	1.4750
sleuthing	1.6111
sleuths	1.4500
slew	1.5500
slewed	2.2417
slewing	1.5786
slews	2.3000
slices	2.4467
slicing	1.5829
slick	1.4660
slicked	2.0114
slicker	1.5686
slickers	1.5350
slicks	1.4383
slid	1.3375
slide	2.2000
slider	2.1667
slides	2.0500
slidin	1.4833
sliding	1.4571
slieve	1.7583
slight	1.4417
slighted	1.9250
slighter	1.5375
slightest	1.5778
slighting	1.5000
slightly	1.4688
slights	1.4214
sligo	1.5000
slily	1.6300
slim	1.5375
slime	1.5600
slimed	2.1500
slimiest	1.8063
sliminess	1.9500
slimly	1.6750
slimmer	2.0143
slimmest	2.0000
slimming	2.0500
slimness	2.1500
sling	1.4900
slinger	1.5857
slingers	1.5500
slinging	1.5375
slings	1.4583
slingshot	1.6222
slink	1.6100
slinked	2.1143
slinking	2.1125
slinks	1.5583
slip	1.7875
slipnoose	2.2556
slipp	2.4100
slipper	2.2429
slippered	2.4944
slippers	2.1250
slippery	2.1875
slippin	2.2286
slipping	2.1125
slippy	2.3083
slips	1.6900
slipshod	1.7000
slipup	1.9250
slit	1.5125
slither	1.5714
slithered	1.9722
slithery	1.6000
slithy	2.1917
slits	1.4700
slitted	2.4429
slitting	1.9000
sliver	1.6333
slivers	1.5857
sloan	2.3900
sloane	2.2667
slog	2.4625
slogan	2.2083
slogans	2.0786
slogger	2.4714
slogging	2.3125
slopes	2.4000
sloping	2.3286
slosh	2.2300
sloshing	2.1000
slote	2.4000
sloth	2.3300
slothful	2.0312
sloths	2.1583
slots	2.3300
slouch	2.2217
slouching	2.1089
slough	2.1083
sloughed	2.4250
sloughing	2.0333
sloughs	1.9929
sloven	2.3167
slovenly	2.2250
slovo	2.4600
slowdown	2.2625
slower	2.4417
slowest	2.3643
slowin	2.3417
slowing	2.1929
slowly	2.2667
slowness	2.3813
slowpoke	2.2000
sludge	1.4417
slue	1.4375
slues	1.4100
slug	1.3500
sluggard	1.7750
sluggards	1.7222
slugged	2.2786
slugging	1.7563
sluggish	1.6813
slugs	1.3400
sluices	2.3829
sluicing	1.6350
slumber	2.4643
slumberer	2.3222
slumbers	2.3188
slumping	2.4688
slur	1.4000
slurp	1.6000
slurped	2.1071
slurred	2.3357
slurring	1.8063
slurry	1.9000
slurs	1.3800
slush	1.3400
slushy	2.0833
slusser	1.9500
slut	1.4750
sluts	1.4400
sluttish	1.8063
slyly	1.6600
smack	1.7160
smacked	2.1900
smackin	2.3043
smacking	2.1787
smacks	1.6467
small	1.9600
smallage	1.8563
smallbore	1.8889
smaller	1.9214
smallest	1.9188
smalley	1.8929
smallish	1.7563
smallness	2.0389
smallpox	2.1612
smalls	1.8500
smalltime	1.8667
smallwood	2.1389
smart	2.2600
smartass	2.3125
smarter	2.1357
smartest	2.1063
smartie	2.0857
smarting	2.0188
smartly	2.0571
smartness	2.2056
smarts	2.1000
smarty	2.1833
smash	1.5600
smashed	2.0786
smasher	1.6357
smashes	1.5357
smashing	1.6813
smatter	2.1786
smear	1.7300
smeared	2.2000
smearing	1.6875
smears	1.6583
smeary	1.7417
smell	1.9700
smelled	2.3714
smelling	1.8375
smells	1.8583
smelly	1.9417
smelt	1.5700
smelter	1.6429
smelting	1.5875
smelts	1.5250
smidgin	1.7571
smil	1.9875
smile	1.9200
smiled	2.4500
smiler	1.9333
smiles	1.8167
smiley	1.9000
smilin	1.9167
smiling	1.8286
smilingly	1.7667
smily	1.9500
smirch	1.7883
smirched	2.1850
smirches	1.7100
smirk	1.6900
smirked	2.1714
smirking	2.1625
smit	1.9125
smite	1.8600
smites	1.7667
smiteth	1.8429
smith	1.7900
smithers	1.7375
smithies	1.7938
smithland	1.6944
smiths	1.7083
smithtown	1.8278
smithy	2.4583
smiting	1.7857
smitten	2.2000
smock	1.8460
smocked	2.2829
smocks	1.7550
smog	1.8625
smok	1.8125
smoke	1.7800
smoked	2.3333
smokeless	1.8833
smoker	1.8167
smokers	1.7429
smokes	1.7000
smokier	2.3643
smokies	2.2643
smokin	2.4667
smokiness	2.3944
smoking	2.3000
smoky	1.8100
smolensk	2.1625
smooth	2.2833
smoothe	2.1929
smoother	2.1688
smoothest	2.1389
smoothing	2.1500
smoothly	2.1625
smooths	2.1429
smote	1.9200
smother	1.8429
smothered	2.1833
smothers	1.7750
smoulder	2.3125
smudge	2.4417
smudges	2.2786
smudging	2.2313
smudgy	2.4667
smugglers	2.3833
smuggling	2.3722
smugly	2.4167
smugness	2.4938
snack	1.7160
snackbar	1.8225
snacks	1.6467
snaffle	1.8071
snag	1.6250
snaggy	2.0167
snags	1.5600
snail	1.6900
snails	1.6250
snake	1.4900
snakebit	1.7625
snakebite	1.7500
snaked	2.0917
snakelike	1.9056
snakes	1.4583
snaking	2.0929
snaky	1.5200
snap	1.7750
snapper	2.2357
snappers	2.1188
snappiest	2.1333
snappily	2.1938
snapping	2.1063
snappy	2.3000
snaps	1.6800
snapshot	1.7813
snapshots	1.7278
snare	1.7300
snared	2.2917
snares	1.6583
snark	1.6200
snarked	2.1214
snarks	1.5667
snarl	1.6600
snarled	2.1500
snarling	1.6438
snarls	1.6000
snarly	1.6833
snatch	1.7800
snatched	2.1787
snatcher	1.7913
snatchers	1.7367
snatches	1.7038
snatching	1.8144
snath	1.7200
sneak	1.4900
sneaked	2.0286
sneaker	1.5857
sneakers	1.5500
sneakin	2.1429
sneaking	2.0375
sneaks	1.4583
sneaky	1.5417
sneer	2.1800
sneering	1.9688
sneers	2.0333
sneeze	2.4383
sneezes	2.2757
sneezing	2.0913
snelling	1.8375
snells	1.8583
snick	1.7860
snicker	1.7971
snickered	2.1478
snickers	1.7350
sniff	2.0700
sniffed	2.4429
sniffin	1.9857
sniffing	1.9000
sniffle	1.9000
sniffled	2.3000
sniffles	1.8250
sniffling	1.8333
sniffs	1.9417
snifter	2.3286
snigger	2.0857
sniggered	2.3722
snip	2.1875
snipe	2.0800
sniper	2.0667
snipers	1.9571
snips	2.0100
snit	1.9125
snitch	1.8383
snivel	1.7833
sniveling	1.7278
snivels	1.7143
snob	2.0625
snobbery	2.3000
snobbish	2.1375
snobs	1.9100
snood	2.3400
snooks	2.1667
snooping	2.2938
snoops	2.4667
snooty	2.3667
snoozing	2.2913
snopes	2.0000
snore	1.8600
snored	2.4000
snorer	1.8833
snorers	1.8000
snores	1.7667
snoring	1.7857
snork	1.7500
snort	2.3900
snorters	2.1125
snortin	2.2143
snorting	2.1000
snorts	2.2083
snot	1.9875
snotty	2.3417
snout	1.8900
snouted	2.3143
snouts	1.7917
snow	2.0250
snowball	2.2500
snowballs	2.1444
snowbank	2.0750
snowbanks	1.9889
snowbirds	1.8722
snowblind	1.9167
snowdon	1.9786
snowdrift	2.3056
snowdrop	2.1437
snowdrops	2.0500
snowfall	2.0750
snowfalls	1.9889
snowflake	1.7278
snowin	1.9417
snowing	1.8500
snowless	2.0188
snowline	1.8250
snowman	1.9000
snowmelt	1.8313
snowscape	2.4256
snowstorm	2.3611
snowy	1.9800
snuffers	2.4438
snuffing	2.4313
snuffling	2.3056
snuggles	2.4313
snuggling	2.3722
snugly	2.4167
snugness	2.4938
soak	1.4875
soaked	2.1167
soaker	1.6000
soakers	1.5571
soaking	2.1143
soakings	2.0125
soaks	1.4500
soap	1.8125
soapbox	1.9486
soapdish	1.5750
soaped	2.3333
soaping	1.7286
soaps	1.7100
soapstone	1.8500
soapsuds	1.5563
soapy	1.8100
soar	1.7875
soared	2.3167
soaring	1.7143
soars	1.6900
soba	1.7375
sobbing	2.1143
sobbings	2.0125
sober	1.8200
sobered	2.2643
soberer	1.8214
soberest	1.8313
sobering	1.7438
soberly	1.7429
soberness	1.9611
sobers	1.7333
sobibor	1.7929
sobieski	2.0875
sobriety	2.4688
sobriquet	2.4278
sobs	1.6625
socal	1.6260
socalled	2.3350
sochi	1.7960
sociable	1.7913
sociables	1.7367
sociably	1.8100
social	1.6300
socialism	1.6144
socialist	1.7033
socialite	1.6533
sociality	1.6700
socialize	1.8956
socially	1.9225
sociedad	2.1037
societal	1.7163
societies	1.7144
society	1.8043
socio	1.8660
sock	1.5825
socked	2.1800
socket	1.7133
socketed	2.1288
sockets	1.6543
sockless	1.8600
socks	1.5260
socorro	2.0900
socrates	1.8725
socratic	1.9575
soda	1.4875
sodality	1.5625
sodas	1.5500
soddenly	2.4125
sodium	2.4667
sodom	1.6400
sodomite	1.8000
sodomized	2.4089
sods	1.4125
soeur	1.5800
soever	1.9250
sofa	1.4625
sofas	1.5300
soffits	1.7857
sofia	1.5000
softdrink	2.1000
soften	2.2500
softener	2.1437
softening	2.1611
softens	2.1143
softer	2.2833
softest	2.2286
softies	2.0929
softly	2.1917
softness	2.3250
softy	2.3700
soggy	2.0300
soha	1.5375
sohan	1.5900
soho	1.8250
soil	1.7500
soiled	2.2917
soilers	1.7071
soiling	1.6929
soils	1.6600
soilure	1.6643
soin	1.7000
soir	1.6000
soiree	2.0333
soirees	1.9286
sois	1.5500
soit	1.6750
sojourn	1.6857
sojourned	2.0611
sojourner	1.7167
sojourns	1.6375
solacing	2.2225
solar	2.4900
sold	2.4125
soldado	2.1143
soldados	2.0125
soldat	2.3083
soldering	2.4611
soldier	2.1357
soldierly	2.0056
soldiers	2.0312
soldiery	2.0938
soleil	2.3250
solely	2.2167
solem	2.4000
solemnest	2.4278
soles	2.3000
solesmes	2.0312
solfa	2.2300
solferino	2.2000
solicit	2.2329
solicited	2.4867
solicitor	2.1200
solicits	2.1162
solid	2.2600
solidify	1.9688
solidity	2.0688
solidly	2.0571
solids	2.1000
soling	2.2333
solingen	2.1063
solipsism	2.1278
solipsist	2.2167
solitaire	2.0444
solitary	2.2125
solitudes	2.3944
soluble	2.1571
solus	2.2700
solution	2.2313
solutions	2.1278
solve	2.4200
solvency	2.2100
solvent	2.2429
solvents	2.1250
solver	2.3500
solvers	2.2000
solves	2.2333
solving	2.1714
somatic	1.8543
somber	1.8333
somberly	1.7625
sombrely	2.3750
sombrero	2.4813
sombreros	2.3500
some	1.7000
somebody	1.8562
somebodys	1.7944
someday	2.1857
somehow	1.8286
someone	1.7571
someones	1.7000
someplace	2.4478
somers	1.6833
somerset	1.8563
somersets	1.7944
somethin	1.8438
something	1.7833
somethink	1.8500
sometime	1.7875
sometimes	1.7333
someway	1.7357
someways	1.6812
somewhat	1.7812
somewhen	1.6875
somewhere	1.7056
somme	2.2200
sommeil	2.1214
sommelier	1.9667
sommer	2.1833
sommers	2.0571
somos	1.9000
somov	2.0000
sonant	1.7250
sonata	1.8250
sonatas	1.8214
sone	1.7000
song	1.6125
songbird	2.1000
songbirds	2.0111
songful	1.9357
songs	1.5500
songster	1.7500
songsters	1.7000
sonia	1.9000
sonic	1.9760
sonnet	2.2333
sonnets	2.1000
sono	2.0500
sonoma	1.9500
sonora	1.8833
sonoran	1.8714
sonority	1.8688
sonorous	1.8062
sons	1.6125
sont	1.7375
sontag	1.7250
soon	2.4000
soone	2.2500
sooner	2.2083
soonest	2.1643
soons	2.1800
soot	2.3750
sooth	2.1600
soothe	2.0750
soothers	1.9688
soothes	1.9643
soothing	2.0563
soothsay	1.9375
sootiness	2.2000
sooty	2.2600
sophia	1.9167
sophie	1.9250
sophism	1.8571
sophist	1.9714
sophister	1.9389
sophistry	2.1778
sophists	1.8875
sophocles	1.8256
sophomore	2.0333
soporific	1.7644
sopping	2.2714
soprano	2.0143
sopranos	1.9250
sops	1.8625
sorcerer	2.4538
sorcerers	2.3256
sorceries	2.2867
sorcerous	2.3033
sordid	1.4333
sore	1.6000
sorel	1.5400
sorely	1.5833
soreness	1.8688
sorer	1.6800
sores	1.5400
sorest	1.7167
soricine	1.6975
sorin	1.6600
sorites	1.5929
sorok	1.5600
sorority	1.6813
sorr	2.1875
sorrel	1.9500
sorrento	1.9938
sorrier	2.0071
sorriest	1.9938
sorriness	2.1167
sorrow	2.1083
sorrowed	2.4875
sorrowful	2.0056
sorrowing	1.9444
sorry	2.1100
sors	1.5125
sort	2.2625
sorte	2.1400
sorter	2.1167
sortie	2.0583
sorties	1.9500
sortilege	2.0222
sorting	1.9857
sorts	2.0700
sosa	1.5375
sothoth	1.7429
soto	1.7500
sotos	1.6600
sots	1.5875
sottish	1.9429
sotto	2.2600
souchong	1.7475
souci	1.6760
soudan	1.5417
souf	1.4375
souffle	1.7429
sough	1.4700
soughing	1.6250
soughs	1.4417
sought	1.5250
soul	1.7125
souled	2.2667
soulful	1.6357
soulfully	1.8944
soulless	2.1750
souls	1.6300
soult	1.7300
sounding	2.2500
soundings	2.1444
soundless	2.3556
soundly	2.3214
soundness	2.4111
sounds	2.4083
soup	1.9125
souped	2.4000
soups	1.7900
sour	1.5625
sources	2.3971
sourd	1.4700
sourdough	1.4889
soured	2.1667
sourer	1.6500
sourest	1.6857
souring	1.5857
sourish	1.5000
sourly	1.5583
sourness	1.8500
sourpuss	1.9063
sours	1.5100
sous	1.5125
souse	1.7000
soused	2.2667
sousing	1.5571
soutane	1.6571
soutanes	1.6125
souter	1.7000
south	1.5700
southam	1.6071
southeast	1.7222
southend	1.5500
southerly	1.6222
southern	1.6625
southey	1.6143
southing	1.6875
southland	1.5722
southmost	2.2889
southpaw	1.9250
southron	1.6500
souths	1.5250
southward	1.6444
southwark	1.6444
southwell	1.8944
southwest	1.7611
souvenir	1.7938
souvenirs	1.7389
souverain	1.7167
souviens	1.6188
sovereign	1.6889
soviet	1.7750
soviets	1.7071
sovs	1.5875
sowed	2.4900
sower	1.8700
sowers	1.7750
sowing	1.6750
sown	1.7500
sowter	1.8583
soxer	2.0680
soyez	1.9360
spacesuit	2.4422
spacing	1.8471
spacious	1.8725
spadeful	2.2438
spades	2.3083
spaghetti	2.0333
spagna	1.7500
spain	1.7700
spak	1.6000
spake	1.6100
span	1.7750
spandau	1.6143
spandrel	1.6813
spandrels	1.6389
spang	1.6800
spangle	1.6214
spangled	2.0563
spangles	1.5813
spangling	1.6167
spaniard	1.8562
spaniards	1.7944
spaniel	1.8286
spaniels	1.7625
spanish	1.7786
spank	1.8000
spanked	2.2500
spanker	1.8071
spanking	2.2313
spanner	2.1500
spanners	2.0438
spanning	2.1688
spans	1.6800
spar	1.9000
spare	1.8500
spared	2.3917
sparely	1.7643
spares	1.7583
sparing	1.7786
sparingly	1.7278
spark	1.7400
sparked	2.2071
sparkle	1.7357
sparkled	2.1562
sparkles	1.6813
sparkling	1.7056
sparkly	1.7571
sparks	1.6667
sparky	1.7500
sparling	1.7188
sparring	2.0563
sparrow	2.2143
spars	1.7800
sparse	1.8917
sparsely	1.8063
sparser	1.9071
sparta	2.2500
spartacus	2.1200
spartan	2.1857
spartans	2.0750
spas	1.7750
spasibo	1.8286
spasm	1.7800
spasmodic	1.8533
spasms	1.7000
spastic	1.9043
spastics	1.8288
spat	1.9750
spate	1.9100
spates	1.8083
spatial	1.7786
spatially	2.0056
spats	1.8400
spatter	2.2643
spatting	2.1313
spatula	1.8714
spatulate	1.9278
spavin	1.9083
spavined	2.2750
spawn	1.9700
spawned	2.3714
spawning	1.9750
spawns	1.8583
speak	1.6100
speake	1.6167
speakeasy	1.6556
speaker	1.6714
speakers	1.6250
speakest	1.7000
speaketh	1.6625
speakin	2.2286
speaking	2.1125
speakings	2.0222
speaks	1.5583
spear	1.8500
speared	2.2857
spearhead	1.7111
spearing	1.7625
spearman	1.8063
spearmen	1.8125
spearmint	1.9444
spears	1.7583
special	2.4829
specials	2.3350
specialty	2.3311
species	2.4900
specific	2.3887
specifies	2.2311
specify	2.4686
specimen	2.4788
specimens	2.3478
speciosa	2.4787
specious	2.4663
speckle	2.4829
speckling	2.2867
speculate	2.4756
speedier	2.4875
speediest	2.4222
speeding	2.4313
speedway	2.4937
speel	2.1600
spell	2.0900
spelled	2.4571
speller	2.0143
spelling	1.9125
spellings	1.8444
spells	1.9583
spelman	1.6929
spelt	1.6900
spen	1.7875
spend	1.6500
spenders	2.1500
spendin	1.6857
spending	1.6375
spendings	1.6000
spends	1.5917
spengler	1.6750
spens	1.6900
spenser	1.8429
spent	1.7900
speranza	2.4037
sperling	1.6875
sperm	1.8300
sperma	1.7917
spero	1.8600
sperrin	2.1286
spes	1.6625
spet	1.9125
spew	1.8250
spewed	2.4250
spewer	1.9083
spewing	1.7357
speyer	1.8000
sphere	1.7167
sphered	2.2000
spheres	1.6571
spherical	1.6867
spheroids	1.6278
sphery	1.7417
sphincter	1.9867
sphinx	1.9483
sphinxes	1.9675
spic	1.8325
spiciest	1.8163
spicily	1.8400
spick	1.6860
spicy	1.8260
spider	2.3500
spiders	2.2000
spiderweb	2.3778
spidery	2.2714
spied	2.4200
spiegel	1.7214
spiel	1.6600
spiels	1.6000
spier	1.8000
spies	1.6600
spiffing	1.8375
spigot	1.7333
spigots	1.6714
spike	2.4200
spikelet	2.1688
spikenard	2.1000
spikes	2.2333
spiky	2.4500
spile	1.8200
spiles	1.7333
spill	2.2500
spillane	2.0375
spilling	2.0125
spills	2.0917
spillway	2.0750
spilt	1.8500
spin	1.8125
spinach	1.8471
spinal	1.6917
spindle	1.6143
spindled	2.0500
spindles	1.5750
spindling	1.6111
spindly	1.6357
spindrift	2.1222
spine	1.7800
spined	2.3333
spineless	1.8833
spinels	1.6429
spines	1.7000
spink	1.8300
spinnaker	1.9889
spinner	2.1714
spinners	2.0625
spinnin	2.3143
spinning	2.1875
spins	1.7100
spinster	1.8500
spinsters	1.7889
spion	1.9400
spir	1.7125
spiracle	1.7725
spiracles	1.7200
spiral	1.6250
spiraled	2.0625
spiraling	1.6222
spirally	1.9188
spirals	1.5786
spire	1.7000
spired	2.2667
spires	1.6333
spirit	1.7167
spirited	2.1313
spirito	1.7500
spirits	1.6571
spiritu	1.6857
spiritual	1.6333
spiritus	1.6375
spiro	1.7600
spirt	2.2300
spirting	2.0000
spiry	1.7300
spit	1.7875
spital	1.6750
spite	1.7600
spited	2.3167
spiteful	1.7750
spites	1.6833
spitfire	2.1187
spithead	1.6625
spits	1.6900
spittal	2.0500
spitters	2.0500
spittin	2.1429
spitting	2.0375
spittle	2.0571
spittoon	2.4688
spittoons	2.3389
splain	1.6917
splash	1.6167
splashed	2.0562
splashes	1.5813
splashin	1.7563
splashing	1.7056
splashy	2.2143
splatter	2.1438
splay	1.6800
splayed	2.1643
splayfoot	1.9556
splaying	1.7188
spleen	2.1000
spleenful	1.9111
spleens	1.9857
splendid	1.5375
splendide	1.9944
splendor	1.6250
splendors	1.5889
splendour	1.6111
splenetic	1.7811
splenic	1.8829
splices	2.4400
splicing	1.6850
spline	1.7000
splint	1.7250
splinter	1.7500
splinters	1.7000
splintery	1.7556
splints	1.6643
split	1.6900
splits	1.6250
splitted	2.4375
splitting	1.9556
splotch	2.3043
splotches	2.1200
splurge	2.1357
splutter	2.0312
spoil	1.8800
spoilage	1.8063
spoiled	2.3071
spoiler	1.8643
spoilers	1.7938
spoiling	1.7813
spoils	1.7833
spoilt	1.8667
spok	1.6875
spoke	1.6800
spoked	2.2500
spoken	1.7000
spokes	1.6167
spokesman	1.6556
spokesmen	1.6611
spoleto	2.4071
spoliator	2.2500
spon	1.8875
sponge	1.7500
sponged	2.2286
sponger	1.7857
sponges	1.6857
sponging	1.7125
spongy	1.7750
sponsor	1.7571
sponsored	2.1167
sponsors	1.7000
spontini	1.9563
spoof	2.2200
spook	2.2400
spooks	2.0833
spooky	2.1667
spoon	2.4000
spoonbill	2.4056
spooner	2.2357
spoonfed	2.4688
spoonful	2.0750
spoonfuls	1.9889
spooning	2.2438
spoons	2.2167
spoonsful	2.0444
spoor	2.3200
sporadic	1.7475
spore	1.7600
spores	1.6833
sporran	2.0786
sport	2.2900
sportcoat	2.1867
sportin	2.1429
sporting	2.0375
sportive	2.0813
sports	2.1250
sportsman	1.9944
sportsmen	2.0000
sporty	2.2083
spos	1.7375
sposato	1.8714
spose	1.8800
spot	1.8625
spotless	1.9375
spotlight	1.6444
spotlit	1.7429
spots	1.7500
spotter	2.2000
spotting	2.0750
spotty	2.2583
spousal	1.6214
spouse	1.8167
spouses	1.7429
spout	1.7900
spouted	2.2429
spouter	1.8000
spouting	1.7250
spouts	1.7083
spra	1.7000
sprag	1.7200
sprague	1.6786
sprain	1.7250
sprained	2.1375
spraining	1.8111
sprains	1.6643
sprang	1.6500
sprat	1.8800
sprats	1.7833
sprawl	1.8083
sprawled	2.2000
sprawling	1.7444
sprawls	1.7357
spray	1.7200
sprayed	2.1929
sprayer	1.7500
spraying	1.7438
sprays	1.6500
spread	1.6750
spreader	2.2125
spreaders	2.1111
spreadin	1.7000
spreading	1.6556
spreads	1.6214
spree	2.2000
spreeing	1.9813
sprees	2.0500
sprent	1.7417
sprig	1.6300
sprightly	1.5944
sprigs	1.5750
spring	1.6750
springbok	2.1333
springe	1.6714
springers	1.6667
springing	1.6556
springs	1.6214
springy	1.6929
sprinkle	1.7625
sprinkled	2.1333
sprinkler	1.7889
sprinkles	1.7111
sprint	1.7583
sprinted	2.1625
sprinter	1.7750
sprinting	1.7111
sprit	1.7300
sprite	1.7167
spritely	1.6750
sprites	1.6571
sprits	1.6583
sproule	1.7714
sprout	1.7417
sprouted	2.1500
sprouting	1.7000
sprouts	1.6786
spruces	2.4471
sprucing	1.6913
sprue	1.6700
sprues	1.6083
spruit	1.7750
spry	1.7500
spryer	1.7750
spud	1.5750
spur	1.6750
spurge	2.2750
spurgeon	2.1875
spurious	1.7000
spurn	1.7000
spurned	2.1786
spurner	1.7357
spurning	1.8063
spurns	1.6333
spurred	2.4929
spurring	1.9438
spurs	1.6000
spurt	2.2000
spurting	1.9813
spurts	2.0500
sputnik	2.3786
sputter	2.1357
sputtered	2.4111
spuyten	2.1071
spyglass	1.9125
spying	1.8083
sqrt	2.5000
squab	1.9400
squabble	2.1562
squabbled	2.4833
squabbles	2.0611
squad	1.6800
squadron	1.8188
squadrons	1.7611
squads	1.6167
squalid	1.5500
squalidly	1.5500
squall	1.9833
squalled	2.3313
squalling	1.8611
squalls	1.8857
squally	1.9571
squalor	2.2214
squamous	1.8063
squander	2.1688
squanders	2.0722
squar	1.8200
square	1.7917
squared	2.2643
squarely	1.7313
squarer	1.8214
squares	1.7214
squaring	1.7438
squarish	1.6688
squash	1.6500
squashed	2.0813
squashes	1.6063
squashing	1.7278
squashy	2.2429
squat	1.8800
squats	1.7833
squatter	2.1688
squatters	2.0722
squatting	2.0611
squaw	1.9100
squawk	1.7750
squawked	2.1750
squawking	2.1667
squawks	1.7071
squaws	2.4750
squeak	1.5917
squeaked	2.0375
squeakers	1.6111
squeaking	2.0444
squeaks	1.5500
squeaky	1.6214
squeal	1.6250
squealed	2.0625
squealers	1.6333
squealing	1.6222
squeals	1.5786
squeamish	1.7333
squeeze	2.3900
squeezes	2.2538
squeezing	2.0922
squelch	1.6329
squelched	2.0200
squib	1.8900
squibs	1.7917
squid	1.6900
squids	1.6250
squier	1.8333
squiggles	1.8556
squilgee	2.0688
squinched	2.1422
squint	1.8417
squinted	2.2250
squinting	1.7667
squints	1.7643
squinty	1.8357
squire	1.7500
squired	2.2286
squires	1.6857
squirm	1.7750
squirmed	2.1750
squirming	1.8444
squirms	1.7071
squirrel	1.9750
squirrels	1.9000
squirrely	1.9556
squirt	2.1917
squirted	2.4875
squirting	2.0000
squirts	2.0643
squishing	1.7333
squiz	2.0460
srok	1.6625
staats	2.2500
stab	2.1000
stabat	2.1000
stabber	2.3929
stabbing	2.2313
stabbings	2.1278
stability	1.9333
stabilize	2.1589
stable	1.8917
stableboy	2.0333
stabled	2.3500
stables	1.8071
stablish	1.7438
stabs	1.9400
staccato	2.3638
stack	1.8760
stacked	2.3043
stacking	2.2788
stacks	1.7800
stacy	2.0160
stadiums	2.3563
stadt	1.9400
stael	1.8500
staff	2.1000
staffed	2.4643
stafford	1.8813
staffords	1.8167
staffs	1.9667
stag	1.8250
stage	1.7900
staged	2.3417
stagedoor	2.4389
stageplay	1.7833
stager	1.8250
stagers	1.7500
stages	1.7083
stagger	2.1071
staggered	2.3889
staggerer	2.0444
staggers	2.0063
staghorn	1.8313
staginess	1.9556
staging	1.7357
stagnant	1.7875
stagnate	1.8688
stagnated	2.2278
stags	1.7200
stagy	1.8200
staid	1.6500
staider	2.2714
stain	1.8100
stained	2.2571
staines	1.7143
staining	1.8750
stainless	1.9889
stains	1.7250
stainton	1.8375
stair	1.7300
staircase	1.8422
stairhead	1.6444
stairs	1.6583
stairway	1.7500
stairways	1.7000
stairwell	1.9833
stake	1.6500
staked	2.2250
stakes	1.5917
staking	2.2071
stal	1.7000
stalag	1.7000
stale	1.6900
staled	2.2583
stalemate	1.7889
staleness	1.8889
staler	1.7417
stales	1.6250
stalest	1.7643
stalin	1.7250
stalinism	1.8000
stalk	1.5800
stalked	2.0929
stalking	2.0938
stalks	1.5333
stall	2.1200
stalled	2.4786
stalling	1.9313
stallings	1.8611
stallion	2.0750
stallions	1.9889
stalls	1.9833
stalwart	2.1188
stamboul	1.8687
stamens	1.7214
stamford	1.6062
stamina	1.9357
stammer	2.1786
stammered	2.4444
stammerer	2.1000
stammers	2.0688
stamp	2.1600
stampers	1.9688
stamping	1.9563
stampings	1.8833
stamps	2.0167
stan	1.8250
stanch	1.7633
stanched	2.1663
stanchest	1.7922
stanching	1.8033
stanchion	1.9311
stand	1.6800
standard	1.6750
standards	1.6333
standby	1.8714
stander	2.2929
standers	2.1688
standest	2.2438
standeth	2.2063
standin	1.7071
standing	1.6563
standings	1.6167
standoff	1.8562
standpipe	1.8889
stands	1.6167
standup	1.8286
stane	1.7900
stanford	1.6062
stang	1.7200
stangs	1.6500
stanhope	2.4875
staniel	1.8571
stanislas	1.7833
stank	1.8400
stanley	1.8357
stanly	1.8667
stannard	2.0750
stanton	1.8500
stanwix	1.8914
stanze	2.1550
stap	1.9750
staple	1.8083
stapled	2.2786
staples	1.7357
star	1.9500
staraya	1.8286
starbird	2.4562
starboard	2.4833
starbuck	2.4975
starch	1.8633
starched	2.2412
starchier	1.9200
starching	1.8700
starchy	2.4257
stardom	1.8214
stardust	1.7875
stare	1.8900
stared	2.4250
starers	1.8214
stares	1.7917
starfish	2.1313
starin	1.8917
staring	1.8071
stark	1.7800
starkey	1.7643
starkly	1.7857
starkness	1.9389
starless	1.9813
starlet	1.8643
starlets	1.7938
starley	1.7929
starlight	1.6833
starlike	2.1875
starling	1.7438
starlings	1.6944
starlit	1.7929
starr	2.3600
starre	2.2417
starriest	2.1111
starring	2.0812
starrs	2.1833
starry	2.2667
stars	1.8200
start	2.4200
starter	2.2500
startin	2.2357
starting	2.1188
startle	2.1500
startles	2.0438
startling	2.0278
starts	2.2333
startup	2.3571
starving	2.4938
stash	1.7200
stashed	2.1929
stasis	1.7083
state	1.9500
stated	2.4750
statehood	2.1500
stateless	1.9778
statelier	1.8167
stately	1.8357
statement	1.8667
staten	1.9250
stateroom	2.2278
states	1.8417
stateside	2.1611
statesman	1.8056
statesmen	1.8111
statham	1.8286
static	1.9550
statical	1.8288
statin	1.9417
stating	1.8500
station	2.0143
stationed	2.3167
stationer	1.9722
stations	1.9250
statist	1.9500
statists	1.8688
statu	1.9200
statuary	1.9125
statue	1.8750
statued	2.3357
statues	1.7929
statuette	2.1667
stature	1.8214
statures	1.7563
status	1.8167
statuses	1.8313
statute	1.8643
statutes	1.7938
statuto	1.9071
statutory	1.8500
stauncher	2.3589
staunchly	2.3533
staunton	2.4937
stave	1.9700
staved	2.4917
staveley	1.8250
stavely	1.8500
staves	1.8583
staving	1.8500
stawell	2.2143
stay	1.8250
stayed	2.3417
stayin	1.8917
staying	1.8071
stays	1.7200
staysail	1.7438
stead	1.7500
steadfast	1.8056
steadied	2.1437
steadier	1.7563
steadies	1.6688
steadiest	1.7722
steadily	1.7875
steads	1.6750
steady	1.7583
steadying	1.7667
steak	1.6500
steaks	1.5917
steal	1.6900
stealer	1.7286
stealers	1.6750
stealin	1.7143
stealing	1.6625
stealings	1.6222
steals	1.6250
stealth	1.6500
stealthy	2.1688
steam	1.7900
steamboat	1.9111
steamed	2.2429
steamer	1.8000
steamers	1.7375
steaming	1.8625
steams	1.7083
steamship	1.8778
stearns	1.7929
steatite	1.8563
stedman	2.2643
steedman	2.5000
steel	2.2000
steele	2.1083
steeling	1.9813
steels	2.0500
steely	2.1333
steelyard	1.9778
steep	2.4200
steeper	2.2500
steepest	2.2063
steeping	2.1188
steeple	2.1500
steeples	2.0438
steeply	2.1714
steepness	2.3056
steeps	2.2333
steer	2.3400
steerage	2.0938
steerer	2.1929
steering	2.0688
steers	2.1667
steersman	2.0222
steersmen	2.0278
steevens	2.1813
stef	1.8375
stefan	1.7917
steffens	1.9500
steht	1.7300
steichen	1.7413
stein	1.8200
steinberg	2.2500
steiner	1.8214
steins	1.7333
steklov	2.3143
stele	1.7000
steles	1.6333
stella	2.0417
stellar	2.0786
stellate	2.0625
stellated	2.4000
steller	2.0429
stem	1.8375
stemma	2.2083
stemmer	2.1857
stemming	2.2000
stems	1.7300
stench	1.7717
stenches	1.6975
stencil	1.8686
stenciled	2.2033
stencils	1.7975
stendhal	1.5813
stenton	1.8571
step	1.9875
stepan	1.8917
stepanov	2.0250
stepanova	1.9778
stepchild	1.8756
stepdaddy	1.9611
stepdame	1.7625
stephane	1.7875
stephano	1.9625
stephanos	1.8889
stephen	1.8143
stephens	1.7500
stepney	1.9000
steppe	2.4167
steppes	2.2571
stepping	2.2125
stepps	2.3583
steps	1.8500
stepson	1.8714
stepsons	1.8000
stept	1.9500
stereo	1.8583
sterile	1.8500
sterility	1.8389
sterling	1.7125
stern	1.8700
sternberg	2.2778
sterne	1.8333
sterner	1.8571
sternest	1.8625
sternly	1.8929
sternness	2.2667
sterns	1.7750
sternway	1.8375
stetson	1.8571
stettin	2.2429
steuben	1.8143
steve	2.0400
stevedore	2.2667
stevens	1.9000
stevenson	1.9056
stevie	1.9583
stew	1.8750
steward	1.7857
stewards	1.7250
stewart	2.2429
stewarts	2.1250
stewed	2.4583
stewing	1.7643
stewpans	1.8250
stewpot	1.9500
sthetic	1.8257
stick	1.7260
sticker	1.7543
stickers	1.6975
stickily	2.2725
stickin	2.3114
sticking	2.1850
stickler	1.7600
sticklers	1.7089
stickman	1.7288
stickpin	1.9225
sticks	1.6550
sticky	1.7383
sties	1.7000
stiff	2.0100
stiffen	1.9286
stiffened	2.2500
stiffer	1.9571
stiffest	1.9500
stiffish	1.7875
stiffly	1.8786
stiffness	2.0667
stiffs	1.8917
stifle	1.5833
stifled	2.0857
stifling	1.5875
stig	1.7125
stigand	1.6214
stigma	1.7083
stigmata	1.8062
stigmatic	1.8311
stile	1.8600
stiles	1.7667
stiletto	2.2313
stilettos	2.1278
still	2.2900
stillborn	2.0889
stiller	2.1571
stillest	2.1250
stilling	2.0375
stillness	2.2222
stills	2.1250
stilly	2.2083
stilt	1.8900
stilted	2.3143
stilton	1.9000
stiltons	1.8250
stilts	1.7917
stimulant	2.4167
stimulate	2.4889
stimulus	2.4188
sting	1.7500
stingier	1.7563
stingily	1.7875
stinging	1.7000
stingless	1.8667
stingray	2.2062
stings	1.6750
stingy	1.7583
stink	1.8700
stinker	1.8571
stinkers	1.7875
stinkiest	2.2833
stinkin	2.4143
stinking	2.2750
stinkpot	2.0375
stinkpots	1.9556
stinks	1.7750
stinky	1.8583
stint	1.8500
stinted	2.2857
stints	1.7583
stipend	1.8571
stipends	1.7875
stipitate	1.9722
stipple	2.3286
stippling	2.1667
stipulate	1.9889
stir	1.7625
stirling	1.6500
stirr	2.2100
stirrer	2.1000
stirrers	2.0000
stirrin	2.0857
stirring	1.9875
stirrings	1.9111
stirrup	2.2071
stirrups	2.0938
stirs	1.6700
stit	1.8375
stitch	1.7883
stitched	2.1850
stitcher	1.7975
stitchery	1.7978
stitches	1.7100
stitching	1.8200
stithy	2.4083
stiver	1.8500
stoat	2.0100
stoats	1.8917
stob	1.9875
stober	1.9500
stock	1.7860
stockade	2.2225
stockades	2.1200
stockcar	1.8512
stocked	2.2400
stockfish	1.5756
stockholm	2.2311
stocking	2.2225
stockings	2.1200
stockish	2.1475
stockmen	1.7725
stockpot	1.9850
stockroom	2.0811
stocks	1.7050
stockton	1.8225
stockwell	2.0144
stocky	1.7883
stoddard	1.9437
stoddart	2.3438
stodgy	1.7583
stoer	1.9000
stogie	1.7417
stogies	1.6786
stogy	1.7900
stoic	1.8960
stoical	1.7686
stoically	1.9978
stoicism	1.7788
stoics	1.7967
stoke	1.7200
stoked	2.2833
stokehold	2.1167
stokehole	2.1778
stoker	1.7667
stokers	1.7000
stokes	1.6500
stokesley	1.6278
stoking	2.2571
stolen	2.4333
stolid	2.3167
stolidity	2.1278
stolidly	2.1250
stolypin	2.4250
stom	1.9375
stomach	1.9186
stomached	2.2422
stomacher	1.8978
stomachic	1.9844
stomachs	1.8413
stomp	2.2500
stompin	2.1143
stomping	2.0125
ston	1.9375
stone	1.8800
stoneage	1.8063
stoned	2.4167
stoneless	1.9389
stoners	1.8143
stones	1.7833
stonewall	2.0056
stonework	1.7667
stoney	1.8667
stoniest	2.0063
stonily	2.0571
stoniness	2.1278
stoning	1.9571
stonor	2.0500
stood	2.2800
stooge	2.2083
stooges	2.0786
stooks	2.1167
stoopid	2.2786
stooping	2.2563
stoops	2.4167
stop	2.1875
stopford	1.7875
stopgap	2.0071
stopgaps	1.9188
stoplight	1.7889
stoppage	2.3375
stoppages	2.2222
stopper	2.4714
stoppers	2.3250
stoppin	2.4571
stopping	2.3125
stopple	2.3714
stops	2.0100
stopt	2.1100
stopwatch	2.0311
stor	1.8375
storable	1.8500
storage	1.7714
store	1.8000
stored	2.3500
storeroom	2.1444
stores	1.7167
storey	1.8000
storeys	1.7286
storie	1.7750
storied	2.2500
stories	1.7071
storiette	2.1000
storing	1.7429
stork	1.6900
storks	1.6250
storm	1.8300
stormed	2.2714
stormer	1.8286
stormers	1.7625
stormier	1.9438
stormiest	1.9389
stormily	1.9750
storming	1.8875
stormont	1.9875
storms	1.7417
story	1.8300
storybook	2.0833
storyline	1.8278
storys	1.7417
stothard	1.7437
stott	2.3900
stoup	2.0500
stoups	1.9250
stout	1.8300
stouter	1.8286
stoutest	1.8375
stoutly	1.7500
stoutness	1.9667
stouts	1.7417
stove	1.8800
stoved	2.4167
stovepipe	2.0000
stover	1.9000
stoves	1.7833
stow	1.9500
stowage	1.8357
stowaway	1.9437
stowaways	1.8722
stowe	1.9900
stowell	2.1500
stowey	1.9583
stowing	1.8071
stoy	1.9125
straddle	2.2062
strafe	2.1083
strafford	2.1167
straggle	2.2563
straggler	2.2278
straggly	2.2750
straight	1.9438
straights	1.8722
strain	2.1750
strained	2.4750
strainer	2.0875
straining	2.1111
strains	2.0500
strait	2.1583
straitly	2.0063
straits	2.0357
strake	2.0417
stran	2.2600
strand	2.0667
stranding	1.9167
strands	1.9571
strange	2.0357
strangely	1.9278
stranger	2.0312
strangers	1.9500
strangest	2.0167
strangle	1.9438
strangled	2.2944
strangler	1.9500
strangles	1.8722
strap	2.3800
strappado	2.4389
strapping	2.4056
straps	2.2000
strasburg	2.5000
strata	2.2833
stratagem	2.1056
strategic	2.1644
strategy	2.2062
stratford	2.4056
stratify	2.0687
strato	2.3417
stratus	2.1286
strauch	2.0400
strauss	2.3000
straw	2.4500
stray	2.2600
straying	2.0812
strays	2.1000
streak	2.0417
streaked	2.3750
streaking	2.3444
streaks	1.9357
streaky	2.0071
stream	2.1583
streamed	2.4625
streamer	2.0750
streamers	1.9889
streaming	2.1000
streamlet	2.1111
streams	2.0357
streetcar	2.4422
streets	2.4714
streng	2.1083
strength	2.4688
strengths	2.3389
stresa	2.0750
stress	2.4417
stresses	2.3000
stressful	2.1944
stressing	2.1667
stretch	2.1757
stretched	2.4422
stretcher	2.0978
stretches	2.0200
strew	2.3000
strewing	2.0438
strewn	2.2167
striae	2.2667
striate	2.2000
striating	2.0667
striation	2.1944
strick	2.1050
stricken	2.0100
strict	2.4050
stricter	2.2600
strictest	2.2200
strictly	2.1913
stricture	2.1200
strident	2.4875
striding	1.9375
stridor	2.0143
strife	2.0333
strifes	1.9286
strigil	2.0857
strikers	2.4500
string	2.1250
stringed	2.4375
stringent	2.0000
stringing	1.9556
strings	2.0071
stringy	2.0786
strip	2.4900
stripe	2.3500
stripes	2.2000
striping	2.1625
stripling	2.0667
strippers	2.4778
stripping	2.4667
strips	2.2917
stript	2.3750
stritch	2.1043
strive	2.1833
striven	2.1286
strives	2.0571
striving	2.0250
strivings	1.9444
strobes	2.1429
strobing	2.1000
strok	2.1900
stroke	2.1000
strokes	1.9857
stroking	2.4750
strong	2.1750
stronger	2.0875
strongest	2.0667
strongly	2.0188
strontian	2.0667
strophe	2.2429
strophes	2.1250
stropping	2.5000
strops	2.3417
strove	2.2333
strown	2.2667
struck	2.0800
structure	2.1033
struggle	2.1812
struggler	2.1611
struggles	2.0833
strut	2.2400
struth	2.0833
struts	2.0833
strutter	2.3937
strutting	2.2611
stuart	2.2667
stuarts	2.1286
stub	1.8750
stubb	2.4200
stubbing	2.1187
stubble	2.1500
stubbly	2.1714
stubborn	2.1687
stubbs	2.2333
stubby	2.3167
stubs	1.7600
stucco	2.3017
stuck	1.6960
stud	1.6250
studding	1.8688
student	2.2500
students	2.1313
studhorse	1.7556
studi	1.6300
studie	1.6333
studied	2.1286
studiedly	2.0000
studies	1.5857
studio	1.7667
studiorum	2.3222
studios	1.7000
studious	1.6750
studs	1.5600
study	1.6600
studyin	1.7643
studying	1.7063
stuf	1.6000
stuff	1.9800
stuffed	2.3786
stuffing	1.8438
stuffings	1.7833
stuffs	1.8667
stuffy	1.9500
stultify	1.7188
stultz	2.0467
stumbler	2.4688
stumbles	2.3813
stumbling	2.3278
stunsail	2.4188
stunting	2.4188
stupefied	2.2389
stupefies	1.8167
stupefy	1.9357
stupid	1.8417
stupider	2.3375
stupidest	2.2889
stupidity	1.8111
stupidly	1.7688
stupified	2.1500
stupor	1.9583
sturdier	1.6625
sturdiest	1.6889
sturdily	1.6938
sturdy	1.6333
sturgeon	2.2125
sturgeons	2.1111
sturgis	2.1643
sturt	2.2400
stutter	2.1643
stuttered	2.4333
stutterer	2.0889
stye	1.8375
styes	1.7300
stygia	1.7083
stygian	1.7214
styl	1.9500
style	1.8900
styled	2.4250
styles	1.7917
styling	1.8071
stylish	1.7214
stylishly	1.7389
stylist	1.9071
stylistic	1.8867
stylists	1.8313
stylite	1.8429
stylites	1.7750
stylize	2.1543
stylizing	1.9089
stylus	1.7667
styrofoam	1.7222
styron	1.8417
styx	2.0100
suarez	1.8883
suasion	1.7429
suasive	1.6286
suave	1.7500
suavely	1.6929
suavity	1.7500
subahdar	1.6000
subaltern	1.6722
subatomic	1.9644
subbase	2.1929
subdeacon	2.2089
subdivide	1.9833
subdue	1.5250
subdued	2.0357
subdues	1.4929
subduing	1.6063
subic	1.7060
subjacent	2.3367
subjects	2.4038
subjoin	1.7429
subjoined	2.1056
subjugate	2.0611
sublease	1.7125
sublimate	1.7333
sublime	1.6286
sublimed	2.0625
sublimely	1.6111
sublimer	1.6750
sublimest	1.7000
sublimity	1.7889
sublunary	2.3000
submarine	1.7556
submental	1.6500
submerge	2.1625
submerged	2.4889
submit	1.8750
submits	1.7929
submittal	2.0500
submitted	2.4778
subnormal	1.7722
suborn	1.6917
suborned	2.1125
suborner	1.7250
subpoena	1.7875
subs	1.5500
subscribe	1.8978
subscript	1.9922
subserve	2.4625
subserves	2.3333
subside	2.0857
subsided	2.4625
subsides	1.9875
subsidies	1.5056
subsiding	1.5333
subsidize	1.8033
subsidy	1.5357
subsist	1.6786
subsisted	2.0556
subsists	1.6313
subsolar	2.1688
substance	2.3700
substrate	2.0722
subsumes	2.2438
subtend	2.3929
subtends	2.2563
subtilty	2.4438
subtitle	2.3250
subtitles	2.2111
subtler	2.4500
subtlest	2.3813
subtlety	2.4062
suburban	2.3625
suburbia	2.3438
suburbs	2.4000
subvert	2.4643
subverts	2.3188
subway	1.7250
subzero	2.0686
succinct	2.2113
succor	2.1183
succoring	1.9511
succors	2.0014
succotash	1.9678
succour	2.0300
succubus	1.9575
succulent	2.0122
such	1.5200
suchlike	2.0350
sucio	1.7760
suck	1.4700
sucked	2.1050
sucker	1.5883
suckers	1.5471
suckin	2.2383
sucking	2.1043
suckings	2.0038
suckle	1.5550
suckled	2.0614
suckles	1.5186
suckling	1.5662
sucklings	1.5367
sucks	1.4360
suction	1.9543
sudanese	1.5875
sudden	2.4917
suddenly	2.3563
sudra	1.5600
sudras	1.6000
suds	1.3000
sued	2.3875
suerte	2.0667
sues	1.4375
suet	1.6875
suetonius	1.7944
suety	1.7100
suez	1.8575
suff	1.8250
suffer	1.8250
suffered	2.2125
sufferer	1.8250
sufferers	1.7667
suffereth	1.8000
sufferin	1.8125
suffering	1.7556
suffers	1.7500
suffices	2.4225
sufficing	1.7533
suffix	1.8817
suffocate	1.8978
suffolk	2.2357
suffrage	2.2313
suffrages	2.1278
suffuse	1.7929
suffused	2.2062
suffuses	1.7313
suffusing	1.6611
suffusion	1.7889
sugan	1.5000
sugar	1.6000
sugared	2.1071
sugarfoot	2.3556
sugaring	1.6063
sugarless	1.7833
sugarloaf	2.0389
sugarplum	2.2778
sugars	1.5500
sugary	1.6333
suggest	1.9214
suggested	2.2444
suggester	1.9000
suggests	1.8438
suggs	1.8400
suicidal	1.5725
suicide	2.1900
suicides	2.0788
suif	1.4875
suin	1.7125
suing	1.6300
suis	1.5625
suisse	2.0833
suit	1.6875
suitable	1.7750
suitably	1.7938
suitcase	1.8350
suitcases	1.7756
suite	1.6800
suited	2.2500
suiters	1.6714
suites	1.6167
suiting	1.6571
suitor	1.7000
suitors	1.6429
suits	1.6100
suivant	1.7071
suivi	1.6800
sujet	2.3500
sula	1.6250
sulaco	1.8717
sulcate	1.8186
sulci	1.7060
sulcus	1.6133
suleiman	1.6875
sulfa	1.5000
sulfur	1.4833
sulfuric	1.5663
sulk	1.5000
sulked	2.1250
sulkies	2.0857
sulkily	2.2214
sulkiness	2.2556
sulking	2.1214
sulks	1.4600
sulky	1.5600
sull	2.1750
sullen	2.0250
sullenly	2.0063
sullied	2.4429
sullies	1.9000
sullivan	1.9438
sully	2.1000
sulphate	1.9063
sulphur	2.3429
sulphuric	2.2256
sulphurs	2.2125
sultan	1.6833
sultana	1.6714
sultanas	1.6875
sultans	1.6286
sultrier	2.0000
sultry	2.0833
sulu	1.6000
sumbitch	2.3788
sumerian	2.3500
sumptuous	2.4611
sunbathe	2.4188
sunbeam	2.4786
sunbeams	2.3312
sunburn	2.4286
sunburnt	2.3500
sunburst	2.3875
sundaes	2.3643
sunday	2.4333
sundays	2.2714
sundial	2.2500
sundials	2.1313
sundogs	2.2500
sundown	2.4143
sundowner	2.2833
sundries	2.2625
sunfish	2.1929
sunlight	2.2812
sunray	2.5000
sunrays	2.3286
sunrise	2.4286
sunrises	2.2875
sunsets	2.4929
sunshine	2.3375
sunshot	2.4643
sunspots	2.3563
sunstone	2.4375
sunward	2.4357
sunwise	2.4929
supari	1.8750
supe	1.8375
super	1.8700
superadd	2.0187
superbus	2.4688
superego	1.8813
superfine	2.1722
superflu	2.1437
superieur	1.7389
superior	1.8687
superiors	1.8056
superlite	1.7500
superman	1.8188
supermen	1.8250
supernal	1.7563
supervise	2.4500
supes	1.7300
supine	1.8167
supinely	1.7500
supper	2.3750
suppers	2.2214
supping	2.2071
suppl	2.3800
supplant	2.1375
supplants	2.0444
supple	2.2583
suppler	2.2214
suppliant	2.0833
supplie	2.1714
supplier	2.1500
suppliers	2.0556
supplies	2.0625
supply	2.2833
supplying	2.1167
supporter	2.4444
supports	2.4562
suppos	2.3083
supposal	2.0938
suppose	2.3286
supposes	2.2000
supposing	2.0778
suppost	2.3500
suppress	2.3563
supra	1.7600
supremacy	1.8700
supreme	1.7571
supremely	1.7111
supremes	1.7000
supremo	1.9571
suprising	1.6667
sups	1.7500
surat	1.7000
surbiton	2.4000
surcease	2.4225
surcharge	2.0589
surcoat	1.7900
surd	1.3500
surds	1.3400
sure	1.4875
surely	1.5083
sureness	1.8125
surer	1.5900
surest	1.6417
sureties	1.6062
surety	1.6750
surf	2.3250
surfacing	2.0589
surfeit	2.0571
surfeited	2.3500
surfeits	1.9625
surge	2.2500
surgeon	2.1571
surgeons	2.0500
surgery	2.1500
surges	2.0917
surgical	2.0163
surging	2.0643
surinam	1.6071
surlily	1.5929
surliness	1.7667
surly	1.4800
surmise	1.8000
surmised	2.2125
surmises	1.7375
surmising	1.6667
surmount	2.4688
surmounts	2.3389
surname	1.5929
surnamed	2.0312
surnames	1.5563
surpass	1.9857
surpassed	2.3833
surpasses	1.9611
surplice	2.3475
surplices	2.2311
surplus	1.5429
surpris	1.5929
surprise	1.7000
surprised	2.0778
surprises	1.6556
surprize	1.9350
surprized	2.2867
surrender	2.2778
surrey	1.9583
surreys	1.8643
surrogate	1.9333
surrounds	2.3833
sursum	2.4000
surtout	1.9786
surveying	2.2778
surveyor	2.3875
surveyors	2.2667
surveys	2.3500
survival	2.2438
survivals	2.1389
survive	2.4000
survives	2.2625
surviving	2.2111
survivor	2.3125
survivors	2.2000
susa	1.4250
susan	1.5000
susanna	1.9143
susannah	1.8375
susans	1.4667
sushi	1.5700
susie	1.4800
suspects	2.4788
suspend	1.5786
suspended	2.4222
suspender	2.0778
suspends	1.5438
suspense	1.7125
suspensor	1.6333
suspicion	1.7922
suspire	1.6143
sussex	2.1317
sussman	1.8714
sust	1.6750
sustain	1.6929
sustained	2.0667
sustainer	1.7222
sustains	1.6438
susurrous	1.7611
susy	1.4750
suter	1.6500
suthin	1.7083
sutlej	1.4250
sutler	1.5917
sutlers	1.5500
sutor	1.6100
sutro	2.1100
suts	1.4750
suttee	2.4500
suttner	2.0500
sutton	2.1250
suture	1.5417
sutured	2.0500
sutures	1.5071
suturing	1.5563
suva	1.5500
suvorov	1.6857
suydam	1.9333
suyo	2.3875
suze	2.1075
suzerain	1.9475
suzie	1.7960
suzuki	2.4550
suzy	1.8700
svelte	1.7333
sven	1.8625
svengali	1.6625
svetlana	1.7812
svevo	2.1000
swabian	2.4000
swaddle	2.4286
swaddlers	2.2556
swaddles	2.2875
swaddling	2.2444
swaggerer	2.4167
swags	2.3900
swahili	2.3357
swain	2.4800
swaine	2.3417
swains	2.2833
swale	2.3600
swales	2.1833
swamping	2.3750
swampland	2.2167
swang	2.3900
swanky	2.3917
swans	2.3900
swansea	2.2857
swansong	2.1375
sward	2.4500
swarmers	2.2375
swarming	2.3625
swarms	2.3750
swash	2.3900
swashing	2.2000
swatch	2.4717
swatches	2.2225
swathe	2.4000
swathing	2.3000
swathings	2.1889
swaths	2.3417
swaying	2.2857
sways	2.3900
swearer	2.4214
swearers	2.2812
swearing	2.2688
swears	2.4333
sweater	2.4643
sweaters	2.3188
sweating	2.3063
sweatings	2.1944
sweats	2.4833
sweelinck	2.3867
sweepings	2.4556
swelling	2.4188
swellings	2.2944
swelter	2.3071
swich	2.4360
swigging	2.3563
swigs	2.3000
swilling	2.4563
swims	2.4200
swimsuit	2.1938
swinburne	2.1500
swindle	2.1214
swindled	2.4938
swindler	2.1063
swindlers	2.0167
swindles	2.0188
swindling	2.0056
swine	2.4900
swineherd	2.0556
swines	2.2917
swiney	2.3750
swing	2.4200
swinge	2.2917
swinger	2.2500
swingin	2.2357
swinging	2.1188
swings	2.2333
swingy	2.3167
swinish	2.3071
swinstead	2.1722
swipes	2.4583
swiping	2.3786
swire	2.4100
swirl	2.3400
swirling	2.0688
swirls	2.1667
swirly	2.2500
swish	2.3000
swishes	2.0643
swishing	2.1438
switch	2.3467
switches	2.1288
switching	2.1922
swithin	2.3357
switzers	2.4663
swivel	2.2917
swiveling	2.0667
swivels	2.1500
sword	2.3600
swordfish	1.9500
swords	2.1833
swordsman	2.0333
swordsmen	2.0389
swore	2.4700
sworn	2.5000
sybarite	1.7750
sybaritic	1.7978
sybil	1.7900
sycamore	1.8350
sycophant	1.8256
sycorax	1.8957
sydney	1.5750
syed	2.4625
sykes	1.5900
sylla	2.1200
syllabic	2.1413
syllable	2.0563
syllables	1.9722
syllabubs	2.0444
syllabus	2.0375
syllogism	2.3333
sylph	1.9400
sylphide	2.3625
sylphides	2.2444
sylphs	1.8333
sylvain	1.7357
sylvan	1.7333
sylvanus	2.3375
sylvester	1.8111
sylvia	1.7083
sylvie	1.7167
symbiosis	2.3167
synagogue	2.2444
synapses	2.4313
synaptic	2.4788
syndicate	2.3311
syndrome	2.4125
synthesis	2.1556
synthetic	2.3422
syphilis	1.8500
syphons	1.8929
syracuse	1.7788
syren	1.6100
syria	1.5700
syrian	1.6083
syrians	1.5643
syringa	1.5786
syringe	1.5857
syringes	1.5500
syringing	1.5889
syrinx	1.7483
syrup	1.8000
syrups	1.7167
syrupy	1.8000
system	1.7417
systemic	1.8975
systems	1.6786
systole	2.2714
tabac	2.1360
tabaka	1.7667
tabard	1.8833
tabards	1.8000
taber	2.0100
tabitha	1.8071
table	1.8500
tableau	1.7643
tableaux	1.8362
tabled	2.3917
tableland	1.6722
tables	1.7583
tableside	2.1056
tablet	1.9250
tabletop	2.0500
tablets	1.8357
tableware	1.8611
tabloid	2.3286
tabloids	2.2000
tabooing	2.1938
taboos	2.3333
tabor	1.9500
tabors	1.8417
tabu	1.9500
tabula	1.9167
tabular	1.9714
tabulate	1.9688
tabulated	2.3167
tach	1.8700
tache	1.8260
tacit	1.9260
tacitly	1.8186
taciturn	1.8038
tacitus	1.7757
tack	1.8200
tacked	2.3383
tacking	2.3043
tackle	1.7883
tackled	2.2614
tackler	1.8186
tackles	1.7186
tackling	1.7413
tacks	1.7160
tacky	1.8160
tacloban	2.3662
taco	2.0325
taconic	2.1086
tacos	1.8860
tact	2.2700
tactic	2.1183
tactical	1.9513
tactics	2.0014
tactile	2.0686
tactility	2.0089
tactless	2.1413
tactual	1.9257
tadema	2.3417
tadmor	1.8917
tadpole	2.3286
tadpoles	2.2000
taff	2.1000
taffeta	1.9929
taffrail	2.4062
taffy	2.0400
tagging	1.9786
tags	1.6250
tagus	1.6000
tahar	1.7200
tahiti	1.7667
tahitian	1.7500
tahitians	1.7000
tahoe	1.8200
taiga	1.5900
tail	1.7875
tailboard	1.8000
tailcoat	1.9100
tailed	2.3167
tailend	1.6714
tailgate	1.7875
tailing	1.7143
tailings	1.6625
taillamps	2.1278
taille	2.1000
tailless	2.2125
taillight	1.8889
tailor	2.4333
tailoring	2.1611
tailors	2.2714
tailpipe	2.0688
tails	1.6900
tailwater	1.8833
taim	1.7375
tain	1.7375
taine	1.7200
taint	1.7500
tainted	2.2143
tainting	1.7000
taints	1.6750
tais	1.5875
tait	1.7125
taita	1.6900
taji	1.7125
take	1.5375
takee	2.0600
taken	1.5900
takeoff	1.8000
taker	1.6300
takers	1.5750
takes	1.4900
takest	1.6750
taketh	1.6250
takin	2.4100
taking	2.2250
takings	2.0929
talara	1.7000
talavera	1.7813
talbot	1.7583
talbots	1.6929
talboys	1.6929
talc	1.6700
tale	1.5875
talent	1.6583
talented	2.0875
talents	1.6071
tales	1.5300
talfourd	1.4688
tali	1.5875
taliesin	1.6063
talionis	1.8438
talis	1.5300
talisman	1.6062
talismans	1.5722
talk	1.4500
talkative	1.6889
talked	2.0917
talker	1.5750
talkers	1.5357
talkest	1.6214
talkin	2.2250
talking	2.0929
talks	1.4200
talky	1.5200
tall	2.1250
tallaght	1.8750
tallassee	2.4778
tallboy	2.0500
tallchief	1.9644
taller	2.0250
tallest	2.0071
tallied	2.4143
tallies	1.8714
tallish	1.8214
tallness	2.1313
tally	2.0600
talma	1.6200
talmud	2.4333
talons	2.3083
talus	1.5000
taluses	1.6071
tamai	1.6900
tamale	1.6250
tamales	1.5786
tamara	1.7833
tamarack	1.8225
tamarind	1.7188
tamarindo	1.7444
tamarinds	1.6722
tamarisk	1.6438
tamarisks	1.6056
tamborine	1.7722
tambour	1.7500
tambov	1.8417
tame	1.7125
tamed	2.3900
tamely	1.6583
tamen	1.7300
tameness	1.9250
tamer	1.7700
tamerlane	1.6889
tamers	1.6917
tames	1.6300
tamest	1.7917
taming	1.8583
tammaro	2.1929
tamora	1.8917
tamper	2.0583
tampered	2.3875
tampering	1.9111
tampers	1.9500
tampoco	2.0829
tamworth	2.0250
tanagra	2.2429
tanaquil	2.3688
tancred	2.3614
tand	1.5750
tandem	2.2917
tandems	2.1500
tandy	1.6200
taney	1.7300
tang	1.6250
tangent	1.6786
tangents	1.6313
tangere	1.6857
tangerine	1.7056
tangible	1.6500
tangibly	1.6688
tangier	1.6857
tangle	1.5750
tangled	2.0786
tangles	1.5357
tangling	1.5813
tangly	1.6000
tango	1.6900
tangos	1.6250
tangy	1.6600
tanin	1.9700
tanjong	2.3071
tank	1.7750
tanka	1.7400
tankard	1.7286
tankards	1.6750
tanker	1.7917
tankers	1.7214
tanks	1.6800
tann	2.3750
tanna	2.2200
tanner	2.1917
tanneries	1.9722
tanners	2.0643
tannery	2.1357
tannic	2.3717
tanning	2.2071
tanque	1.7917
tansy	1.6600
tant	1.7500
tanta	1.7200
tantalize	1.9089
tantallon	2.3944
tantalus	1.5875
tante	1.7300
tanto	1.7900
tantos	1.7083
tantras	2.0571
tantric	2.0900
tanyard	2.5000
tanz	2.0200
tanzen	2.1050
taormina	1.8625
taos	1.6625
tapdance	2.4287
tape	1.8625
taper	1.8900
tapered	2.3143
tapering	1.7875
tapers	1.7917
tapes	1.7500
tapestry	2.1438
tapeworm	1.8313
tapeworms	1.7722
taphouse	1.8875
taping	1.7750
tapio	1.9800
tapioca	1.9257
tapir	1.7900
tapis	1.7500
tappa	2.4600
tappan	2.3500
tappin	2.3750
tapping	2.2214
taproom	2.2286
taps	1.7750
tapster	1.9071
tapsters	1.8313
tapwater	1.9500
tara	1.8250
taranaki	2.1812
tarantass	2.0111
tarantula	1.7889
taras	1.8200
tarascon	1.9663
tard	1.7000
tarde	2.4900
tardes	2.2917
tardily	1.7643
tardiness	1.9000
tardive	1.7143
tardy	1.7200
tare	1.8375
tared	2.4900
taree	2.3000
tarentum	2.4688
target	2.4917
targets	2.3214
tarifa	1.6583
tariff	1.9750
tariffs	1.8786
tarjeta	1.7500
tarlatan	1.8250
tarma	1.8200
tarmac	1.9800
tarn	1.8750
tarnation	1.9667
tarnish	1.8357
tarnished	2.1778
tarns	1.7600
taro	1.9125
tarp	2.0250
tarpaper	1.9688
tarpaulin	1.8722
tarpeian	1.8500
tarpon	1.9917
tarps	1.8800
tarquin	1.9500
tarquins	1.8688
tarries	2.0429
tarriest	2.1125
tarring	2.0786
tarro	2.3300
tarry	2.3000
tarrying	2.1063
tars	1.7500
tarshish	1.6688
tarsus	1.6333
tart	2.5000
tartan	2.2333
tartans	2.1000
tartar	2.3167
tartarean	2.1056
tartarian	2.1056
tartars	2.1714
tartarus	2.0875
tartary	2.2429
tartly	2.1833
tartness	2.3188
tarts	2.2600
tartuffe	2.2062
tash	1.6250
tashkent	1.6688
task	1.5750
tasked	2.1750
tasker	1.6583
tasking	2.1643
tasks	1.5200
tasman	1.7333
tasmania	1.8438
tasmanian	1.8389
tasse	2.2900
tassel	2.1250
tasseled	2.4375
tasseling	1.9556
tassels	2.0071
tassie	2.0500
tasso	2.1900
taste	1.8900
tasted	2.4250
tasteful	1.8563
tasteless	1.9444
taster	1.9083
tasters	1.8214
tastes	1.7917
tasting	1.8071
tasty	1.9200
tata	1.9000
tatar	1.9800
tatars	1.8667
tate	1.9125
tater	1.9300
taters	1.8250
tati	1.9125
tatiana	1.8071
tatler	1.8250
tatras	2.2333
tatter	2.3250
tatters	2.1786
tatting	2.1643
tattle	2.2083
tattler	2.1786
tattling	2.0563
tattooers	2.4056
tattooing	2.3944
tatts	2.3200
tauchnitz	2.3900
taught	1.5500
taunting	2.3563
taupe	1.8900
tauranga	1.5875
taurus	1.5333
taut	1.6750
tauten	1.6917
tautened	2.1125
tautening	1.7889
tautly	1.6333
tautog	1.6583
tavern	1.9250
taverna	1.8786
tavernier	1.9944
taverns	1.8357
tavistock	1.8422
tavy	1.9500
tawdrily	1.9875
tawdry	2.0250
tawil	1.9800
tawn	1.9875
tawney	1.9000
taxable	1.9986
taxation	2.0925
taxations	2.0044
taxes	2.1180
taxi	2.0475
taxicab	2.0957
taxicabs	1.9963
taxied	2.4900
taxies	1.8567
taxing	1.8983
taxis	1.8980
taxon	2.0780
taxonomic	2.2300
taxpayer	1.9988
taxpayers	1.9211
taylor	2.4583
taylors	2.2929
tayo	1.9125
tcha	1.6950
teabags	1.8071
teacart	2.2900
teach	1.8260
teachable	1.8422
teached	2.2686
teacher	1.8257
teachers	1.7600
teaches	1.7257
teacheth	1.7975
teachin	1.9257
teaching	1.8475
teachings	1.7867
teacup	2.0383
teacupful	1.8700
teacups	1.9329
teagarden	2.1444
teahouse	1.7938
teahouses	1.7389
teak	1.5375
teakettle	1.9278
teakwood	1.9500
team	1.7125
teamed	2.2667
teamers	1.6857
teaming	1.8286
teammates	2.0333
teams	1.6300
teamster	1.8000
teamsters	1.7444
teamwork	1.6687
teapot	1.8667
teapots	1.7857
tear	1.8375
teardrop	1.9500
teardrops	1.8778
tearful	2.2786
tearfully	2.3944
teargas	2.2929
tearin	1.8167
tearing	1.7429
tearle	1.7167
tearless	1.9250
tearoom	2.2357
tearooms	2.1187
tears	1.7300
teas	1.7125
tease	1.8600
teased	2.4000
teaser	1.8833
teases	1.7667
teasin	1.7333
teasing	1.6714
teasingly	1.6444
teaspoon	2.1938
teaspoons	2.0944
teat	1.9125
teatime	1.8357
teatr	2.3300
teats	1.7900
teau	1.6375
teazle	2.4800
tebe	2.1000
teddybear	2.4111
tedious	2.2071
tediously	2.0611
teef	2.3500
teem	2.3500
teeming	2.1929
teems	2.1400
teen	2.3500
teenage	2.0643
teenager	2.0563
teenagers	1.9722
teens	2.1400
teensy	2.0833
teenth	2.0833
teeter	2.2583
teetering	2.0444
teeth	2.2400
teething	2.1063
teetotal	2.0688
teflon	2.4000
tegel	1.7000
teheran	1.6857
tejanos	1.7429
tejas	1.5700
tekel	1.5000
tekla	1.5900
telamon	1.8714
telefon	1.7214
telegram	2.1750
telegrams	2.0778
telegraph	2.1444
telemann	1.9875
telepathy	2.2333
telephone	1.8222
telescope	1.8867
telescopy	1.9033
teletype	1.8813
teletypes	1.8167
televised	2.2000
televison	1.7889
telfair	1.5000
tell	2.1375
tellement	1.9167
teller	2.0333
tellers	1.9286
tellin	2.0167
telling	1.9143
tellings	1.8375
tells	1.9700
telltale	1.8625
tellurian	1.8444
telluride	2.2167
tellus	1.8917
temeraire	1.7000
temerity	1.7688
temp	2.1875
tempe	2.0800
temper	2.0667
temperate	2.0278
tempered	2.3937
tempering	1.9167
tempers	1.9571
tempest	2.0429
tempests	1.9500
tempi	2.0800
templar	1.9929
templars	1.9063
template	1.9875
templates	1.9111
temple	1.9500
templed	2.4000
temples	1.8571
tempo	2.1400
tempora	1.9714
temporal	1.8875
temporary	1.9889
temporize	2.1644
tempos	2.0000
temprano	2.0875
temps	2.0100
tempt	2.1100
tempted	2.4714
tempter	2.0286
tempters	1.9375
tempting	1.9250
temptress	2.3667
tempts	1.9750
tempus	1.9250
tenable	1.8143
tenacious	1.8367
tenacity	1.8600
tenancy	1.7757
tenant	1.7417
tenanted	2.1500
tenanting	1.7000
tenantry	2.0312
tenants	1.6786
tenby	1.8300
tench	1.7060
tend	1.5875
tenda	1.5900
tendance	2.3600
tendency	2.1975
tender	2.3333
tenderer	2.2062
tenderest	2.1722
tendering	2.0944
tenderly	2.1375
tenders	2.1857
tending	1.6000
tendinous	1.7500
tendon	1.7000
tendons	1.6429
tendre	1.7167
tendresse	1.9833
tendril	1.7714
tendrils	1.7125
tends	1.5300
tenebrous	2.4278
tenedos	2.1786
tenement	1.7438
tenements	1.6944
tenemos	1.8643
tenens	1.6667
tenerife	1.6500
teneriffe	1.8556
tenets	1.7500
tenfold	2.0857
tenga	1.6300
tengo	1.7000
teniente	1.8625
teniers	1.8500
tenn	2.3875
tenner	2.2000
tenney	2.1667
tenniel	2.1786
tennis	2.2667
tenoned	2.4214
tenons	1.9167
tenor	1.9600
tenore	1.9083
tenors	1.8500
tenpin	2.0500
tenpins	1.9429
tens	1.6375
tensas	1.6583
tense	1.8000
tensed	2.3500
tensely	1.7286
tenseness	1.9500
tenses	1.7167
tensile	1.7071
tensing	1.6286
tension	1.7929
tensional	1.7167
tensions	1.7312
tent	1.7625
tentacle	1.7975
tentacled	2.1644
tentacles	1.7422
tentative	1.8278
tented	2.3000
tenterden	2.1389
tenth	1.6700
tenths	1.6083
tenting	1.7000
tention	1.8643
tentpole	2.2938
tentpoles	2.1833
tents	1.6700
tenuous	2.5000
tenuously	2.2889
tenures	2.3857
tepees	2.1583
tepid	1.7200
tepidity	1.7313
tepidly	1.6714
tequila	1.8857
teras	1.7700
tered	2.4400
terek	1.6400
terenure	2.3813
teresa	1.6667
tereus	1.6500
term	1.8125
termagant	1.7611
termed	2.3333
termina	1.9286
terminal	1.8500
terminals	1.7889
terminate	1.9722
terming	1.8857
termini	2.0929
termites	1.8438
termless	2.0125
terms	1.7100
tern	1.8125
terna	1.7700
ternary	1.8500
ternate	1.8714
terns	1.7100
terra	2.2100
terrain	2.0857
terrains	1.9875
terram	2.1417
terrapin	2.1250
terrapins	2.0333
terras	2.1417
terrasse	2.3875
terre	2.2200
terrell	2.3143
terremoto	2.1889
terrene	2.0786
terribile	2.0667
terrible	2.0187
terribly	2.0375
terrier	2.1071
terriers	2.0063
terrific	1.9663
terrified	2.2778
terrifies	1.8556
terrify	1.9857
territory	2.0167
terror	2.1500
terrorise	2.0333
terrorism	1.9611
terrorist	2.0500
terrors	2.0286
terry	2.2500
terse	1.8400
tersely	1.7571
tertian	2.1143
tertiary	2.1375
tertius	2.0286
tesman	1.6583
tesserae	2.1312
tessie	1.9750
tessin	2.0167
test	1.8375
testa	1.7900
testaccio	2.2567
testament	1.7778
testator	1.8750
testators	1.8111
tested	2.3500
tester	1.8333
testicle	1.7413
testicles	1.6922
testified	2.0444
testifier	1.7000
testifies	1.6222
testify	1.6857
testily	1.8429
testin	1.8167
testiness	1.9611
testing	1.7429
testings	1.6875
tests	1.7300
testy	1.8300
tetanus	2.4929
tetch	1.8260
tetchy	2.4883
tete	1.8500
tether	1.7833
tethered	2.1812
tethering	1.7278
tethers	1.7143
tetouan	1.8000
tetrads	2.0357
tetrapod	2.1000
tetrarch	2.1288
tetter	2.2833
tetuan	1.7750
tetzel	2.1300
teuton	1.7667
teutonic	1.9163
tevere	1.9583
tewksbury	1.7222
texan	1.8580
texans	1.7650
texas	1.8580
texel	1.9880
text	2.1975
texte	2.0880
textile	2.0271
textiles	1.9363
texts	2.0180
textual	1.8843
textually	2.0878
texture	1.9200
textured	2.3175
textures	1.8425
thacker	1.7471
thackeray	1.7367
thad	1.5750
thaddeus	2.2938
thae	1.7875
thailand	1.6188
thales	1.4917
thallus	1.8000
thames	1.5750
than	1.6250
thane	1.6300
thanes	1.5750
thanet	1.7417
thank	1.6800
thanked	2.1643
thankee	2.0286
thankful	1.6250
thanking	2.1562
thankless	1.8833
thanks	1.6167
thapa	1.7400
thar	1.7500
thas	1.6250
thassos	1.9357
that	1.8250
thataway	1.8812
thatch	1.7800
thatched	2.1787
thatcher	1.7913
thatchers	1.7367
thatches	1.7038
thatching	1.8144
thatd	1.6800
thatll	2.0667
thats	1.7200
thatt	2.3200
thaw	1.8625
thawed	2.4500
thawing	1.7571
thaxter	2.0557
thay	1.6250
thayer	1.6917
thayers	1.6357
thea	1.5875
theater	1.8000
theaters	1.7375
theatre	2.0857
theatres	1.9875
theatric	2.0725
thebaid	1.7571
theban	1.8917
thebes	1.8333
theda	2.2900
thee	2.2250
thees	2.0400
theft	2.4700
thefts	2.2750
thei	1.6000
their	1.5800
theirs	1.5333
theists	1.6571
thelma	1.5750
them	1.6375
thematic	1.7975
theme	1.6400
themes	1.5833
thems	1.5700
then	1.6375
thenar	1.7417
theobald	1.6000
theocracy	1.9400
theodor	1.6071
theodora	1.6062
theodore	1.6125
theodoric	1.6533
theodorus	1.5611
theodosia	1.5889
theodotus	1.5944
theon	1.7200
theophile	1.9000
theorem	1.6643
theorems	1.6188
theoretic	1.7533
theories	1.6000
theorises	1.6556
theorist	1.7188
theorists	1.6722
theorized	2.2867
theory	1.6667
theosophy	2.2167
theother	1.6813
ther	1.6875
therapist	1.8111
therapy	1.7929
there	1.6800
thereat	1.8000
thereby	1.9143
thered	2.2500
therefor	1.7063
therefore	1.7000
therefrom	2.1722
therein	1.7071
thereof	1.6214
thereon	1.7500
theres	1.6167
theresa	1.6143
theresia	1.6188
thereto	1.8071
thereunto	2.3278
thereupon	1.8500
therewith	1.6778
thermal	1.6357
thermes	1.6429
thermos	1.8429
thersites	1.6056
thes	1.5125
thesauri	1.5375
thesaurus	1.4944
these	1.7000
theseus	1.6143
thesis	1.5000
thespian	1.6875
thespians	1.6444
thessaly	1.8188
thet	1.7625
theta	1.7300
thetic	1.7800
thetis	1.6667
theurgy	2.1214
thew	1.6750
thewless	1.8438
thews	2.4000
they	1.6375
theyd	1.5300
theyll	2.0750
theyre	1.6167
theys	1.5700
theyve	1.6833
thibet	1.9500
thick	1.7260
thicken	1.7257
thickened	2.0922
thickens	1.6725
thicker	1.7543
thickest	1.7725
thicket	1.7971
thickets	1.7350
thickish	2.1100
thickly	1.7471
thickness	1.9089
thickset	1.8350
thief	1.8000
thiefs	1.7167
thievery	1.9563
thieves	1.8786
thievin	1.9500
thieving	1.8688
thievish	1.7938
thigh	1.6300
thighed	2.1286
thighs	1.5750
thim	1.8625
thimble	1.7857
thimbles	1.7250
thin	1.8625
thine	1.8200
thing	1.7500
things	1.6750
think	1.8700
thinkable	1.8667
thinke	1.8333
thinker	1.8571
thinkers	1.7875
thinkest	1.8625
thinketh	1.8250
thinkin	2.4143
thinking	2.2750
thinkings	2.1667
thinks	1.7750
thinly	1.8917
thinner	2.2000
thinness	2.3125
thinnest	2.1625
thinning	2.2125
thinnish	2.1375
thins	1.7500
thir	1.7625
third	1.6300
thirdhand	1.5500
thirdly	1.6071
thirds	1.5750
thirst	1.8250
thirsted	2.2125
thirstier	1.8056
thirstily	1.8333
thirsting	1.7556
thirsts	1.7500
thirsty	1.8214
thirteen	2.3688
thirties	1.9938
thirtieth	2.0278
thirty	2.1917
thirtyone	2.1278
thirtysix	2.0489
thirtytwo	2.0944
this	1.7125
thisbe	1.9167
thish	1.6300
thistle	1.7714
thistles	1.7125
thither	1.7571
thitherto	2.0611
thoas	1.8500
thom	1.9375
thomas	1.8583
thomist	2.0571
thomond	1.9714
thompson	2.0500
thoms	1.8100
thomson	1.8429
thon	1.9375
thong	1.8100
thongs	1.7250
thor	1.8375
thoracic	1.9200
thorax	2.0150
thorazine	2.3367
thoreau	1.7286
thorn	1.8300
thornburg	2.1722
thornbury	1.7833
thornes	1.7286
thornier	1.9438
thorniest	1.9389
thornley	1.8375
thorns	1.7417
thornton	1.8500
thorough	1.6750
thorp	1.9500
thorpe	1.9000
thorstein	1.8278
thos	1.7875
those	1.9200
thot	1.9125
thoth	1.7900
thou	1.8375
thouars	1.7929
though	1.6583
thought	1.6786
thoughts	1.6313
thous	1.7300
thousan	1.7214
thousand	1.6438
thousands	1.6056
thout	1.8300
thow	1.9500
thracian	1.7538
thraldom	1.5562
thrale	1.5250
thrall	1.8833
thralldom	1.8056
thralled	2.2562
thralls	1.8000
thran	1.6000
thrash	1.5500
thrashed	2.0062
thrasher	1.6187
thrashers	1.5833
thrashing	1.6611
thread	1.5750
threading	1.5889
threads	1.5357
threat	1.7417
threaten	1.7375
threatens	1.6889
threats	1.6786
three	2.0800
threefold	2.2833
threes	1.9500
threesome	1.9111
threeway	1.9688
threnody	1.7500
thresh	1.4750
threshed	1.9500
thresher	1.5625
threshing	1.6111
threshold	2.0000
threw	1.6400
thrift	2.1750
thriftier	2.0389
thriftily	2.0667
thrifts	2.0500
thrifty	2.1214
thrill	2.0250
thrilled	2.3625
thriller	1.9750
thrillers	1.9000
thrilling	1.8889
thrills	1.9214
thrive	1.6333
thrived	2.1286
thriven	1.6571
thrives	1.5857
thriving	1.6125
thro	1.6375
throat	1.7917
throated	2.1875
throatily	1.8111
throats	1.7214
throaty	1.7929
throb	1.7300
throbbing	2.0111
throbs	1.6583
throe	1.6400
throes	1.5833
thron	1.6900
throne	1.6833
throned	2.1714
thrones	1.6286
throng	1.6250
thronged	2.0625
thronging	1.6222
throngs	1.5786
throstle	1.6750
throttle	1.9500
throttled	2.3000
throttles	1.8778
through	1.5214
throughly	1.5833
throve	1.6833
throw	1.7000
throwaway	1.8056
throwed	2.2500
thrower	1.8071
throwers	1.7438
throwin	1.7214
throwing	1.6688
thrown	1.7167
throws	2.3000
thru	1.5250
thrush	1.4500
thrushes	1.4563
thrust	1.6667
thrusted	2.0938
thrusting	1.6500
thrusts	1.6143
thruway	1.6357
thud	2.4250
thudding	2.2687
thuds	2.2000
thug	2.4750
thuggery	2.3937
thugs	2.2400
thula	2.4600
thule	2.4700
thurible	2.1000
thurifers	1.9667
thurles	2.0500
thursday	2.0500
thursdays	1.9667
thurston	2.2312
thus	2.4750
thwack	1.7550
thwacks	1.6900
thwart	2.2083
thwarted	2.5000
thwarting	2.0111
thwarts	2.0786
thyself	2.1357
tiara	1.7900
tiaraed	2.3571
tiaras	1.7917
tibbets	2.2143
tibble	2.1833
tibbs	2.2900
tiber	1.8600
tiberias	1.7938
tiberio	1.9143
tiberius	1.7188
tibet	1.9200
tibetan	1.8571
tibia	1.7600
tiburcio	1.8413
tiburon	1.7714
tichborne	1.7478
tick	1.6325
ticked	2.2133
tickell	1.8971
ticker	1.6967
ticket	1.7467
ticketed	2.1538
ticketing	1.7033
tickets	1.6829
ticking	2.1971
tickle	1.6633
tickled	2.1543
tickles	1.6114
tickling	1.6475
ticklish	1.5725
ticks	1.5660
tida	1.5375
tidal	1.4900
tidbit	1.8167
tidbits	1.7429
tiddlers	1.8000
tiddles	1.7714
tidelands	1.9222
tideless	2.2812
tides	2.3000
tidewater	2.2222
tideway	2.2214
tidied	2.1583
tidier	1.6417
tidiest	1.6786
tidily	1.6833
tidiness	1.8563
tiding	1.5667
tidings	1.5286
tidy	1.5875
tidying	1.6714
tiedowns	2.1500
tiempo	2.0583
tiempos	1.9500
tien	1.7250
tienda	1.6000
tiendas	1.6286
tiene	1.7100
tienen	1.7250
tienes	1.6417
tiens	1.6400
tier	1.7750
tiered	2.3083
tierney	1.7643
tierra	2.1167
tierras	2.0714
tiers	1.6800
ties	1.6000
tietjens	1.6438
tiff	1.9875
tiffin	1.9167
tiffs	1.8500
tige	1.6000
tiger	1.6800
tigerish	1.5813
tigers	1.6167
tighe	1.5400
tight	1.5700
tighten	1.6143
tightened	2.0056
tightens	1.5750
tighter	1.6429
tightest	1.6750
tightly	1.5643
tightness	1.8222
tightrope	2.0389
tights	1.5250
tigre	2.3800
tigress	2.4286
tigris	2.2000
tijuana	2.1357
tikopia	2.4929
tilbury	1.7786
tilden	2.3500
tile	1.8000
tiled	2.4600
tiles	1.7000
tilghman	2.1688
till	2.3375
tillage	2.0571
tiller	2.1667
tillet	2.2167
tillie	2.1083
tilling	2.0286
tillotson	2.4722
tills	2.1300
tilly	2.2300
tilsit	1.7167
tilson	1.7833
tilt	1.8375
tilted	2.3500
tilter	1.8333
tilth	1.7300
tilting	1.7429
tilton	1.8667
tilts	1.7300
timaeus	1.7429
timaru	1.7917
timber	1.8667
timbered	2.2437
timbering	1.7833
timbers	1.7857
timbrel	2.4857
timbrels	2.3375
timbs	1.7500
timbuctoo	2.2478
time	1.7500
timed	2.4200
timeless	1.8813
timelier	1.7000
timeliest	1.7222
timely	1.6833
timer	1.8000
timers	1.7167
times	1.6600
timetable	1.8611
timewarp	1.9062
timewise	1.7938
timeworn	1.7750
timex	1.8880
timid	1.8400
timidity	1.8063
timidly	1.7571
timing	1.8833
timo	2.1000
timocracy	2.1289
timofey	1.8357
timoleon	2.4000
timon	2.0600
timor	1.9800
timorous	1.8312
timothy	2.4714
tina	1.7375
tinct	2.0460
tincted	2.4257
tincture	1.8600
tinctured	2.2200
tinctures	1.7978
tindal	1.5583
tinder	2.3500
tine	1.7500
tines	1.6600
tinfoil	1.7214
ting	1.6625
tinge	1.6600
tinged	2.2333
tingeing	1.6438
tinges	1.6000
tinging	1.6429
tingle	1.6000
tingled	2.1000
tingles	1.5571
tingling	1.6000
tinglings	1.5667
tingly	1.6250
tiniest	1.9500
tink	1.8125
tinker	1.8167
tinkered	2.2062
tinkerer	1.8188
tinkering	1.7500
tinkers	1.7429
tinkle	1.7833
tinkled	2.2571
tinkles	1.7143
tinkling	1.7375
tinman	2.1750
tinning	2.2286
tinnitus	2.1250
tinpot	2.1000
tins	1.6625
tinsel	1.7333
tinselled	2.3278
tinsmith	1.7875
tint	1.7875
tinted	2.3167
tinting	1.7143
tints	1.6900
tintype	1.9286
tintypes	1.8500
tinware	1.8357
tion	1.9500
tional	1.7833
tipperary	2.2889
tippers	2.3143
tippin	2.4667
tipping	2.3000
tippit	2.4500
tipple	2.3667
tippler	2.3143
tipplers	2.1875
tippling	2.1750
tips	1.9125
tipstaff	2.1062
tipster	1.9857
tipsy	1.8900
tiptoe	1.9583
tiptoed	2.4071
tiptoeing	1.8444
tiptoes	1.8643
tipton	2.0000
tiptop	2.1667
tirade	2.3000
tirades	2.1571
tirana	1.6583
tire	1.6500
tired	2.3400
tiredly	2.1143
tiredness	2.2500
tireless	1.8313
tires	1.5800
tiresome	1.6750
tiridates	1.6500
tiring	1.6333
tisbury	1.7786
tisdall	1.8643
tish	1.5125
tissot	2.0500
tissue	1.9500
tissues	1.8571
titan	1.7300
titania	1.8571
titanic	1.9114
titanism	1.8125
titans	1.6583
tite	1.7250
tithe	1.6400
tithed	2.2167
tithes	1.5833
tithing	1.7429
titia	1.7000
titian	1.7167
titians	1.6571
titicaca	1.8575
titillate	2.0722
titinius	1.7938
titivate	1.8188
title	1.6400
titled	2.2167
titlepage	1.7389
titles	1.5833
tito	1.8000
titre	2.1800
tits	1.6375
titter	2.2000
tittered	2.4937
tittering	2.0056
titters	2.0714
titties	2.0214
tittle	2.0833
tittles	1.9714
titty	2.2700
titular	1.8214
titus	1.6100
tity	1.7625
tivoli	2.3583
tivy	1.7625
tlaxcala	1.8525
toad	1.7375
toadied	2.1929
toadies	1.6500
toads	1.6500
toady	1.7500
toadying	1.7625
toast	1.9500
toasted	2.3571
toasters	1.8375
toasting	1.8250
toasts	1.8417
tobacco	2.3800
tobey	1.8800
tobias	1.8167
tobin	1.8800
toboggan	2.0375
toboso	1.8417
toby	1.9125
toca	1.8325
tocar	1.9260
toccata	2.2871
toch	1.7575
tock	1.7075
tocks	1.6260
tocsin	1.7633
tocsins	1.6971
toda	1.6125
todas	1.6500
today	1.6500
todd	2.1125
toddies	1.8643
toddle	1.9000
toddled	2.3571
toddler	1.9143
toddlers	1.8375
toddles	1.8143
toddling	1.8250
toddy	2.0500
todi	1.6250
todman	1.6750
todo	1.7000
todor	1.6600
todos	1.6200
tods	1.5375
toeing	1.7083
toenail	1.7929
toenails	1.7313
toes	1.6750
toff	2.0625
toffee	2.3417
toffees	2.1929
toffs	1.9100
toffy	2.0100
tofts	2.3700
toga	1.6625
togas	1.6900
toge	1.6750
together	1.7438
toggery	2.0429
toggle	1.9667
toggles	1.8714
togs	1.5875
toil	1.8750
toile	1.8300
toiled	2.3750
toiler	1.8583
toilers	1.7786
toiles	1.7417
toilet	1.9083
toiletry	2.1562
toilets	1.8214
toilette	2.1750
toilettes	2.0778
toilful	1.7286
toiling	1.7643
toils	1.7600
toilsome	1.7875
tokay	1.6500
toke	1.6250
token	1.6600
tokens	1.6000
tokyo	1.8200
toland	2.2583
tolerable	2.2389
tolerably	2.2556
tolerant	2.2375
tolerate	2.3188
tolerates	2.2056
tolka	2.3500
tolland	2.4786
tollgate	2.5000
tollhouse	2.4611
tolstoi	2.3643
tolstoy	2.3857
tolstoyan	2.2333
toma	1.8125
tomahawk	1.7500
tomahawks	1.7000
tomar	1.9100
tomas	1.8100
tomato	1.9667
tomatoes	1.8438
tomatos	1.8714
tomb	1.9375
tomba	1.8700
tombed	2.4333
tomber	1.9167
tombola	2.3714
tomboy	1.9167
tomboys	1.8286
tombs	1.8100
tombstone	1.9056
tomcat	1.9717
tomcats	1.8757
tome	1.8250
tomes	1.7200
tomkins	2.3429
tomlinson	1.8278
tomma	2.3100
tommaso	2.1857
tomorrow	2.2625
tompion	2.1643
tompkins	2.3875
toms	1.7375
tomsk	1.6100
tomson	1.8000
tomyris	2.4857
tona	1.8125
tonal	1.7100
tonality	1.7250
tonally	2.0214
tone	1.8250
toned	2.4800
toneless	1.9188
tones	1.7200
tong	1.7375
tonga	1.7100
tongariro	1.7722
tonged	2.2833
tongs	1.6500
tongu	1.6900
tongue	1.6833
tongued	2.1714
tongues	1.6286
tonic	2.0760
tonics	1.9467
toniest	1.9929
tonight	1.8286
toning	1.9333
tonio	2.1700
tonnage	2.1429
tons	1.7375
tonsil	1.7833
tonsorial	1.6611
tonsure	1.6571
tonsured	2.0875
tontine	1.8071
tonto	1.8800
tontos	1.7833
toobin	2.3083
toodle	2.0417
toodles	1.9357
toof	2.3000
took	2.3250
tooke	2.1900
tooken	2.1250
toomey	2.2583
toot	2.5000
tooth	2.2600
toothache	2.0700
toothless	2.2056
toothpick	2.1367
toothsome	2.0111
tooting	2.1214
tootle	2.1583
tootles	2.0357
tootling	2.0188
tootsie	2.0857
tootsies	1.9875
toowoomba	2.4611
topas	2.0100
topcat	2.1383
topcoat	2.1114
topeka	1.8333
toper	2.0600
topers	1.9333
tophat	2.0250
tophet	1.9833
topiary	2.0000
topic	2.0560
topical	1.8829
topics	1.9300
topknot	2.0571
topless	2.1000
topman	1.9917
topmast	2.0786
topmasts	1.9813
topmost	2.2143
topo	2.1500
topos	1.9800
topping	2.3429
topple	2.4167
topples	2.2571
toppling	2.2125
tops	1.9875
topsail	1.9000
topsails	1.8250
topsfield	1.6833
topside	2.3357
topsides	2.2062
topsy	1.9500
topton	2.0500
toque	1.8600
toques	1.7667
torah	1.6300
torch	1.7260
torched	2.1971
torcher	1.7543
torches	1.6543
tore	1.7250
toreador	1.6937
toreadors	1.6500
torero	1.8083
toreros	1.7357
tories	1.6417
torino	1.9750
torment	1.7571
tormenta	1.7375
tormented	2.1167
tormentor	1.7500
torments	1.7000
torn	1.7625
tornado	1.7429
tornadoes	1.6833
toro	1.8000
toronto	1.8357
toros	1.7000
torpedo	2.3357
torpedoes	2.1444
torpedos	2.2062
torpid	1.7333
torpidity	1.7389
torpor	1.8500
torquato	1.9125
torre	2.1800
torrent	2.0714
torrents	1.9750
torres	2.0333
torrid	2.0000
torry	2.2100
torsional	1.7167
torso	1.7000
torsos	1.6333
tort	2.3875
torte	2.2400
tortilla	2.3375
tortillas	2.2778
torto	2.3000
tortoise	2.1125
tortoises	2.0222
tortoni	2.3071
torts	2.1700
tortuga	1.9929
tortuous	2.0375
torture	2.0286
tortured	2.4125
torturer	2.0250
torturers	1.9444
tortures	1.9375
torturing	1.9333
torturous	1.9222
torus	1.6100
tory	1.7625
toscanini	2.0700
toss	2.2125
tossers	2.0857
tosses	2.1000
tossin	2.0667
tossing	1.9571
tossings	1.8750
tost	1.9125
total	1.6900
totaled	2.1714
totaling	1.6625
totality	1.7125
totalled	2.3750
totally	2.0071
tote	1.8000
toted	2.4600
totem	1.8000
toten	1.8000
toter	1.8400
tother	1.7500
totin	1.8200
toting	1.7333
toto	1.8750
tots	1.7125
tott	2.4625
totten	2.2167
tottenham	2.4444
totter	2.2500
tottering	2.0389
totters	2.1143
tottery	2.1857
totting	2.1000
totty	2.3300
totus	1.6700
toucan	1.7717
touch	1.7060
touchdown	1.7033
touched	2.1829
touches	1.6400
toucheth	1.7225
touchhole	2.4478
touching	1.7725
touchwood	1.9978
touchy	2.3883
tough	1.5700
toughened	2.0056
tougher	1.6429
toughest	1.6750
toughness	2.2667
toughs	1.5250
toujours	2.1625
toulouse	2.3188
toupee	2.3250
toupees	2.1786
tour	1.6875
touraine	1.6938
toure	1.6800
toured	2.2500
touring	1.6571
tourist	1.7571
tourists	1.7000
tourne	1.7000
tourneur	1.6500
tourney	1.7143
tours	1.6100
tous	1.6375
touse	1.8000
tousled	2.0857
tousles	1.5429
tousling	1.5875
toussaint	1.9222
tout	1.7625
toute	1.7400
toutes	1.6667
touts	1.6700
tove	1.8250
toves	1.7200
toward	1.7833
towardly	1.7250
towards	1.7143
towboat	2.1500
towboats	2.0438
towel	1.8300
toweled	2.2714
toweling	1.7500
towelled	2.4625
towels	1.7417
tower	1.9700
towered	2.3714
towering	1.8375
towers	1.8583
towhead	1.6929
towing	1.7583
town	1.8750
towne	1.8300
townes	1.7417
townfolk	2.1063
townies	1.8857
townland	1.7625
townlands	1.7111
townley	1.8643
towns	1.7600
townsend	1.7688
townsfolk	2.0722
township	1.9313
townships	1.8611
townsman	1.7500
townsmen	1.7563
towpath	1.9429
towrope	2.0286
towson	2.4750
towton	1.9750
toxemia	2.1414
toxin	1.9280
toxins	1.8233
toybox	1.9900
toyed	2.4600
toying	1.8167
toys	1.7125
toyshop	1.9714
trabajar	2.1000
trabajo	2.2357
trabuco	2.2471
trachea	2.1043
tracing	2.1471
tracings	2.0413
track	2.2560
tracker	2.1329
trackers	2.0288
trackless	2.2033
tracks	2.0967
trackside	2.3311
tractable	2.2811
tractatus	2.2311
traction	2.3850
tractor	2.3614
tractors	2.2288
tracts	2.3967
tracy	2.3960
trademark	2.3833
tradesman	2.3500
tradesmen	2.3556
tradin	2.0917
trading	1.9786
tradition	2.0500
traduit	2.0643
traer	2.3700
trafalgar	1.8889
traffic	2.2900
traffick	2.1413
traffics	2.1663
trafford	2.1187
trag	2.3000
tragedian	2.3333
tragedie	2.4062
tragedies	2.2833
tragi	2.1700
tragic	2.1383
tragical	1.9663
trail	2.2300
trailer	2.1143
trailers	2.0125
trailing	2.0000
trails	2.0750
trailside	2.3167
train	2.1900
trainer	2.0857
trainers	1.9875
trainin	2.2286
training	2.1125
trainings	2.0222
trainman	2.3313
trains	2.0417
traipsing	2.0111
trait	2.1700
traitor	2.0429
traitors	1.9500
traits	2.0250
trajan	1.9667
tralala	1.8857
tram	2.3000
tramcar	2.1543
tramcars	2.0475
tramline	2.0625
tramlines	1.9778
trammel	2.3500
trammels	2.2188
trampa	2.3833
tramper	2.3357
tramping	2.1938
trample	2.2357
tramples	2.1188
trampling	2.0944
tramps	2.3333
trams	2.1000
tramway	2.0786
tramways	1.9813
tranio	2.4000
tranquil	2.1688
trans	2.1000
transact	2.2225
transacts	2.1200
transept	2.1438
transepts	2.0500
transfer	1.9563
transfers	1.8833
transfix	1.9988
transform	1.9167
transient	1.9333
transit	1.9929
translate	1.9611
transmit	2.1063
transmits	2.0167
transom	2.0500
transoms	1.9563
transpire	1.9667
transport	2.2944
transpose	2.0667
transship	2.3278
transvaal	2.2333
trap	2.4500
trapdoor	2.3500
trapdoors	2.2333
trapeze	2.4543
trapezes	2.3100
trapezoid	2.1256
trappers	2.4563
trapping	2.4438
trappings	2.3167
traprock	2.0412
traps	2.2200
tras	2.3000
trash	2.1000
trashbag	2.0000
trashbags	1.9222
trashcan	1.9850
trashcans	1.9089
trav	2.5000
travail	2.1929
travailed	2.4556
travails	2.0813
travaux	2.2057
travel	2.1750
traveled	2.4750
traveler	2.0875
travelers	2.0000
travelin	2.0750
traveling	1.9889
travell	2.4071
traveller	2.2778
travels	2.0500
travers	2.1500
traversal	1.9944
traverse	2.1875
traverses	2.0889
travesty	2.1813
traviata	2.1812
travis	2.1583
traviss	2.3929
travois	2.1286
trawler	2.1571
trawlers	2.0500
trawling	2.0375
tray	2.3000
trays	2.1000
treachery	2.0644
treacle	2.1114
treacly	2.1329
tread	2.1300
treading	1.9375
treadle	1.9429
treadmill	2.3444
treads	1.9917
treason	2.1000
treasons	2.0000
treasure	1.9375
treasured	2.2889
treasurer	1.9444
treasures	1.8667
treasury	1.9562
treat	2.3300
treaties	2.0312
treating	2.0625
treatise	2.1313
treatises	2.0389
treatment	2.0778
treats	2.1583
treaty	2.2417
treble	2.2667
trebles	2.1286
trebling	2.1000
trebly	2.2917
trebonius	2.2278
treeing	2.3500
treeless	2.4562
trefoil	2.1357
trefoils	2.0312
treize	2.4550
trek	2.1375
trelawney	2.0389
trellis	2.2143
trellises	2.1389
trema	2.1700
trematode	2.4611
tremble	2.0429
trembled	2.4250
trembles	1.9500
trembling	1.9444
trembly	2.0643
tremens	2.0000
tremont	2.2857
tremor	2.3000
tremors	2.1571
trench	2.0883
trenchant	1.9700
trenchard	1.9478
trenched	2.4100
trencher	2.0225
trenchers	1.9422
trenches	1.9350
trenching	2.0200
trenck	2.0550
trend	2.0700
trending	1.9000
trends	1.9417
trent	2.2100
trente	2.1167
trenton	2.1286
trepan	2.2083
trepans	2.0786
treponema	2.0833
tres	2.1875
tresham	1.9214
trespass	2.2938
tressel	2.3286
tresses	2.3286
trestle	2.0429
trestles	1.9500
tret	2.4375
trevelyan	2.0667
trevi	2.4000
trevor	2.3000
trex	2.4725
trey	2.3125
treys	2.1100
tria	2.2625
triad	2.1300
triadic	2.0400
triads	1.9917
trial	2.0700
trials	1.9417
triangle	1.8875
triangles	1.8222
trianon	2.2571
trias	2.1700
triassic	2.2850
trib	2.3875
tribal	2.0750
tribe	2.2600
tribes	2.1000
tribesmen	1.9833
tributary	2.0611
tribute	2.0714
tributes	1.9750
trick	2.1060
tricked	2.4686
trickery	1.9975
tricking	2.4225
trickle	1.9971
trickled	2.3850
trickles	1.9100
trickling	1.9089
tricks	1.9717
trickster	2.0089
tricksy	1.9471
tricky	2.0550
tricorn	2.0971
tricorne	2.0412
tricot	2.1967
tricycle	2.0200
tridents	2.3875
trier	2.2200
tries	2.0800
trieste	2.0929
trifle	1.9000
trifled	2.3571
trifler	1.9143
triflers	1.8375
trifles	1.8143
triflin	1.9000
trifling	1.8250
trig	2.1875
trigger	2.3143
triggers	2.1875
trigon	2.1000
trilby	2.2417
trilling	2.2750
trillion	2.4187
trillions	2.2944
trills	2.4417
trim	2.3375
trimester	2.0611
trimly	2.2083
trimmer	2.4714
trimmers	2.3250
trimmest	2.4000
trimming	2.4500
trimmings	2.3222
trims	2.1300
trinacria	2.1756
trine	2.2000
tring	2.1300
trinidad	2.0500
trinity	2.2429
trinket	2.1714
trinkets	2.0625
trio	2.4750
triomphe	2.2812
trios	2.2400
tripe	2.4000
tripes	2.2167
triple	2.2167
triplet	2.2286
triplets	2.1125
triplex	2.2486
tripling	2.0625
triply	2.2417
tripod	2.2333
tripods	2.1000
tripos	2.2667
trips	2.3300
triptych	2.1538
trireme	2.0071
tristan	2.1071
tristano	2.2250
triste	2.1667
tristes	2.0429
tristram	2.3438
trite	2.1800
tritely	2.0000
triteness	2.1611
tritest	2.1143
tritheism	1.8833
triton	2.1833
tritons	2.0571
trivet	2.2167
trivia	2.0833
trivial	1.9714
trivially	2.1556
triweekly	2.2667
trixie	2.1817
troas	2.2300
troat	2.3900
troca	2.2660
trochaic	2.0325
trochee	2.4043
trochees	2.2663
trod	2.2125
troilus	2.0429
trois	2.1400
trojan	2.0250
trojans	1.9214
trombetta	2.4111
trombone	2.1562
trombones	2.0611
tron	2.4125
trooping	2.4938
trope	2.4600
tropes	2.2667
trophies	2.1688
tropic	2.3800
tropical	2.1475
tropics	2.2257
trot	2.3875
troth	2.1700
trotline	2.0063
trots	2.1700
trotsky	1.9643
trotter	2.5000
trotting	2.3375
trou	2.3125
trouble	2.0429
troubled	2.4250
troubler	2.0375
troubles	1.9500
troubling	1.9444
troublous	2.3778
trough	1.9750
troughs	1.8786
troup	2.4300
troupe	2.3000
troupes	2.1571
trouser	2.1429
trousered	2.4167
trousers	2.0375
trousseau	2.2111
trout	2.2100
trouts	2.0583
trouver	2.1143
trouville	2.2500
trovato	2.2429
trove	2.2600
trover	2.2167
troves	2.1000
trow	2.4250
trowel	2.1917
troweled	2.4875
trowels	2.0643
troy	2.3875
troyan	2.1583
troys	2.1700
truancy	2.0686
truant	2.0833
truants	1.9714
truc	2.3200
truck	2.0760
trucked	2.4471
truckee	2.3114
trucker	2.0043
truckers	1.9163
trucking	2.4038
truckle	1.9757
trucklers	1.9033
truckling	1.8922
truckload	2.3700
trucks	1.9467
truckstop	2.1256
truculent	2.0144
trudge	1.9750
trudged	2.4214
trudges	1.8786
trudging	1.8813
true	2.2375
trueborn	2.1750
truely	2.0083
truer	2.1900
trues	2.0500
truest	2.1417
truffles	2.0063
truing	2.1083
truism	2.0917
truisms	1.9786
trulls	2.4167
truly	2.2400
trundling	2.4278
truss	2.4800
trusses	2.3071
trust	2.2400
trustee	2.4286
trustees	2.2875
truster	2.1214
trustful	2.4750
trusting	2.0063
trustless	2.1389
trusts	2.0833
trusty	2.1667
truth	2.0800
truthful	1.8750
truths	1.9500
tryin	2.3300
trying	2.1583
tryon	2.3900
tryout	2.2250
trysail	2.0357
tryst	2.3000
trysting	2.0438
trysts	2.1333
tsar	1.7500
tsardom	1.7071
tsarevich	1.8311
tsarism	1.6786
tsarist	1.7929
tsars	1.6600
tsarskoe	1.7250
tshirt	2.1083
tshirts	1.9929
tsushima	1.6438
tsvetkov	1.9250
tuam	1.6750
tuan	1.6750
tuapse	1.8417
tuba	1.7500
tubac	1.9560
tubal	1.6600
tubas	1.7600
tubb	2.5000
tubbing	2.1214
tubbs	2.2600
tube	1.7875
tubed	2.4500
tuber	1.8300
tubercles	1.7200
tuberose	1.8563
tubers	1.7417
tubes	1.6900
tubing	1.7083
tuborg	2.3583
tubs	1.6750
tubular	1.8429
tuck	1.5950
tucked	2.1883
tucker	1.6717
tuckered	2.0975
tuckerman	1.6922
tuckers	1.6186
tucket	1.7217
tucking	2.1757
tucks	1.5360
tucson	1.7383
tudi	1.5125
tudor	1.5700
tudors	1.5250
tuen	1.6875
tuer	1.7375
tuesday	1.6071
tuesdays	1.5688
tuff	1.9500
tufts	2.2800
tugboat	2.4071
tugboats	2.2687
tugela	1.5250
tugg	2.1000
tugger	2.0083
tugging	1.8929
tugs	1.4750
tuileries	1.7556
tuis	1.6875
tuition	1.8929
tuitions	1.8187
tula	1.7500
tulane	1.7417
tularosa	1.7687
tule	1.7625
tules	1.6700
tulip	1.9900
tulips	1.8750
tulla	2.1600
tullahoma	2.0389
tullamore	2.0889
tulle	2.1700
tullio	2.2167
tullius	1.9500
tullus	2.0000
tully	2.2000
tulsa	1.6600
tumblebug	2.4056
tumblers	2.3688
tumbles	2.4214
tumbling	2.3563
tunafish	2.2438
tundish	2.2786
tuneable	2.4625
tungus	2.4500
tunisian	2.4625
tunisians	2.3333
tupper	2.4583
turanian	1.7938
turati	1.7750
turbans	2.4429
turbines	2.3625
turbofan	2.3438
turbulent	2.3611
turd	1.4750
turds	1.4400
turdus	1.4500
ture	1.6125
tureen	2.0667
tureens	1.9571
turf	2.4500
turfan	2.2000
turfy	2.3200
turgay	2.2500
turgenev	2.2625
turgid	2.1417
turgidity	2.0111
turgidly	1.9938
turin	1.6700
turing	1.6083
turk	1.4750
turkestan	1.6500
turkey	1.5583
turkeys	1.5214
turkic	2.2550
turkish	2.0214
turko	1.7300
turks	1.4400
turku	1.4800
turm	1.6500
turma	1.6400
turmoil	1.9143
turn	1.6500
turnbull	2.0125
turncoat	1.8413
turncoats	1.7811
turndown	1.6750
turne	1.6500
turned	2.2250
turner	1.7083
turners	1.6500
turneth	1.6929
turnham	2.1857
turnin	1.8750
turning	1.7929
turnings	1.7313
turnip	2.0417
turnips	1.9357
turnkey	1.7071
turnkeys	1.6563
turnoff	2.0214
turnout	1.8500
turnouts	1.7812
turnover	1.9000
turnovers	1.8333
turnpike	2.3125
turnpikes	2.2000
turns	1.5800
turnstile	1.7667
turnt	1.6800
turok	1.5700
turpin	1.7917
turpitude	2.1000
turquoise	1.8389
turret	2.1250
turreted	2.4375
turrets	2.0071
turrible	1.9375
turtle	2.0083
turtles	1.9071
turtling	1.9062
turu	1.5750
tuscan	1.7967
tuscarora	1.8144
tush	1.4750
tushes	1.4750
tusk	1.4250
tusked	2.0750
tuskegee	1.9062
tusker	1.5583
tuskers	1.5214
tusks	1.4000
tussle	1.8917
tussled	2.3500
tussles	1.8071
tussock	1.9186
tussocks	1.8413
tussore	1.9286
tutelage	1.6375
tutelar	1.7071
tutelary	1.7188
tutor	1.7100
tutored	2.1857
tutorial	1.6375
tutoring	1.6750
tutors	1.6417
tutt	2.3500
tutti	2.2100
tutto	2.2700
tutu	1.6500
twaddle	1.9286
twain	1.7800
twang	1.6900
twanged	2.1714
twanging	1.6625
twangy	1.7083
twankey	1.7857
twas	1.7875
tway	1.7875
tweak	1.7200
tweaked	2.1929
tweaking	2.1813
tweaks	1.6500
tween	2.3700
tweety	2.3583
tweezers	2.3850
twelfth	2.1857
twelve	1.7917
twelves	1.7214
twen	1.9250
twent	1.9000
twenties	1.7625
twentieth	1.8222
twenty	1.8833
twentyman	2.4444
twentyone	1.9222
twentysix	1.8433
twentytwo	1.8889
twere	1.9100
twichell	1.9288
twiddle	1.8643
twiddled	2.2687
twig	1.6750
twigg	2.1000
twigged	2.4643
twigging	1.9188
twigs	1.6000
twilight	1.6938
twilights	1.6500
twilit	1.8250
twill	2.2600
twin	1.8250
twine	1.7900
twined	2.3417
twines	1.7083
twinge	1.7083
twinges	1.6500
twinging	1.6813
twining	1.8929
twink	1.8400
twinkle	1.8071
twinkled	2.2188
twinkles	1.7438
twinkling	1.7611
twinkly	1.8286
twinn	2.3200
twinning	2.1938
twins	1.7200
twirl	1.6400
twirled	2.1357
twirler	1.6929
twirling	1.6313
twirls	1.5833
twist	1.8600
twisted	2.2929
twister	1.8500
twisters	1.7813
twisting	1.7688
twists	1.7667
twisty	1.8500
twit	1.8000
twitch	1.7633
twitched	2.1662
twitches	1.6913
twitching	1.8033
twitchy	2.3400
twits	1.7000
twitter	2.1643
twittered	2.4333
twitting	2.0438
twixt	2.1280
twofold	2.1500
twohanded	2.4722
twohig	1.7917
twon	1.9000
twopences	2.4978
twos	1.7500
twosome	1.7857
twould	1.7333
tyan	1.7500
tybalt	1.7333
tyburn	1.7500
tycoon	2.3133
tyerman	1.7786
tying	1.7900
tyke	1.7875
tyler	1.8700
tyll	2.3750
type	2.0375
typee	2.4600
types	1.8900
typhoid	1.9000
typhon	2.0750
typhoon	2.4143
typhoons	2.2750
typhus	2.4333
typical	1.8614
typically	2.0700
typified	2.1938
typifies	1.7188
typify	1.8250
typifying	1.8111
typing	1.8917
typist	2.0083
typists	1.9071
typo	2.1125
typos	1.9500
tyrannic	2.1913
tyrannies	2.0556
tyrannis	2.1063
tyrannize	2.3533
tyrannous	2.0722
tyrant	1.7167
tyrants	1.6571
tyre	1.6875
tyrell	1.9750
tyres	1.6100
tyrian	1.6917
tyro	1.7625
tyrol	2.4700
tyrolean	2.1750
tyrolese	2.2188
tyrone	1.7667
tyros	1.6700
tyrrel	2.0083
tyrus	1.5800
tyson	1.7500
ubique	1.8000
ubiquity	1.8625
udolpho	2.4429
udon	1.6125
uganda	1.4833
uglier	1.5667
uglies	1.4500
ugliest	1.6143
uglify	1.4250
uglifying	1.5444
ugliness	1.8000
ugly	1.4750
ugolino	2.3786
uhlan	2.4000
uhland	2.1833
uinta	1.7900
uitlander	2.1000
ukase	1.8500
ukraine	1.6714
ukrainian	1.8000
ulan	1.7500
ulcerous	2.4350
ulex	1.9225
ullstein	2.0625
ulna	1.7500
ulrich	1.6717
ulster	1.8583
ulsters	1.7786
ultan	1.7600
ulterior	1.8313
ultima	1.7583
ultimate	1.8500
ultimates	1.7889
ultimatum	2.4389
ultimo	2.0000
ultra	2.2000
ululant	1.7714
ululating	1.8056
ululation	1.9333
ulver	1.8300
ulysses	2.0357
umbilical	2.3533
unamiable	2.4889
unawares	2.5000
unbeknown	2.4833
unbelief	2.3813
unbending	2.2667
unbends	2.4071
unbinds	2.4071
unbought	2.3438
unbuckle	2.3662
unbuckles	2.2478
unbudging	2.2389
unburnt	2.5000
uncapable	2.4700
uncaring	2.4413
uncaught	2.2850
unchain	2.4614
unchaste	2.4663
unclean	2.4471
uncleanly	2.3367
uncoiling	2.3700
uncomely	2.4225
uncorks	2.3757
uncouth	2.4757
uncouthly	2.3256
uncovers	2.4475
uncurable	2.3589
uncurling	2.2144
uncurls	2.3400
undies	2.4167
undoes	2.4667
undoing	2.3857
undreamt	2.3813
undulant	2.3375
undulate	2.4188
undulates	2.2944
undutiful	2.1611
undying	2.4357
uneager	2.5000
uneasier	2.3937
uneasily	2.4250
uneatable	2.4556
unending	2.2750
unequal	2.4643
unethical	2.3756
unfailing	2.2222
unfair	2.4250
unfairly	2.2063
unfallen	2.4938
unfasten	2.4062
unfearing	2.2444
unfeeling	2.4167
unfelt	2.4250
unfilial	2.2625
unfitly	2.3357
unfitness	2.4222
unfits	2.4250
unfurl	2.3500
unfurling	2.1056
unfurls	2.2000
ungainly	2.3938
ungallant	2.4444
ungentle	2.2875
ungodly	2.3214
ungual	2.4167
unguent	2.4071
uniformly	2.4111
uniforms	2.3875
unifying	2.4625
unitarian	2.4778
universal	2.3667
universes	2.4611
unknowing	2.4833
unlashing	2.3611
unleash	2.4643
unliving	2.4000
unlucky	2.4686
unravels	2.3563
unready	2.4214
unreal	2.4750
unreality	2.2333
unreason	2.4000
unreeling	2.4722
unresting	2.3000
unriddle	2.4500
unrisen	2.5000
unsaddle	2.4813
unsafe	2.4750
unsafest	2.3438
unsaid	2.4083
unsalable	2.2722
unsavory	2.4438
unsavoury	2.3389
unsays	2.4667
unself	2.4750
unselfish	2.1222
unshaken	2.1938
unshapely	2.2389
unshaven	2.3938
unsheathe	2.2444
unshorn	2.4929
unsightly	2.1389
unsmiling	2.4000
unsocial	2.3225
unsought	2.2438
unsparing	2.3611
unsphere	2.3875
unspoken	2.3750
unsteady	2.4187
unstick	2.4900
unstuck	2.4686
unsure	2.4583
untaken	2.3929
untamable	2.3833
untangle	2.2812
untaught	2.2625
untenable	2.3889
unthought	2.2833
unthread	2.2812
untidily	2.3625
untimely	2.3625
untiring	2.3250
untoward	2.4375
unvarying	2.4056
unveiling	2.3278
unveils	2.4857
unweaving	2.4389
unwelcome	2.4089
unwieldy	2.2812
unwinding	2.2500
unwisdom	2.3937
unwisely	2.4063
unwomanly	2.4333
unworldly	2.1889
uomo	2.2250
upas	1.9500
upbeat	2.0750
upbraids	2.3937
upcast	2.0633
upcoming	2.0225
updated	2.3500
updike	2.3167
updraft	2.3857
updrafts	2.2500
upheaval	1.8063
upheavals	1.7500
upheave	1.9000
upheaved	2.3000
upheaving	1.8222
upheld	1.6250
uphill	2.3417
uphold	2.4750
upholding	2.1889
upholds	2.3071
upholster	2.3667
upkeep	2.2833
upland	1.7000
uplands	1.6429
uplift	2.3583
uplifter	2.2250
uplifting	2.1111
uplifts	2.2071
upmost	2.2083
upon	2.0625
uppercut	2.2913
uppermost	2.4111
uppers	2.3750
upping	2.3583
uppish	2.2583
upraise	1.8429
upraised	2.2500
upraising	1.7000
uprear	1.9083
upreared	2.2750
uprearing	1.8111
upright	1.7071
uprightly	1.6722
uprights	1.6563
uprise	1.8833
uprising	1.7125
upriver	1.8714
uproar	1.9583
uproars	1.8643
uproot	2.3500
uprooting	2.1056
uprose	1.9333
upsala	1.7000
upscale	1.8614
upset	2.0900
upsets	1.9583
upsetting	2.1778
upshot	1.9250
upside	2.3500
upson	1.9100
upspring	1.8063
upstage	1.9071
upstairs	1.7938
upstart	2.3571
upstarts	2.2250
upstate	2.0214
upstream	2.1688
upsurge	2.2357
upswing	2.3571
upthrust	1.8000
uptodate	1.8875
upton	2.0100
uptown	1.9833
upturn	1.8333
upturned	2.2188
upturning	1.8833
upturns	1.7571
upward	1.8917
upwardly	1.8063
upwards	1.8071
upwind	1.8333
ural	1.4750
uralian	1.5643
urals	1.4400
urania	1.7917
uranian	1.7929
uranus	2.4500
urbanely	2.3438
urbanism	2.4813
urchin	1.7883
urchins	1.7186
uremia	1.8000
ures	1.4875
urethra	1.6214
urge	2.4875
urgencies	2.0367
urgency	2.2186
urgent	2.2583
urgently	2.0812
urges	2.2500
urging	2.1917
urgings	2.0643
uriah	1.5100
urim	1.6375
urinal	1.5750
urinals	1.5357
urinary	1.7500
urinate	1.7714
urinated	2.1875
urinating	1.7333
urine	1.6400
urna	1.6000
urns	1.5250
ursa	1.4750
ursine	1.5833
urso	1.5625
ursula	1.5833
ursuline	1.6375
uruguay	1.5286
usable	1.7083
usage	1.5700
usages	1.5250
usances	2.3757
useful	1.7750
usefully	2.0312
useless	1.9000
uselessly	1.8222
usen	1.7625
user	1.8125
users	1.7100
uses	1.6375
usha	1.4250
ushant	1.5500
usher	1.5500
ushered	2.0714
ushering	1.5750
ushers	1.5083
usin	1.5875
using	1.5300
usque	1.6700
ussr	2.2250
usted	2.4300
ustin	1.7900
usual	1.4400
usually	1.8286
usufruct	2.1475
usurer	1.5750
usurers	1.5357
usurious	1.5875
usurp	1.6400
usurped	2.1357
usurper	1.6929
usurpers	1.6438
usurping	1.6313
usurps	1.5833
usury	1.5200
usus	1.4000
utah	1.5500
utensil	1.6857
utensils	1.6375
uterine	1.7357
uterus	1.6250
utes	1.5625
utica	1.7060
utilise	1.7786
utilised	2.1937
utilities	1.6778
utility	1.7571
utilize	2.0471
utilized	2.4287
utilizing	1.8256
utis	1.5625
utmost	2.0083
utopia	1.9000
utopian	1.8857
utopians	1.8125
utopias	1.8857
utricle	1.9829
utter	2.2500
utterable	2.0778
utterer	2.1286
uttering	2.0125
utterly	2.0500
uttermost	2.2222
utters	2.0917
uttoxeter	2.2878
uturn	1.6200
uvalde	2.1583
uvarov	1.8250
uvula	1.7000
uvular	1.8000
uxbridge	2.4550
uxorious	1.7737
vacancies	1.7956
vacancy	1.9086
vacant	1.8967
vacantly	1.8100
vacate	2.0050
vacated	2.4471
vacating	1.9038
vacation	2.0475
vacations	1.9644
vaccinate	2.2289
vaccine	2.2657
vache	1.8260
vaches	1.7383
vacillate	2.1756
vacuity	1.9186
vacuo	2.0260
vacuous	1.8471
vadim	1.7100
vadose	1.7833
vagabond	1.8313
vagabonds	1.7722
vagaries	1.7125
vagary	1.8167
vagina	1.7250
vaginal	1.6643
vagrancy	2.2350
vagrant	2.2714
vagrants	2.1500
vagrom	2.4250
vague	1.6700
vaguely	1.6357
vagueness	1.8778
vaguer	1.7250
vagues	1.6083
vaguest	1.7500
vail	1.7875
vailed	2.3167
vaillant	2.0188
vails	1.6900
vain	1.7375
vainer	1.7667
vainglory	2.0889
vainly	1.8083
vair	1.6375
vais	1.5875
valais	1.5417
valance	2.4614
valdarno	1.8188
valde	2.2900
valdes	2.1250
valdez	2.4050
vale	1.5875
valence	2.4686
valences	2.3225
valencia	1.6725
valens	1.5750
valente	1.6571
valenti	1.6571
valentin	1.6875
valentine	1.6833
valentino	1.8389
valera	1.6583
valeria	1.6571
valerian	1.6750
valerius	1.6000
valery	1.6917
vales	1.5300
valet	1.7300
valets	1.6583
valeur	1.5583
valey	1.6300
valhalla	1.7875
valiance	2.3600
valiant	1.6500
valiantly	1.6278
valid	1.4900
validate	1.6625
validated	2.0444
validity	1.5875
validly	1.5071
valiente	1.6563
valise	1.6833
valises	1.6286
valkyrie	1.5500
vallee	2.3833
valley	1.9917
valleys	1.8929
vally	2.0600
valois	2.2667
valor	2.4300
valorous	2.1125
valour	2.2750
valse	1.6900
valu	1.5500
valuable	1.7063
valuables	1.6611
valuation	1.8222
value	1.5700
valued	2.1583
valueless	1.7667
values	1.5250
valuing	1.6500
valve	1.6500
valved	2.2250
valves	1.5917
valvular	1.7500
vamonos	2.0714
vamoose	2.3500
vamos	1.9100
vamp	2.1750
vamping	1.9357
vampire	1.9286
vampires	1.8500
vampiric	1.9350
vampirism	1.8444
vamps	2.0000
vanbrugh	2.3000
vancouver	1.7978
vandal	1.5333
vandalism	1.5500
vandals	1.5000
vandeleur	1.9889
vandyke	1.6643
vane	1.7125
vanes	1.6300
vanessa	1.9357
vang	1.6250
vanguard	1.6250
vanilla	2.2071
vanish	1.7583
vanished	2.1625
vanishes	1.6875
vanishing	1.8000
vanities	1.7938
vanity	1.9250
vanquish	1.7313
vans	1.6250
vant	1.7500
vantage	1.7214
vantages	1.6688
vapid	1.7100
vapidity	1.7250
vapor	1.8500
vaporing	1.7625
vaporize	2.0663
vaporized	2.4033
vaporous	1.7500
vapors	1.7583
vapory	1.8417
vapour	1.7917
vapours	1.7214
vapoury	1.7929
vaquero	2.4143
vaqueros	2.2750
vara	1.8250
varas	1.8200
varennes	2.0500
vari	1.8375
variable	1.8500
variables	1.7889
variably	1.8688
variance	2.4850
variances	2.3533
variant	1.7929
variants	1.7313
variation	1.9500
varicose	1.8788
varied	2.3500
variegate	1.8833
varies	1.7167
varieties	1.7667
variety	1.8714
various	1.8000
variously	1.7444
varius	1.6917
varlamov	1.9063
varlet	1.8250
varletry	2.0938
varlets	1.7500
varmint	1.9929
varmints	1.9063
varney	1.8250
varnish	1.8357
varnished	2.1778
varnishes	1.7556
varro	2.3300
varsity	1.7500
vary	1.8750
varying	1.8357
vasa	1.7000
vase	1.9125
vaseline	1.7688
vases	1.7900
vasilenko	1.8944
vasilev	1.9286
vasiliev	1.8938
vasiliy	1.7714
vaso	1.7875
vassal	1.9833
vassalage	1.8833
vassals	1.8857
vassar	2.1500
vast	1.9500
vaster	1.9083
vastest	1.9071
vastly	1.8167
vastness	2.0438
vasty	1.9200
vaterland	1.7167
vates	1.7900
vatican	1.8614
vats	1.8250
vattel	2.2083
vaucluse	1.6788
vaudois	1.5571
vaughan	1.5571
vaughn	2.2167
vault	1.7600
vaulted	2.2214
vaulting	1.7063
vaults	1.6833
vaulty	1.7667
vaunting	2.3563
vautrin	2.0357
vaux	1.8100
vauxhall	1.9050
vaya	1.7000
vayas	1.7200
vdot	1.6625
veal	1.6125
vear	1.8625
veblen	1.9167
vedas	2.4100
veer	2.4250
veering	2.0786
veers	2.2000
vees	2.2500
vega	1.8125
vegas	1.8100
vegetable	1.8944
vegetal	1.7857
vegetate	1.9313
vegetated	2.2833
vegetates	1.8611
vehemence	2.3200
vehemency	1.7256
vehement	1.6938
vehicle	1.7471
vehicles	1.6913
vehicular	1.8644
veil	1.8250
veiled	2.3417
veiling	1.7357
veils	1.7200
vein	1.7750
veined	2.3083
veining	1.8643
veins	1.6800
vela	1.6125
velarium	2.4000
velasquez	1.8644
veldt	1.7100
velis	1.5600
vell	2.1625
velly	2.0900
velocity	2.2538
velour	2.3000
velours	2.1571
velure	1.5833
velvet	1.7833
velveteen	2.0333
velvets	1.7143
velvety	1.7857
vely	1.6625
vemos	1.9400
venal	1.6500
venantius	1.6667
venation	1.9438
vende	2.4200
vender	2.3500
venders	2.2000
vendettas	2.4556
vendible	1.6438
vending	1.6143
vendome	1.7071
vendor	1.6500
vendors	1.6000
vendre	1.7333
vendredi	2.1437
vendue	1.6000
veneer	2.1917
veneered	2.4875
veneering	2.0000
veneers	2.0643
venerable	1.8278
venerably	1.8444
venerate	1.8563
venerated	2.2167
venereal	1.6938
venery	1.8000
venetia	1.7929
venetian	1.7938
venetians	1.7389
veneto	1.8750
venezuela	1.7811
venga	1.6500
venganza	2.3163
venge	1.6600
vengeance	2.3144
vengeful	1.7125
vengerov	1.7562
veni	2.0250
venial	1.8333
venir	1.9200
venison	1.8929
venit	1.9800
venite	1.9250
venn	2.4125
venner	2.2167
venom	2.0600
venomous	2.0187
vent	1.7875
vented	2.3167
ventidius	1.5944
ventilate	1.8611
venting	1.7143
vento	1.8200
ventral	2.0071
ventre	2.1333
ventricle	1.9700
ventry	2.1583
vents	1.6900
ventura	1.6786
venture	1.6857
ventured	2.1125
ventures	1.6375
venturing	1.6667
venturous	1.6556
venuses	2.4857
venusians	2.2222
vera	1.7875
veracious	1.8700
veracity	1.8975
veranda	1.6643
verandah	1.6188
verandahs	1.5833
verandas	1.6813
veras	1.7900
verbalise	2.3833
verbiage	2.4813
verbosity	2.4056
verd	1.6625
verdad	1.6417
verdadera	2.1222
verdadero	2.1611
verdancy	1.7288
verdant	1.6929
verdantly	1.6611
verde	2.4600
verdes	2.2667
verdi	1.6600
verdict	1.8829
verdicts	1.8100
verdigris	2.0056
verdure	1.6143
vere	1.8000
verena	1.7667
veres	1.7000
verge	2.5000
verger	2.4167
vergers	2.2571
verges	2.3000
vergessen	2.4278
vergil	2.4333
vergine	2.2929
verging	2.2429
verier	1.8083
veriest	1.8214
verified	2.0750
verifies	1.6000
verify	1.6667
verifying	1.7056
verily	1.8500
veritable	1.8278
veritably	1.8444
veritas	1.7714
verities	1.7000
verity	1.8000
verlaine	1.7063
verloc	2.4633
verloren	2.2188
vermeil	1.8214
vermiform	1.8167
vermifuge	1.7278
vermilion	2.0222
vermin	2.0000
verminous	1.9833
vermis	1.9000
vermont	2.0143
vermouth	1.8750
vermouths	1.8111
vernal	1.7083
verne	1.8000
verner	1.8333
vernier	1.9643
vernon	2.0500
vero	1.8750
verona	1.8333
veronese	1.8500
veronica	1.9663
verplanck	1.7478
verra	2.2300
verres	2.0833
verrier	2.1214
vers	1.7125
versa	1.6900
versal	1.6250
versatile	1.8278
verse	1.8600
versed	2.4000
verses	1.7667
versicle	1.6788
versicles	1.6367
versified	1.9889
versifier	1.6444
versing	1.6714
version	1.8357
versions	1.7688
verso	1.7600
verst	1.8900
versts	1.7917
versus	1.6083
vert	2.4625
verte	2.3000
vertex	2.3233
vertical	2.0475
vertigo	2.1071
vertu	2.2700
vertuous	2.0750
verulam	1.7929
verus	1.6700
very	1.8375
vesical	1.6257
vespasian	1.7444
vesper	1.8167
vesperal	1.7250
vespers	1.7429
vespine	1.7786
vessel	2.0667
vessels	1.9571
vest	1.8625
vesta	1.8100
vestal	1.7250
vestals	1.6643
vested	2.3667
vestibule	1.8278
vestige	1.7214
vestiges	1.6688
vestigial	1.6611
vesting	1.7571
vestment	1.8125
vestments	1.7556
vestris	2.0571
vestry	2.2083
vests	1.7500
vesture	1.7286
vestured	2.1500
vestures	1.6750
vesuvius	1.5750
vetch	1.8460
vetches	1.7400
vete	1.8750
veter	1.9000
veteran	1.8429
veterans	1.7750
veto	1.9500
vetoed	2.4250
vetoes	1.7917
vetra	2.2900
veut	1.7125
veuve	1.7200
veux	1.8475
vexation	2.0238
vexations	1.9433
vexatious	1.8989
vexes	2.0080
vexing	1.8067
viability	1.8833
viable	1.8167
viaduct	1.8614
viaducts	1.7913
viaggio	2.1071
viaje	1.5400
vial	1.5875
vials	1.5300
viand	1.5900
viands	1.5417
viardot	1.7429
viareggio	2.1111
vias	1.7125
viator	1.8500
vibes	1.7200
viborg	2.3833
vibrancy	2.4663
vibrantly	2.3167
vibrates	2.4625
vibrating	2.4000
vibratory	2.4444
vicar	1.8660
vicarage	1.7975
vicarious	1.8033
viceregal	2.3589
vicereine	2.3811
viceroys	2.4538
viceversa	2.4589
vich	1.6825
vici	1.7700
vicinity	1.9163
vicious	1.7614
viciously	1.7144
vickery	1.7114
vicksburg	2.1144
vico	1.8450
vicomte	1.8186
victim	1.9800
victimise	2.0422
victims	1.8829
victor	1.9633
victoria	1.8787
victorian	1.8700
victories	1.8200
victors	1.8686
victory	1.9400
victual	1.8186
victualed	2.1644
victuals	1.7538
vida	1.5375
vidal	1.4900
vidalia	1.5286
video	2.4300
vides	2.3000
vidi	1.5500
vidit	1.6000
vidocq	1.8300
vieillard	1.9611
vieille	2.0429
vieilles	1.9500
vieja	1.5400
viejas	1.5833
viejo	1.7700
vielen	1.6417
viene	1.7100
vienna	2.1333
vienne	2.1417
viennese	2.0750
viens	1.6400
vient	1.7400
viento	1.7750
vierge	2.3417
vies	1.6000
vietnam	1.8000
vieux	1.7880
view	1.7625
viewed	2.3833
viewer	1.8667
viewing	1.7000
viewless	1.8875
viewpoint	1.8611
views	2.4700
vigil	1.7000
vigilance	2.3367
vigilant	1.7125
vigilante	1.7056
vigils	1.6333
vignette	2.0563
vignetted	2.3944
vignettes	1.9722
vigor	1.6400
vigorous	1.6187
vigour	1.6167
viiith	2.4750
viktor	2.3000
vilas	1.7900
vile	1.8000
vilely	1.7167
vileness	1.9688
viler	1.8400
vilest	1.8500
vilified	2.0750
vilify	1.6667
vilifying	1.7056
vill	2.3375
villa	2.1900
village	2.0571
villager	2.0500
villagers	1.9667
villages	1.9625
villain	2.0714
villains	1.9750
villanous	2.0667
villareal	1.9778
villas	2.1250
ville	2.2000
villein	2.0786
villeins	1.9813
villians	1.9625
villiers	1.9937
villified	2.2667
vilna	1.7900
vilyui	2.2500
vina	1.7375
vincente	2.4663
vincentio	2.4644
vinci	1.7960
vinck	1.6860
vindex	2.4233
vindicate	1.7700
vine	1.7500
vinegar	1.8571
vinegared	2.1944
vinegary	1.8500
viner	1.8000
vinery	1.8000
vines	1.6600
vineyard	1.7250
vineyards	1.6778
ving	1.6625
vingt	2.4900
vining	1.8833
vino	2.1000
vinous	1.8667
vint	1.7875
vintage	1.7429
vintager	1.7750
vintages	1.6875
vintner	1.8000
vintners	1.7375
violas	2.4333
violate	2.4357
violates	2.2938
violating	2.2500
violation	2.3778
violator	2.3563
violators	2.2389
violent	2.3500
violently	2.1722
violets	2.3500
violin	2.4583
violinist	2.3778
violins	2.2929
viols	2.5000
viper	2.0000
viperous	1.8438
vipers	1.8833
virag	1.6700
virago	1.7167
viragos	1.6571
virelay	1.6143
vireos	1.6417
virgil	2.3333
virgilia	2.1562
virgilian	2.1167
virgilius	2.0500
virgin	2.3000
virginal	2.0875
virginals	2.0000
virginia	2.2687
virginian	2.2167
virginias	2.2167
virginity	2.2389
virginius	2.1500
virgins	2.1571
virgo	2.4400
virile	1.7250
virility	1.7438
virtual	1.9500
virtually	2.1389
virtue	2.0667
virtues	1.9571
virtuosi	2.0187
virtuoso	2.0562
virtuosos	1.9722
virtuous	2.0000
virulence	2.3478
virulent	1.7250
virus	1.5500
visa	1.5875
visage	1.6333
visaged	2.1286
visages	1.5857
visalia	1.5571
visas	1.6300
visceral	2.4475
viscid	1.7133
visconti	1.8538
viscosity	1.7811
viscounts	2.3756
viscous	1.7543
viscously	1.7089
vise	1.8000
vised	2.4600
visible	1.6357
visibly	1.6571
vision	1.7917
visionary	1.8278
visions	1.7214
visit	1.6400
visitant	1.6750
visitants	1.6333
visited	2.1357
visitin	1.6786
visiting	1.6313
visitor	1.6643
visitors	1.6188
visits	1.5833
visor	1.6400
visored	2.1357
visors	1.5833
vista	1.7900
vistas	1.7917
visto	1.8600
visual	1.5250
visuality	1.6000
visualize	1.8256
visually	1.8438
vita	1.7125
vitae	1.8600
vital	1.6300
vitale	1.6333
vitalist	1.7125
vitality	1.6750
vitalized	2.2811
vitalizes	1.8589
vitally	1.9643
vitals	1.5750
vitam	1.7300
vitamin	1.9000
vitamins	1.8250
vite	1.7250
vitiated	2.2313
vitiates	1.7563
vitiating	1.7722
vitreous	1.9563
vitrified	2.2556
vitrine	2.0643
vitriolic	2.4756
vitruvius	1.8889
vittles	1.9714
vittoria	2.0312
vitus	1.6100
viva	1.7125
vivacious	1.8367
vivacity	1.8600
vivaldi	1.5571
vivant	1.7417
vivants	1.6786
vivas	1.7300
vive	1.7500
vivendi	1.6500
viveur	1.6667
vivia	1.7000
vivian	1.7167
vivid	1.6000
vividest	2.1938
vividly	1.5857
vividness	1.8389
vivien	1.7250
vivified	2.0375
vivify	1.6167
vivifying	1.6722
vivir	1.6800
vivo	1.8000
vixen	2.0680
vixens	1.9400
viyella	1.9429
vizards	2.3757
vizier	1.9383
viziers	1.8471
vizor	1.9560
vizors	1.8467
vladimir	1.7625
vladislav	1.6389
vlas	1.6250
vobis	1.7600
vocal	1.7260
vocalism	1.6725
vocalist	1.7725
vocalists	1.7200
vocally	2.0329
vocation	1.9913
vocations	1.9144
vocative	1.8913
vocatives	1.8256
voda	1.6125
vodka	1.5100
voegelin	1.7500
voglio	1.7417
vogue	1.6400
voiceful	2.4912
voici	1.8060
voicing	1.7471
void	1.6250
voiding	1.6214
voids	1.5600
voie	1.7625
voil	1.8750
voila	1.8200
voile	1.8300
voir	1.7250
vois	1.6750
voisin	1.7083
voit	1.8000
volant	2.3750
volante	2.2714
volare	2.4333
volatile	2.3313
volatiles	2.2167
volcanic	2.3950
volcanism	2.2533
volcano	2.4971
volcanoes	2.2700
volcanos	2.3475
volga	2.3900
volgin	2.3167
volition	2.3125
volitions	2.2000
volke	2.3600
volker	2.3000
volkov	2.4500
volleying	2.4056
volscian	2.2725
volscians	2.1644
volstead	2.2250
volta	2.4900
voltage	2.2714
voltaic	2.2971
voltaire	2.1562
volturno	2.3375
voluble	2.2286
volubly	2.2500
volute	2.3333
volutes	2.1857
volution	2.2938
vomica	1.9967
vomit	2.0400
vomited	2.4214
vomiting	1.8813
vomitory	1.9312
vomits	1.9167
vonnegut	2.1250
vont	1.8625
voodooism	2.2722
voracious	1.8367
voracity	1.8600
voronezh	1.8788
vorontsov	1.7722
vorpal	1.7583
vorrei	2.0917
vortex	2.2733
vost	1.9125
vostro	2.2667
votaries	1.7563
votarist	1.8750
votary	1.8750
vote	1.8000
voted	2.4600
voter	1.8400
voters	1.7500
votes	1.7000
voting	1.7333
votive	1.7917
voto	1.8750
votre	2.2400
vouch	1.7060
vouched	2.1829
voucher	1.7400
vouchers	1.6850
vouches	1.6400
vouching	1.7725
vouchsafe	1.6200
voudrais	1.6500
voulez	1.9967
vouloir	2.3500
vous	1.6375
vova	1.7875
vowel	1.8300
vowels	1.7417
vowing	1.7583
voyage	1.7667
voyaged	2.2429
voyager	1.8000
voyagers	1.7375
voyages	1.7000
voyageur	1.7000
voyageurs	1.6556
voyaging	1.7250
voyeur	1.7000
voyez	2.0360
vpns	1.8500
vraiment	2.4000
vulcan	1.7967
vulcania	1.8913
vulcanite	1.8867
vulgar	1.7667
vulgarest	1.7944
vulgarian	1.7389
vulgarity	1.7611
vulgarize	1.9867
vulgarly	1.7125
vulgo	1.7300
vulgus	1.5833
vult	1.8000
vulture	1.6929
vultures	1.6438
vulturine	1.7111
vulturous	1.6611
vulva	1.7600
vyborg	2.4083
vying	1.7900
waals	2.0500
wabash	1.8583
wabasha	1.8214
wabble	2.3333
wabe	2.0500
wacky	1.8460
waco	2.0700
wacs	1.9075
wadcutter	2.4867
wadding	1.9429
waddle	1.9500
waddled	2.4000
waddler	1.9571
waddles	1.8571
waddling	1.8625
waddy	2.1100
wades	2.4200
wading	1.6667
wadman	1.7250
wads	1.6125
wafer	1.7400
wafers	1.6667
waffen	2.0000
waffle	1.9167
waffled	2.3714
waffles	1.8286
waftage	2.2714
wafting	2.2429
wafts	2.4300
wafture	2.2143
wage	1.7500
waged	2.4200
wager	1.8000
wagered	2.2500
wagers	1.7167
wages	1.6600
wagga	2.1500
waggery	2.0857
wagging	2.0000
waggish	1.9143
waggle	2.0167
waggled	2.4571
waggling	1.9125
waggly	2.0417
waggner	2.0857
waggon	2.1667
waggoner	2.0813
waggons	2.0429
waging	1.7000
wagner	1.8000
wagnerian	1.7611
wagon	1.8400
wagoner	1.8357
wagonette	2.1222
wagonload	2.2722
wagons	1.7500
wags	1.6625
wagtail	2.3571
wahoo	2.4100
wahr	1.5875
waif	1.5500
waifs	1.5000
wail	1.8250
wailed	2.3417
wailer	1.8250
wailful	1.7000
wailin	1.8083
wailing	1.7357
wailings	1.6813
wails	1.7200
wain	1.7750
wains	1.6800
wainscot	1.8662
wainscots	1.8033
wair	1.6750
wais	1.6250
waist	1.8200
waistband	2.3556
waistcoat	1.9256
waisted	2.2643
waistline	1.7333
waists	1.7333
wait	1.7500
waite	1.7300
waited	2.2917
waiter	1.7750
waiters	1.7071
waites	1.6583
waiteth	1.7500
waitin	1.7583
waiting	1.6929
waitress	2.2188
waits	1.6600
waive	1.7500
waived	2.3083
waiving	1.6929
wakatipu	1.8625
wake	1.5750
waked	2.2800
wakefield	1.5333
wakeful	1.6714
waken	1.6200
wakened	2.1214
wakening	1.7563
wakes	1.5200
wakin	2.4400
waking	2.2500
wakings	2.1143
wald	1.4875
waldemar	2.1625
walden	2.2333
waldenses	2.0500
waldheim	1.5562
waldmann	1.9313
waldo	1.5800
waldorf	2.0571
waldrop	1.8714
wale	1.6250
wales	1.5600
walford	1.4857
walgreens	2.2833
waling	1.6167
walk	1.4875
walkabout	1.7444
walkaway	1.7125
walked	2.1167
walker	1.6000
walkers	1.5571
walketh	1.6000
walkin	2.2500
walking	2.1143
walks	1.4500
walkup	1.7250
walkway	1.6143
walkways	1.5750
wall	2.1625
wallack	2.0186
wallaroo	2.3687
wallboard	1.9667
wallen	2.0167
waller	2.0500
wallers	1.9429
wallet	2.1000
wallets	1.9857
walleyed	2.3563
walli	2.0600
walling	1.9286
wallis	1.9333
walloping	2.4833
wallowing	2.3778
wallpaper	2.1667
walls	1.9900
wally	2.0900
walmart	2.1214
walnuts	2.3929
walpole	2.4214
walpurgis	2.1444
walrus	1.5250
walruses	1.6125
walsh	1.4900
walt	1.6625
walter	1.7167
walters	1.6571
walther	1.6571
walton	1.7500
waltz	1.9260
waltzed	2.4971
waltzers	1.9600
waltzes	1.9543
waltzing	1.8100
wamba	1.8100
wamble	1.7333
wame	1.7500
wampus	1.9417
wand	1.6125
wanda	1.6100
wander	2.3500
wanderer	2.2188
wanderers	2.1167
wanderin	2.2062
wandering	2.1056
wanders	2.2000
wands	1.5500
wane	1.7500
waned	2.4200
wanes	1.6600
wang	1.6625
wanganui	2.4000
wangled	2.1000
wangles	1.5571
waning	1.8833
wanita	1.9167
wank	1.8125
wanker	1.8167
wanly	1.8500
wanna	2.2500
wanner	2.2167
want	1.7875
wanta	1.7500
wanted	2.3167
wanter	1.8000
wanteth	1.7714
wantin	1.7833
wanting	1.7143
wanton	1.8333
wantoning	1.8833
wantonly	1.8625
wantons	1.7571
wants	1.6900
wapiti	1.8417
wapping	2.2429
wappinger	2.1500
warblers	2.4625
warbling	2.4500
warcry	2.0550
ward	1.7375
warden	2.4000
wardens	2.2429
warder	2.4333
warders	2.2714
warding	1.6857
wardour	1.7000
wardrobe	1.8813
wardrobes	1.8167
wardroom	2.1937
wards	1.6500
ware	1.8750
warehouse	1.8667
wares	1.7600
warfare	2.3429
warhead	1.7143
warhorse	1.8938
wariest	1.8643
warily	1.9000
wariness	2.0188
waring	1.7833
warkworth	1.9944
warland	1.6643
warlike	2.2214
warlock	2.3114
warlocks	2.1850
warm	1.9125
warmed	2.4000
warmer	1.8833
warmers	1.8000
warmest	1.8857
warmin	2.0500
warming	1.9429
warmish	1.8571
warmly	1.9250
warmouth	1.9125
warms	1.7900
warmth	1.7917
warn	1.9125
warned	2.4000
warner	1.8833
warners	1.8000
warning	1.9429
warningly	1.8556
warnings	1.8625
warns	1.7900
warp	2.0625
warpage	1.9000
warpaint	1.9000
warpath	1.9643
warped	2.5000
warping	1.8714
warps	1.9100
warr	2.4625
warrant	2.1500
warranted	2.4222
warrants	2.0438
warranty	2.1063
warren	2.2167
warrener	2.1187
warrens	2.0857
warring	2.1000
warrior	2.2071
warriors	2.0938
wars	1.7875
warsaw	1.9167
warsh	1.6900
warship	1.9714
warships	1.8875
wartiest	2.1688
wartime	2.1929
wartorn	2.2000
warts	2.2900
warty	2.3900
warwick	1.7900
warwicks	1.7288
wary	1.9125
warzone	2.0471
wasatch	1.8471
wash	1.6625
washable	1.7625
washbasin	1.7444
washboard	1.7444
washbowl	1.7437
washcloth	2.1089
washed	2.2333
washee	2.0750
washer	1.7167
washerman	1.7222
washermen	1.7278
washers	1.6571
washes	1.6000
washford	1.5250
washily	1.8571
washin	1.8333
washing	1.7571
washings	1.7000
washita	1.7857
washoe	1.8417
washouts	1.7500
washroom	2.0562
washrooms	1.9722
washstand	1.6722
washtub	1.7214
washtubs	1.6687
washy	2.4900
wasn	1.7875
wasna	1.7500
wasnt	1.7900
wasp	1.9375
waspish	1.7143
waspishly	1.7333
wasps	1.8100
waspy	1.9100
wassail	2.0714
wassails	1.9750
wasser	2.2667
wasserman	2.0889
wasson	2.1667
wast	1.9875
wastage	1.8571
waste	1.9200
wasted	2.4500
wasteful	1.8750
wasteland	1.7111
wasters	1.8429
wastes	1.8167
wasting	1.8286
wastrel	2.1286
wastrels	2.0250
watch	1.9060
watcha	1.8550
watchcase	1.9289
watchdog	1.7350
watchdogs	1.6867
watched	2.3257
watcher	1.8829
watchers	1.8100
watches	1.7829
watchful	1.7663
watchin	1.9829
watching	1.8975
watchings	1.8311
watchman	2.3413
watchmen	2.3475
watchword	1.7811
water	1.9600
waterbird	2.4056
waterbury	2.4667
watered	2.3643
waterfall	2.3889
waterford	2.1500
waterfowl	2.2222
watergate	2.3278
waterhole	2.3111
watering	1.8313
waterish	1.7563
waterless	1.9833
waterlily	1.8500
waterline	1.8111
waterman	1.8750
watermark	1.8444
watermen	1.8813
waterpipe	2.0444
waters	1.8500
watershed	2.1278
waterside	2.1667
waterton	2.2437
waterway	1.8938
waterways	1.8278
watery	1.9333
watkins	2.3000
watling	1.7571
watson	1.8833
watsons	1.8000
watteau	2.1714
watterson	2.1389
wattle	2.2333
wattles	2.1000
watts	2.3500
waugh	1.5300
wave	1.9750
waveless	1.9938
wavelet	1.8786
wavelets	1.8063
waver	1.9800
wavered	2.3786
waverer	1.9357
wavering	1.8438
wavers	1.8667
waves	1.8400
wavier	1.9083
wavily	1.9500
wavin	1.9400
waving	1.8333
wavy	1.9875
waxen	2.2480
waxers	2.1233
waxes	2.1480
waxing	1.9233
waxworks	2.4987
waxy	2.1225
wayback	1.8471
waybills	2.0375
wayfarer	1.7375
wayfarers	1.6889
wayfaring	1.6778
waylaid	1.6857
wayland	1.7071
waylay	1.8083
waylaying	1.8000
ways	1.6625
wayside	2.1500
wayward	1.7571
wbai	2.1000
weak	1.7000
weaken	1.7083
weakened	2.1250
weakening	1.8000
weakens	1.6500
weaker	1.7417
weakest	1.7643
weakling	1.6812
weaklings	1.6389
weakly	1.7333
weakness	1.9188
weal	1.7500
weald	1.6200
weals	1.6600
wealth	1.6833
wealthier	1.8000
wealthy	2.2714
wean	1.8750
weaned	2.3750
weaning	1.9214
weapon	1.9917
weapons	1.8929
wear	2.0000
wearable	1.9312
wearables	1.8611
wearer	1.9417
wearers	1.8500
weareth	1.8929
wearied	2.3429
wearier	1.9000
wearies	1.8000
weariest	1.9000
wearily	1.9357
wearin	1.9250
weariness	2.0333
wearing	1.8357
wearisome	1.8278
wears	1.8600
weary	1.9600
wearying	1.8938
weasel	1.8750
weasels	1.7929
weather	1.8929
weathered	2.2222
weathers	1.8188
weave	2.0100
weaver	2.0083
weavers	1.9071
weaves	1.8917
weaving	1.8786
webbing	2.3929
weber	2.2100
webs	2.1500
webster	2.1214
websters	2.0187
webwork	1.9857
weddings	2.3688
wedges	2.3250
wedging	2.2643
wednesday	2.1056
week	2.3375
weekday	1.9786
weekdays	1.8938
weekend	1.9857
weekends	1.9000
weeklies	1.9688
weekly	2.1583
weeks	2.1300
weel	2.3875
weening	2.2857
weens	2.2700
weeper	2.3833
weepers	2.2286
weeping	2.2143
weepingly	2.0667
weepings	2.1000
weeps	2.3900
weepy	2.4900
wees	2.3875
weevils	2.3143
weevily	2.3857
wegener	1.9000
wegner	1.9417
weidman	1.7214
weigand	1.6500
weigel	1.6667
weigh	1.6700
weighed	2.1571
weighers	1.6625
weighing	1.7500
weighs	1.6083
weight	1.6917
weighted	2.1125
weightier	1.7167
weightily	1.7444
weighting	1.6667
weights	1.6357
weighty	1.7071
weil	1.9625
weimar	1.9250
weinberg	2.3500
weir	1.8125
weird	1.6700
weirdest	2.2375
weirdly	1.6357
weirdness	1.8778
weirdy	1.6917
weirs	1.7100
weise	1.9000
weiss	2.1700
weissman	2.0063
weiter	1.8667
welburn	1.7571
welch	1.7360
welcom	1.8717
welcome	1.8400
welcomed	2.2475
welcomes	1.7725
welcoming	1.9089
weld	1.6250
welden	2.3250
welder	2.3583
welders	2.2071
welding	1.6214
welfare	1.7071
welkin	2.3417
well	2.3000
wellbeing	1.9889
welle	2.1700
wellesley	1.8778
wellhouse	2.0556
welling	2.0071
wellknown	2.1000
wellmade	2.4813
wellman	2.0571
wellnigh	2.0438
wells	2.1000
welly	2.2000
welsh	1.6000
welsher	1.6643
welshman	2.1500
welshmen	2.1562
welt	1.8000
welted	2.3250
welter	1.8083
weltered	2.2000
weltering	1.7444
welts	1.7000
wench	1.8360
wenches	1.7329
wend	1.7500
wending	1.6929
wends	1.6600
wens	1.8000
went	1.9250
wentworth	2.0778
wept	2.0750
were	1.9375
weren	1.9100
werent	1.8917
werfel	2.3417
wern	1.9750
werner	1.9250
wernt	1.9400
werry	2.3800
werther	2.1929
wery	1.9750
wesker	1.6917
weskit	2.3250
wesley	1.6917
wesleyan	1.6938
wesleys	1.6357
wesson	2.1750
west	2.0000
westend	1.7929
wester	1.9417
westering	1.8333
westerly	1.8438
western	1.9214
westerner	1.9000
westerns	1.8438
westers	1.8500
westfield	2.0778
westland	1.7250
westmeath	1.8833
westmore	2.0000
weston	1.9750
westray	2.2000
westward	1.8687
westwood	2.1812
wether	1.8917
wetlands	1.6875
wetly	1.9000
wetness	2.1357
wets	1.9250
wetsuit	1.8786
wetsuits	1.8063
wetter	2.3917
wettest	2.3214
wettin	2.3750
wetting	2.2214
wettstein	2.2000
weve	2.1875
wexford	1.8414
whack	1.7460
whacked	2.2114
whacking	2.1975
whackings	2.0978
whacks	1.6717
whadda	1.9417
whaddaya	1.8812
whaddya	1.9214
whah	1.5375
whale	1.5600
whaleboat	1.9056
whalebone	1.8333
whaled	2.1500
whaler	1.6333
whalers	1.5857
whales	1.5167
whaley	1.6000
whaling	1.5714
whalley	1.9143
wham	1.6625
whams	1.5900
whan	1.6625
whang	1.5900
whangarei	1.6833
whangaroa	1.7111
whar	1.7875
wharf	2.4300
wharfage	2.1500
wharfs	2.2417
wharfside	2.4278
wharton	2.1857
wharves	2.5000
what	1.8625
whatcha	1.7757
whatd	1.7100
whate	1.8200
whateley	1.7313
whatever	1.9688
whatevers	1.8944
whatnot	2.0143
whats	1.7500
whatsit	1.7429
whatso	1.7833
wheat	1.8200
wheaten	1.7929
wheatley	1.7313
wheaton	1.8500
whee	2.2625
wheedle	2.4429
wheedles	2.3000
wheedling	2.2556
wheel	2.0700
wheeled	2.4429
wheeler	2.0000
wheelers	1.9125
wheeling	1.9000
wheelless	2.3222
wheelman	1.9438
wheelmen	1.9500
wheels	1.9417
wheet	2.2700
wheeze	2.4633
wheezer	2.3971
wheezes	2.2971
wheezily	2.1975
wheezing	2.1100
wheezy	2.3050
whelan	1.6000
whelk	1.4600
whelked	2.0071
whelks	1.4333
whelm	1.6000
whelmed	2.1071
whelming	1.7438
whelms	1.5500
whelp	1.8800
whelped	2.3071
whelps	1.7833
when	1.6750
whenas	1.6833
whene	1.6700
whenever	1.8750
whens	1.6000
wher	1.7250
where	1.7100
whereas	1.7071
whereat	1.8214
whereby	1.9357
whered	2.2750
wherefore	1.7167
wherefrom	2.1889
wherein	1.7286
whereinto	1.7611
whereof	1.6429
whereon	1.7714
wheres	1.6417
whereso	1.6857
whereto	1.8286
whereunto	2.3444
whereupon	1.8667
wherever	1.9000
wherewith	1.6944
wherries	1.9375
wherry	2.1167
whet	1.8000
whether	1.7357
whets	1.7000
whetstone	1.8444
whetting	2.0438
whew	1.7125
whey	1.6750
whibley	1.7929
which	1.7960
whichever	1.9200
whicker	1.7757
whiff	2.0400
whiffed	2.4214
whiffing	1.8813
whiffler	1.8938
whiffs	1.9167
whiffy	2.0000
whig	1.7500
whigs	1.6600
while	1.8900
whiled	2.4250
whiles	1.7917
whilest	1.9071
whiling	1.8071
whilst	1.9500
whim	1.9000
whimper	2.1071
whimpered	2.3889
whimpers	2.0063
whims	1.7800
whimsey	1.8786
whimseys	1.8063
whimsical	1.7144
whimsies	1.6875
whimsy	1.7833
whin	1.9000
whine	1.8500
whined	2.3917
whines	1.7583
whinge	1.7583
whinin	2.0417
whining	1.9357
whinstone	1.8889
whip	2.1500
whipcord	1.8913
whiplash	1.8250
whipper	2.4500
whippers	2.3063
whippin	2.4357
whipping	2.2938
whippings	2.1833
whipple	2.3500
whips	1.9800
whipsawed	2.3889
whipsnade	2.2833
whipstock	1.9478
whipt	2.0800
whir	1.8000
whirl	1.7000
whirled	2.1786
whirligig	1.6000
whirling	1.6688
whirls	1.6333
whirlwind	1.6778
whirr	2.2400
whirring	2.0063
whish	1.6600
whishing	1.7438
whisk	1.6200
whisked	2.1214
whisker	1.6786
whiskered	2.0556
whiskers	1.6313
whiskey	1.6500
whiskeys	1.6063
whiskies	2.0875
whisking	2.1188
whisks	1.5667
whisky	1.6500
whisp	1.8800
whisper	1.8643
whispered	2.2000
whisperer	1.8556
whisperin	1.8444
whispers	1.7938
whispery	1.8563
whist	1.9200
whistle	1.7929
whistled	2.2062
whistler	1.8188
whistles	1.7313
whistling	1.7500
whit	1.8750
whitaker	1.7313
whitcomb	1.9412
white	1.8300
whitebait	1.9333
whiteboy	2.0125
whited	2.3750
whiteface	2.4978
whitehall	1.9056
whitehead	1.7000
whiteley	1.7375
whitely	1.7500
whiteman	1.7938
whitened	2.2125
whiteness	1.9667
whitening	1.8778
whitens	1.7500
whiteout	1.8000
whiter	1.8583
whiterose	1.8722
whites	1.7417
whiteside	2.0944
whitest	1.8643
whitetail	1.8667
whitewash	1.7556
whitey	1.8250
whither	1.7786
whiting	1.7643
whitish	1.6786
whitlow	2.3857
whitman	1.8143
whitmarsh	1.7556
whitmer	1.8500
whitmore	1.9375
whitney	1.8214
whittaker	2.0167
whittier	2.1375
whittle	2.1071
whittled	2.4813
whittler	2.0938
whittling	1.9944
whitworth	2.0556
whiz	2.1450
whizzing	2.3513
whoa	1.9000
whod	1.7750
whoe	1.9125
whoever	2.0429
whoevers	1.9500
wholely	2.2929
wholeness	2.3889
wholes	2.3750
wholesale	2.0889
wholesome	2.1944
whom	1.9750
whome	1.9100
whomever	2.0250
whoof	2.2900
whoopin	2.4143
whooping	2.2750
whoopla	2.3214
whoops	2.4417
whoosh	2.1750
whooshed	2.4750
whooshing	2.0778
whop	2.2250
whopper	2.4929
whoppers	2.3438
whore	1.8300
whoredom	2.2625
whoredoms	2.1556
whores	1.7417
whoreson	1.7875
whoring	1.7643
whorish	1.6786
whorl	1.7600
whorled	2.2214
whorls	1.6833
whos	1.8250
whose	1.9500
whoso	1.8500
whosoever	1.9500
whove	1.9100
whyever	2.4786
wibbly	2.2333
wichita	1.8186
wichitas	1.8163
wick	1.6700
wicked	2.2383
wickedly	2.0663
wicker	1.7217
wicket	1.7717
wickets	1.7043
wickiup	2.3900
wickiups	2.2538
wicklow	2.3400
wicks	1.5960
wicky	1.6960
widely	2.2417
widen	2.4300
widener	2.2571
wideness	2.3625
widening	2.2625
widens	2.2417
wideopen	2.3312
wider	2.4700
widest	2.3750
widgeon	1.7143
widger	1.6917
widout	1.6583
widow	1.7200
widowed	2.2643
widower	1.8214
widowhood	2.0222
widows	2.3167
width	1.7200
widths	1.6500
wiegand	1.6929
wieland	1.5786
wield	1.5300
wielder	2.1857
wielding	1.5625
wields	1.4917
wiener	1.7833
wieners	1.7143
wiesbaden	2.2333
wife	1.5625
wifeless	1.7875
wifely	1.5583
wifes	1.5100
wifey	1.6100
wigging	1.9357
wiggins	1.9357
wiggle	1.9417
wiggled	2.3929
wiggles	1.8500
wiggling	1.8562
wiggly	1.9667
wight	1.6000
wights	1.5500
wigs	1.5500
wigwam	1.7083
wigwams	1.6500
wiil	2.4625
wilbur	1.8000
wilcox	1.9950
wild	1.7000
wildcat	2.4257
wildcats	2.2850
wilde	2.4900
wilder	2.4083
wildest	2.3357
wildfire	1.6375
wildfowl	1.6875
wildgoose	2.0833
wilding	1.6643
wildlife	1.5500
wildly	1.6500
wildness	1.9188
wilds	1.6200
wildwood	2.0312
wile	1.8375
wiles	1.7300
wiley	1.8300
wilfrid	2.1357
wilful	1.7167
wilfully	1.9875
wilhelm	1.6786
wilier	1.8333
wiliness	2.0000
wilkerson	1.7333
wilkes	1.6250
wilkie	2.3500
wilkins	2.2357
wilkinson	2.1667
wilks	1.6200
will	2.3750
willa	2.2200
willamina	2.1278
willard	2.0714
willem	2.1583
willems	2.0357
willen	2.1583
willer	2.1917
willers	2.0643
willey	2.1583
willful	2.0143
willfully	2.1889
willi	2.2300
william	2.0786
williams	1.9813
willie	2.1333
willies	2.0143
willin	2.1750
willing	2.0500
willinger	2.0000
willingly	1.9389
willis	2.0750
willpower	2.3056
wills	2.1600
willy	2.2600
wilmarth	2.1250
wilmer	1.8583
wilmot	2.0583
wilson	1.8083
wilsons	1.7357
wilt	1.8750
wilted	2.3750
wilting	1.7643
wilton	1.8917
wiltshire	1.7444
wily	1.8750
wimbledon	2.1667
wimbles	1.6929
wimple	1.9917
wimpled	2.4357
wimpling	1.8938
wimsatt	2.1857
winch	1.7560
winched	2.2186
winches	1.6757
winching	1.8038
wincing	1.7614
wind	1.6500
windbag	1.8429
windbags	1.7750
windblown	2.2778
windbound	2.3722
windbreak	2.3167
winder	2.3750
winders	2.2214
windfall	1.8500
windfalls	1.7889
winding	1.6357
windings	1.5938
windlass	1.8875
windless	1.8313
windmill	2.1313
windmills	2.0389
window	1.7500
windowed	2.2188
windows	2.2571
windpipe	1.9000
windpipes	1.8333
windrow	1.8286
windrows	2.2625
winds	1.5800
windsock	1.6162
windsor	1.6214
windswept	2.2444
windup	1.8333
windward	1.6937
windy	1.6800
wine	1.7875
wined	2.4500
wineglass	1.9722
winepress	1.9778
winery	1.8250
wines	1.6900
winey	1.7900
wing	1.7000
wingate	1.8071
winged	2.2583
wingfield	1.7778
wingham	1.6429
winging	1.6643
wingless	1.8562
winglike	2.0625
wingman	1.7143
wingnut	2.4857
wings	1.6200
wingspan	1.7375
wingtip	2.4500
wingtips	2.3063
wink	1.8500
winked	2.3583
winkers	1.7643
winking	2.3214
winkle	1.8083
winkles	1.7357
winks	1.7400
winky	1.8400
winn	2.4500
winna	2.2800
winnebago	2.2222
winner	2.2417
winners	2.1071
winnie	2.3667
winnin	2.4083
winning	2.2500
winningly	2.0944
winnings	2.1313
winnipeg	2.4000
winnow	2.4667
winnowing	2.1833
wino	2.1375
winona	2.0083
winos	1.9700
wins	1.7000
winslow	2.2857
winsome	1.7571
winsomely	1.7111
winsomest	1.8000
winson	1.7750
winsor	1.7083
winston	1.8929
winter	1.8250
wintered	2.2125
wintering	1.7556
winters	1.7500
winthrop	1.8687
winton	1.8583
wintry	2.1833
winwood	2.1357
wipe	2.0375
wiper	2.0300
wipers	1.9083
wipes	1.8900
wiping	1.8917
wird	1.5500
wire	1.6875
wired	2.3700
wiregrass	2.3944
wireless	1.8500
wireman	1.7071
wires	1.6100
wiring	1.6583
wirst	1.8000
wirt	2.3500
wirtz	2.4760
wiry	1.7250
wisconsin	1.8200
wisdom	1.7250
wisdoms	1.6643
wise	1.8375
wiseacre	1.9975
wiseacres	1.9200
wised	2.4900
wisely	1.7417
wiser	1.8700
wises	1.7300
wisest	1.8750
wish	1.5500
wishe	1.5700
wished	2.1583
wisher	1.6417
wishers	1.5929
wishes	1.5250
wishful	1.5429
wishfully	1.8222
wishin	1.7583
wishing	1.6929
wisp	1.8250
wisps	1.7200
wispy	1.8200
wiss	2.1750
wissmann	2.2750
wist	1.8750
wister	1.8583
wisteria	1.8000
wistful	2.3000
wistfully	2.4111
witch	1.7560
witched	2.2186
witchery	1.7788
witches	1.6757
witching	1.8038
with	1.6750
withal	1.6000
withall	1.9143
witham	1.6833
withdraw	1.8062
withdrawn	1.8056
withdraws	2.1944
withdrew	1.7125
wither	1.7250
withered	2.1375
withering	1.6889
withers	1.6643
withes	1.6083
withheld	1.8187
withhold	2.4562
withholds	2.3278
within	1.8417
without	1.8214
withstand	1.6778
withstood	2.0111
withy	2.5000
witless	1.9214
witness	1.9929
witnessed	2.3889
witnesses	1.9667
witold	2.2917
wits	1.6750
witt	2.4250
witte	2.2700
witten	2.1917
witter	2.2250
witticism	2.0089
wittier	2.1429
wittiest	2.1125
wittily	2.1786
wittiness	2.2222
witting	2.0786
wittingly	1.9611
witty	2.3000
wive	1.7875
wived	2.4500
wivern	1.8250
wives	1.6900
wiving	1.7083
wizardry	2.4475
wizards	2.3971
wizen	2.2060
wladimir	1.7812
woad	1.7750
wobble	2.2583
wobblers	2.1063
wobbles	2.1214
wobbling	2.0938
wobbly	2.2833
woche	1.7660
woden	2.4900
woebegone	2.0111
woeful	1.8250
woefully	2.0688
woerner	1.8571
woes	1.7125
woful	1.7000
wofully	2.0143
wohl	1.7500
woke	1.6625
woken	1.6900
wolds	2.3200
wolfdog	2.0786
wolfe	2.3700
wolfes	2.1917
wolfgang	2.3375
wolfing	2.1500
wolfish	2.0643
wolfishly	2.0056
wolfs	2.3000
wolken	2.2917
wolseley	2.2125
wolsey	2.4583
wolves	2.3417
woman	1.8400
womanish	1.8188
womankind	2.1944
womanlike	2.1889
womanly	1.8714
womans	1.7500
womb	1.9750
wombat	2.0167
wombed	2.4583
wombs	1.8400
women	1.8500
womenfolk	2.0667
womenkind	2.2000
womens	1.7583
wond	1.7250
wonder	2.4250
wonderin	2.2625
wondering	2.1556
wonderly	2.2063
wonders	2.2643
wondrous	1.7438
wonky	1.9000
wont	1.9000
wonted	2.3917
wood	2.3625
woodberry	2.4333
woodbine	2.1938
woodbines	2.0944
woodcocks	2.4178
woodfield	1.8500
woodin	2.1667
wooding	2.0429
woodlake	1.8875
woodland	1.9062
woodlands	1.8389
woodlawn	2.1125
woodlots	2.4750
woodlouse	2.4389
woodman	2.0929
woodmen	2.1000
woodpile	2.1562
woodpiles	2.0611
woodrat	2.2786
woodrow	2.2357
woodruff	2.2188
woodruffs	2.1167
woods	2.1500
woodshed	2.3500
woodsman	1.9938
woodsmen	2.0000
woodsmoke	2.0389
woodstock	2.0422
woodstove	2.0944
woodsy	2.0917
woodville	2.3611
woodward	2.0500
woodwards	1.9667
woodwind	2.0063
woodwinds	1.9278
woodwork	1.9937
woodworms	1.9944
woody	2.2500
woodyard	2.0312
wooer	2.4000
wooers	2.2167
woof	2.3375
woofing	2.0286
wooh	2.4125
wooing	2.2000
wooings	2.0714
woomera	2.2143
woos	2.4125
woosh	2.1900
woozily	2.3971
wops	2.0250
worcester	2.4644
word	1.6250
worde	2.4300
worden	2.3250
wordily	1.7214
wordiness	1.8667
wording	1.6214
wordless	1.8188
wordplay	1.7000
words	1.5600
wordy	1.6600
wore	1.7625
work	1.6250
workable	1.7438
workaday	1.6375
workbag	1.7143
workbench	1.7144
worke	1.6300
worked	2.2083
worker	1.6917
workers	1.6357
worketh	1.6786
workhouse	1.7556
workin	2.3417
working	2.1929
workings	2.0813
worklist	1.7313
workman	1.6714
workmanly	1.7333
workmen	1.6786
workroom	2.0375
works	1.5600
worksheet	1.9111
workshop	1.8438
workshops	1.7833
worksite	1.6125
worktable	1.7500
worl	1.6750
world	1.5600
worldline	1.5889
worldling	1.5500
worldly	1.5571
worlds	1.5167
worldview	1.7389
worldwide	2.0167
worley	1.6917
worm	1.8000
wormed	2.3250
worming	1.8786
wormlike	2.2125
worms	1.7000
wormwood	2.0812
worn	1.8000
wornout	1.9357
worriedly	2.3222
worries	2.0000
worriment	2.0222
worrisome	1.9833
worry	2.2400
worryin	2.1786
worrying	2.0688
worryings	1.9833
worse	1.8300
worsen	1.8250
worsened	2.2125
worser	1.8583
worship	1.9071
worshiped	2.2333
worshiper	1.8889
worships	1.8313
worsley	1.6357
worst	1.8600
worsted	2.2929
worsting	1.7688
wort	2.4250
worte	2.2700
worth	2.2000
worthier	2.1375
worthies	2.0500
worthiest	2.1111
worthily	2.1688
worthing	2.0813
worthless	2.1722
worths	2.0500
wortley	2.0643
worts	2.2000
wots	1.7500
wotton	2.3083
woul	1.8750
would	1.7200
woulda	1.7000
wouldbe	1.8929
wouldn	1.7333
wouldnt	1.7429
wouldst	1.7857
wounding	2.3313
woundings	2.2167
wove	1.8625
woven	1.8500
wowing	1.7833
wrack	1.8860
wracked	2.3114
wracks	1.7883
wraith	1.7167
wraiths	1.6571
wrang	1.7300
wrangel	1.6571
wrangle	1.6571
wrangled	2.0875
wrangler	1.7000
wranglers	1.6556
wrangles	1.6125
wrangling	1.6444
wrap	1.9875
wrapper	2.3571
wrappers	2.2250
wrapping	2.2125
wrappings	2.1111
wraps	1.8500
wrapt	1.9500
wras	1.8375
wrath	1.8900
wrathful	1.7563
wrds	1.5875
wreak	1.6600
wreaked	2.1500
wreaker	1.7071
wreaking	2.1437
wreaks	1.6000
wreath	1.8500
wreathe	1.8214
wreathed	2.2313
wreathes	1.7563
wreathing	1.8611
wreaths	1.7714
wreckage	2.4038
wreckers	2.3913
wren	1.8500
wrench	1.7800
wrenched	2.1787
wrenches	1.7038
wrenching	1.8144
wrens	1.7400
wrentham	1.7375
wrest	1.9000
wrested	2.3214
wresting	1.7938
wrestle	1.7786
wrestled	2.1938
wrestler	1.8063
wrestlers	1.7500
wrestles	1.7188
wrestling	1.7389
wrests	1.8000
wretch	1.8800
wretched	2.2538
wretches	1.7788
wriggle	1.9500
wriggled	2.3438
wriggles	1.8688
wriggling	1.8722
wriggly	1.9714
wright	1.6667
wrights	1.6143
wrigley	1.6643
wring	1.7600
wringer	1.7786
wringing	1.7063
wrings	1.6833
wrinkle	1.8357
wrinkled	2.2438
wrinkles	1.7688
wrinkling	1.7833
wrinkly	1.8571
wrist	1.9000
wristlet	1.8438
wrists	1.8000
writ	1.8500
write	1.8100
writed	2.3583
writen	1.8083
writer	1.8417
writers	1.7643
writes	1.7250
writhe	1.7250
writhed	2.2071
writhen	1.7357
writhes	1.6643
writhing	1.7938
writhings	1.7389
writin	1.8250
writing	1.7500
writings	1.6938
writs	1.7400
written	2.1643
wrong	1.8200
wrongdoer	1.7556
wronged	2.2643
wronger	1.8214
wrongful	2.0250
wronging	1.7438
wrongly	1.7429
wrongs	1.7333
wrote	1.8700
wroth	1.8000
wrought	1.6857
wryly	1.9300
wull	2.3375
wurf	2.4875
wuss	2.1375
wust	1.8375
wuth	1.6375
wyalong	2.2571
wych	1.7575
wycliffe	1.8538
wycoff	2.0300
wycombe	1.9186
wylie	1.8300
wyndham	2.4071
wyoming	2.0071
wyrick	1.6633
wyse	1.8750
wyth	1.7125
xactly	2.1200
xanthic	1.8957
xanthippe	2.3044
xavier	1.9733
xcvi	2.1925
xenia	2.2480
xenophon	2.3488
xerxes	2.2633
xiphias	2.0057
xlii	2.3600
xliv	1.7725
xlix	1.9075
xlvi	1.7725
xlvii	2.2480
xmas	1.8850
xrays	1.9280
yaas	2.3250
yacht	1.8560
yachting	1.7663
yachts	1.7633
yachtsman	1.7533
yachtsmen	1.7589
yaddo	2.1100
yaga	1.7000
yagoda	1.6417
yahoo	2.3800
yahoos	2.2000
yahs	1.5000
yahwe	1.7600
yaka	1.5250
yakov	1.8100
yakovlev	1.8625
yaks	1.4500
yakut	1.5600
yakuts	1.5167
yakutsk	1.4571
yale	1.5875
yaller	2.0250
yalta	1.6200
yama	1.7000
yamata	1.8333
yamen	1.7300
yammer	2.1917
yammered	2.4875
yammering	2.0000
yammers	2.0643
yams	1.6250
yancy	1.7960
yang	1.6250
yank	1.7750
yanked	2.3083
yankee	2.1500
yankees	2.0286
yanking	2.2786
yanks	1.6800
yankton	1.8214
yann	2.3750
yappin	2.3750
yapping	2.2214
yaps	1.7750
yaquis	2.4583
yard	1.7000
yardarm	1.7857
yarder	2.4083
yardman	1.7143
yards	1.6200
yardy	1.7200
yare	1.8375
yarmouth	1.8938
yarn	1.8750
yarning	1.9214
yarns	1.7600
yarrow	2.2667
yasha	1.6200
yashmak	2.1429
yashmaks	2.0375
yasnaya	1.7143
yatala	1.7500
yates	1.7900
yawing	1.8333
yawl	1.8625
yawls	1.7500
yawn	1.9875
yawned	2.4500
yawning	1.9857
yawns	1.8500
yawp	2.1375
yaya	1.7000
ycleped	2.2686
yclept	1.8217
yeah	1.5875
yeahs	1.5300
year	1.8375
yeare	1.8000
yeares	1.7167
yearling	1.6875
yearlong	2.2250
yearly	1.7417
yearn	1.8300
yearned	2.2714
yearning	1.8875
yearnings	1.8222
yearns	1.7417
years	1.7300
yearwood	2.1000
yeas	1.7125
yeast	1.8900
yeasty	1.8750
yeates	1.7667
yeats	1.7900
yees	2.2250
yegg	2.3375
yeggs	2.1300
yell	2.1375
yeller	2.0333
yellin	2.0167
yelling	1.9143
yellowing	2.3667
yellowish	2.3000
yells	1.9700
yelp	1.9875
yelped	2.4500
yelping	1.8286
yelps	1.8500
yelverton	2.0500
yenisei	1.9143
yens	1.6375
yeoman	1.7833
yeomanry	1.7500
yeomen	1.7917
yeong	1.7200
yers	1.6875
yerself	1.6429
yessir	1.9500
yesso	2.1000
yest	1.8375
yester	1.8333
yesterday	1.7222
yeth	1.7625
yeux	1.8225
yezhov	2.0467
yian	1.8375
yiddish	1.8429
yield	1.6000
yielders	2.1188
yielding	1.6063
yieldings	1.5722
yields	1.5500
yikes	2.4000
yins	1.7875
yodelers	2.1562
yodeling	2.1437
yodels	2.2667
yoga	1.7875
yogg	2.3375
yogi	1.8000
yoke	1.7500
yoked	2.4200
yokel	1.6600
yokels	1.6000
yokes	1.6600
yoking	2.3667
yokosuka	1.8000
yond	1.8125
yonder	2.4833
yoni	2.2250
yook	2.4500
yooka	2.2800
yore	1.8500
yori	1.8500
yorick	1.7467
york	1.7125
yorker	1.7500
yorkers	1.6857
yorkist	2.3429
yorkists	2.2125
yorks	1.6300
yorkshire	1.6722
yosemite	2.0000
youd	1.7125
youghal	1.6071
youll	2.3300
youngest	2.4875
youngish	2.3250
youngling	2.2778
youngster	2.4333
your	1.8125
youre	1.7800
yourn	1.8100
yours	1.7100
yourself	1.6625
yous	1.7625
youth	1.7700
youthful	1.6813
youths	1.6917
youve	1.8600
yowl	1.8750
yowled	2.3750
yowling	1.7643
yquem	1.8300
yuba	2.3750
yucatan	2.1971
yukawa	2.2750
yukon	2.4700
yule	2.3875
yuliy	2.2700
yuri	2.2375
yusef	2.2700
yvette	2.2667
yvonne	2.2333
zacharias	2.3900
zambesi	2.4400
zaragosa	2.3788
zaretsky	2.3663
zeal	2.1325
zealand	1.8614
zealander	2.2978
zealous	2.4686
zealously	2.2644
zeit	2.2700
zeitgeist	2.3978
zeke	2.0950
zelle	2.4760
zembla	2.0717
zemlinsky	1.9200
zena	2.2575
zenana	2.0717
zenas	2.1660
zend	2.1325
zenda	2.0260
zenith	2.2133
zenobia	2.2614
zeppelins	2.3033
zere	2.3200
zero	2.3950
zeroes	2.0883
zeros	2.1760
zest	2.3825
zetland	1.9614
zeus	2.1075
zeuxis	2.0700
zharkov	1.9614
zhizn	2.2620
zhukovsky	2.2589
ziani	2.1360
ziegler	1.8900
ziggy	2.2860
zigzags	2.4871
zillions	2.2163
zimmer	2.3967
zina	2.0075
zinaida	1.7686
zinc	2.1025
zinfandel	2.0978
zing	1.9325
zinka	1.9860
zinnias	2.4114
zion	2.2200
zionism	2.1043
zionists	2.1038
zipangu	1.9471
zippers	2.4686
zips	2.1825
zithers	1.7971
ziya	1.9825
zodiac	1.9933
zodiacal	1.8575
zodiacs	1.8943
zohar	2.0060
zombie	2.0217
zone	2.0950
zones	1.9360
zooming	2.4471
zophar	2.1550
zorah	1.8460
zoroaster	1.9922
zouave	2.0467
zozo	2.4150
zubov	2.0460
zuloaga	2.4900
zulu	1.9950
zulus	1.8560
zura	1.8700
zurich	1.8017
zutphen	1.9043
zuzu	2.1900
zwei	2.4325
zweig	2.2060
zwieback	2.2388
zwinglian	1.9033
zygoma	1.9050
zygomatic	1.9622
zygote	1.8967
