'bout,bout
'course,coarse,corse,course
'cuse,cues,kuse,kuze,q's,q.'s,q.s,ques,queues
'em,'m,i'm,um,umm
'kay,cay,k,k.,kay,kaye,khe,quai,quay,quaye
'n,an,un
'round,round
's,es,ess,esse,s,s.
'til,til,till
'tis,tis
'twas,twas
a,a.,ae,ay
a,uh,uhh
a's,a.'s,a.s
a.d.,adey,ady,eydie
a.m.,am
aaker,ocker
aalen,ahlen,olen
aancor,encore,oncor
aargh,argh
aaron,aran,aron,ehren
aaron's,aarons,arens
aaronson,aronson
aarti,artie,arty
aase,os
aasen,osten
abadi,abadie
abbe,abbey,abbie,abby,abie
abbett,abet
abbot,abbott
abbotstown,abbottstown
abboud,abood
abbruzzese,abruzzese
abbs,abs
abc's,abcs
abdalla,abdallah
abel,abell,able
abels,ables
aber,aybar
abram's,abrams
abraxa's,abraxas
absalom,absolom
absolut,absolute
absolut's,absolutes
ac,acey
academies,academy's
accident's,accidents
acclaim's,acclaims
acclamation,acclimation
accor's,acker's
accord,acord
accord's,accords
account's,accounts
accountant's,accountants,accountants'
accouterment,accoutrement
accouterments,accoutrements
aced,aist
acetic,ascetic
ache,ake
aches,aix
acheson's,achesons
achilles,achilles'
achor,acre,aker
achy,aikey
ack,akc
acker,aker,akre
ackerley,ackerly
ackerman,ackermann,akerman,akkerman
ackerson,akerson
acknowledgement,acknowledgment
acknowledgements,acknowledgments
acorn's,acorns
acquirer's,acquirers
acquisition's,acquisitions
acquitaine,aquitaine
acres,akers
act's,acts
actava's,actavas
actin,acton
action's,actions
active's,actives
activists,activists'
actor,akhtar
actor's,actors,actors'
actress's,actresses
acts,ax,axe,x.
acura's,acuras
ad,add
ad's,adds,ads,ads',adz
ada's,adas
adair,adare,addair
adam's,adams,adams',addams
adamcik,adamczyk
adame,adami
adamec,adamik
adan,aden
adapter,adaptor
adapters,adaptors
addeo,audio
addidas,addidas',adidas
addidas's,addidases,adidas's
addie,addy
addition,edition
addleman,adelman,adelmann
ade,aid,aide,eyde
adel,adele,adell,adelle,udelle
adele's,adell's
adelman,eddleman,edelman,edelmann,edleman
ades,aid's,aide's,aides,aides',aids
adia,odea
adieu,ado
adin,uddin
adkison,adkisson
adler's,adlers
adman,admen
administration's,administrations,administrations'
administrator's,administrators
admiral's,admirals
adrea,adria
adults,adults'
adults,adults'
advance's,advances
advance's,advances
advertiser's,advertisers,advertisers'
adviser,advisor
advisers,advisers',advisors
advocate's,advocates
aeltus,altus
aer,air,ayre,ere,err,eyre,heir
aerial,arial,ariel
aerie,airey,airy,arie,ary,eyrie
aero,arrow,eroh
aerosmith,arrowsmith
aerosmith's,arrowsmith's
aerostar's,aerostars
aerostat's,aerostats
aesthete's,aesthetes
aesthetic,esthetic
aesthetically,esthetically
aesthetics,esthetics
aetna,etna
affair's,affairs
affect,effect
affiliate's,affiliates
affleck,afflik
afghani's,afghanis
afghanistan's,afghanistans
africanist's,africanists
afternoon's,afternoons
agache's,agaches
agan,aygen
age's,ages
agee,eiji
agencies,agencies',agency's
agent's,agents,agents'
agers,agers'
aggie,aggy,agie
aglo,aglow
agnelli's,agnellis
agner,agnor
agreement's,agreements
aguilar,aguillar
ah,ahh,awe
aha,ahah
ahearn,ahern,aherne
ahlen,alain,alaine,alane,alayne,allain,elaine
ahlman,almon
ahlquist's,ahlquists
ahmann,aman,ommen
ahmanson's,ahmansons
ahn,an,ane,ann,anne
ahner,honor,honore,honour
ahold's,aholds
ahr,ar,are,our,r,r.
ahren,aren
ahs,oz
ai,ay,aye,eye,i,i.
aichele,eichel
aicher,eicher
aickin,aiken,aikin,akin
aida,uyeda
aiden,aidenn
aiesha,aisha
aikens,akins
ail,ale
ailee,ailey,aley,aly
aileen,ailene,eileen,isleen
ailes,ails,ales,alles,ayles
ailes,aisles,iles,illes,isles
ailing,ayling
ailor,ayler,aylor,eyler
aim,aime,ame
aim's,aims,ames,ames'
aiman,iman
aimee,amey,amy,eighmey
aine,ane,ayn
ainge,ange
air's,airs,ayer's,ayres,errs,heirs
air-conditioning,airconditioning
air-force,airforce
aircraft's,aircrafts
aircraft's,aircrafts
aird,aired,erred
aires,aries
airhart,earhart,ehrhardt,ehrhart
airing,erring
airington,arrington,errington
airline's,airlines,airlines'
airliner's,airliners
airman,ehrman,ehrmann
airplane's,airplanes
airport's,airports
airway's,airways,airways'
ais,ayes,eis,eye's,eyes,eyes',i's,i.'s,i.s,ise
aisle,i'll,isle
aisling,aislinn
aix,eckes,ex,x,x.
akst,axed,axt
akzo's,akzos
al,al.
al's,als
al-amein,alamein
al.,alabama
alai,ally
alan,allan,allen
alan's,allen's,allens
alarm's,alarms
albach,allebach
albaugh,allbaugh
albert's,alberts
albertsen,albertson
albie,allbee
albright,allbright
albritton,allbritton
album's,albums
aldis,aldus
aldwin,aldwyn
alec,allick
aleen,alene
aleksander,aleksandr
aleman,alleman
alex,alexs
alexander's,alexanders
alexi,alexy,oleksy
alfa,alpha
alfa's,alpha's
alfin,alphin
alfonso,alphonso
alfre,alfrey
alfredson,alfredsson
algae,algy
ali,olley,ollie,olly
ali's,ollie's
alias,allais
alice,allis,alyce
alice's,alices
alicea,alysia
alie,alley,alli,allie
align,aline
aligns,alines
aliquippa's,aliquippas
alisa,elisa
alison,allison,allyson
alissa,alyssa
alister,allister
all,aul,aull
all's,alls
all-time,alltime
alla,allah
allais,allay
allardt,allert
alleghany,allegheny
alleghenies,allegheny's
alleghenies,allegheny's
allegis,allegis'
alleluia,alleluja
allender,olender
aller,allor
allergan,allergen
allergist's,allergists
alley's,alleys,alys
allgaier,allgeier
alliance's,alliances
allies,allies',allys
allies,ally's
allman,allmon
allot,alot
alloted,allotted
allowed,aloud
allsop,allsopp
allston,alston
allsup,alsup
allton,alton
allum,alum
allums,alums
aloisia,aloysia
alsbrook's,alsbrooks,alsbrooks'
altar,alter
altars,alters
altman,altmann,aultman
altschuler,altshuler
altschuler,altshuler
altzheimer,alzheimer
alum,ullom
alwin,alwyn
am's,ambs,ams
amacher,amacker
amalia,amalya
amanda's,amandas
amann,amman,ammann,ammon
amarillo's,amarillos
amazon's,amazons
ambassador's,ambassadors
amber's,ambers
ambiance,ambience
ambrosine,ambrosini
amcor,amcore
amdec,amdek
ameen,ammeen
amelio,emilio
amendment's,amendments
ameri,omary
america,amerika
america's,americas
america's,americas,americas'
american's,americans,americans'
americana's,americanas
americorp,americorps
amerman,ammerman
amok,amuck
ampal,ample
amphitheater,amphitheatre
amtrack,amtrak
amusements,amusements'
ana,anna
anaesthesiology,anesthesiology
anaesthetic,anesthetic
anaesthetics,anesthetics
analog,analogue
analyst's,analysts,analysts'
anandale,annandale
anas,anise
anatoli,anatoly
ancel,ansel,unsell
ancestor's,ancestors,ancestors'
anchor,anker
anchor's,anchors
and,und
andal,andel
andersen,anderson,andersson
andersen's,anderson's,andersons
andes,andy's
andi,andie,andy
andre,andrej,andrzej
andrea,andria
andreasen,andreason,andresen,andriessen
andreu,andrew
andrew's,andrews,andrews'
andrey,andry
andric,andrich,andrick
anette,annett,annette
aneurism,aneurysm
angel,angell
angel's,angels,angels'
angeleno,angelino
angelenos,angelino's,angelinos
angelica,angelika
angelo's,angelos,angeloz
angelone,angeloni
angi,angie,angy
animal's,animals,animals'
animous,animus
anisa,annissa
aniston,anniston
ankrom,ankrum
ann's,anne's
anna's,annas
annabelle,annable
annal,annul
annan,annen
annie,anny
annie's,annis
anno,ano
announcement,announcment
anscom,anscomb
ansohn,anson
answer's,answers
ant,aunt
antal,antle
ante,anti,auntie
antenna's,antennas
anti-war,antiwar
antigone's,antigones
antone,antoni
antonio's,antonios
ants,aunt's,aunts,aunts'
anwell,unwell
anwyl,anwyll
aoun,auen
apache's,apaches
apartment's,apartments
apatite,appetite
apatites,appetites
apec's,apex
aphrodite's,aphrodites
aplin,applin
apologise,apologize
apologised,apologized
apologises,apologizes
apologising,apologizing
appalachian,appellation
appalachians,appellations
appel,appell,apple
appelbaum,applebaum
appelman,appleman
apple's,apples
applebee,appleby
applicant's,applicants
apprise,uprise
arabie,araby
arabs,arabs'
arant,aren't,arent
arapaho,arapahoe
arbitrager,arbitrageur
arbitragers,arbitragers'
arbitrator's,arbitrators'
arbor,arbour
arc,ark
arce,arse
arceneaux,arsenault,arseneau,arseneault
archaeological,archeological
archaeology,archeology
archambault,archambeau,archambeault
archer's,archers
architect's,architects
architecture's,architectures
archuleta,archuletta
arco,arko
arco's,arcos
arcs,arx
ardeen,ardene
ardoin,ardoyne
are,er,err,eure,or,ur
area,erria
area's,areas
aren't,arndt
arena,erina
arena's,arenas
ares,ours,r's,r.'s,r.s
areta,aretta
argentina's,argentinas
argon,argonne
argonaut's,argonauts
argument's,arguments
argyle,argyll
ariana,arianna
aric,arrick
ariela,ariella
ariola,arriola
aristede,aristide
aristede's,aristide's
arkansas',arkansas's
arleen,arlene
arley,arlie
arline,arlyne
arm's,armes,arms
arman,armen,armin,armon
armand,armond
armantrout,armentrout
armer,armor,armour
armested,armistead
armey,army
armey's,armies,army's
armtec,armtek
arn,arne,arnn
arnal,arnall,arnell
arnaud,arnault,arno,arnow
arnett,arnette
arney,arnie
arnold's,arnolds
arnoldi,arnoldy
arrow's,arrows
arrow's,arrows
art's,arts,artz
artes,arty's
arthur's,arthurs
article's,articles
artist's,artists,artists'
asa,ossa
ascendancy,ascendency
ascent,assent
asch,asche,ash,ashe
ascher,asher,ashur
ashe's,ashes
asheville,ashville
ashey,ashy
asked,assed,ast
asker's,askers,askers'
aspen's,aspens
assailant's,assailants
assassin's,assassins
assemblies,assembly's
assets,assets'
assignment's,assignments
associate's,associates,associates'
associate's,associates,associates'
association's,associations
asta,hasta
aster,astor
asteroid's,asteroids
asters,astor's
astronauts,astronauts'
atcheson,atchison
ate,aydt,eight
aten,eyton
ates,aytes,eight's,eights
athans,athens
athlete's,athletes,athletes'
atkison,atkisson,attkisson
atlantis,atlantis'
atlantis',atlantis's
atlas's,atlases
atley,attlee
atteberry,attebury
attendant's,attendants,attendants'
atterberry,atterbury
attorney's,attorneys,attorneys'
attwood,atwood
au,aux,eau,eaux,o,o',o.,oh,ohh,ow,owe
aubrey,aubry,awbrey
auclair,eau-claire
auction's,auctions
aud,awed
audet,audette,odette
audi's,audis
audience's,audiences
audience's,audiences
auditor's,auditors'
audrey,audry
aue,ow
auer,hour,our
aug,august,auguste
auger,augur
augers,augurs
aught,ot,ought
auman,aumann
aune,on
aung,ong
aunt's,aunts,aunts'
aura,ora
aural,oral,orel
aurand,orand
aurum,oram,orum
austell,austill
austin,auston
australian's,australians
auten,outen,outten
auther,author
author's,authors,authors'
authorities',authority's
auto's,autos
automaker's,automakers,automakers'
autrey,autry,awtrey
av,avey,avi
ava,eva
avenue's,avenues
average's,averages
averett,averette
aviacion,aviation
avila,avilla
aw,awe
axel,axle
ayars,ayers
ayer,eyer,iyer
ayers,i'ers
aygen,eigen,igon
ayscue,escue
b,b.,be,bea,bee
b'nai,benet
b's,b.'s,b.s,be's,beas,bee's,bees,beese,bes
b.c.,bc
ba,bah
baab,bob,bobb
baack,bach,boch,bock,bohlke,bok
baalbek,baalbeq
baar,bahr,bahre,bar,barr,barre
baars,bar's,barr's,barres,barrs,bars,barz
baasch,bosh
baatz,botts,botz
bab,babb
baba,bubba
babbit,babbitt
babbitt's,babbitts
babble,babel
babbs,babs
babic,babik,bobick
babies,babies',baby's
babineau,babineaux
babinski,bobinski
baboon's,baboons
baboon's,baboons
baby-sit,babysit
baby-sitter,babysitter
baby-sitters,babysitters
bacchus,bacus
baccus,backus,baucus
bachar,bacher
bache,batch
bache's,batches
bachelor,batcheller,batchelor
bachelor's,bachelors
bachman,bachmann,bockman
bachner,bochner
bachtel,bachtell
back,backe,bak,bakke
back's,backes,backs,bax
back-up,backup
backer,bakker
backer's,backers,bakker's,bakkers
bad-ass,badass
bade,bayed
badeau,badeaux
badger's,badgers
badley,badly
bae,bi,buy,by,bye
baecker,becher,becker,beker,bekker
baehr,baer,bahr,bair,bare,bear,behr
baehr,bier
baek,beak,beeck,beek
baek,bec,beck
baeten,betten,betton
baetz,beats,beets,beitz,bietz
bag,bagg,bagge
bagan,begun
bagdad,baghdad
bagel,begel
baggie,baggy
baggs,bags
baghli,bagley
bagnall,bagnell
bahl,bol,bolle
bahler,boller
bahm,bam
bahn,ban,banh,bann
bahner,bonnor
baht,bhatt,bott,bought
baidoa's,baidoas
baidoan's,baidoans
baier,bayar,bayer,beyer
baig,begue
bail,baile,bale,balle,bayle,beyl
bailer,bailor,baler,baylor
bailes,bails,bales,balles,bayles
bailey,bailie,baillie,bailly,baily,baley,bally,baylee,bayley,bayly
bailey's,baileys,bally's
bailiff,bayliff
bailin,bailyn,beilin
bailing,baling
bailon,balan,baylen
baim,bame,boehm,boehme
bain,baine,bane,bayne
bain's,baines,bains,banes,baynes
bainerd,baynard
baird,bared
baise,baize,bay's,bayes,bays,bayse,baze
bait,bate,beit
baited,bated
baits,bates,bates'
baity,batey,batie,baty,beatty
baker,bakker
baker's,bakers,bakker's,bakkers
bakst,baxt
bala,bolla
balas,ballasts
balcer,balser
balcom,balkcom
bald,balled,bawled
baldassare,baldassari
balder,baldor
balentine,ballentine
balik,bolich,bolick
balin,ballin
ball,bawl
ball's,balls,balz,bawls
baller,ballor
ballet's,ballets
balli,bally
ballo,ballow,balogh,balow
balm,bohm,bom,bomb
balmer,bomber,bommer
balms,bomb's,bombs
baloney,bologna
balthasar,balthaser
bamberg,bamburg
ban's,bans,benz
banc,bank,banke,banque
banco,banko
bancorp,bankcorp
bancshares,bancshares',bankshares
band,banned
band's,bands
bangalor,bangalore
bangladeshi's,bangladeshis
bango,bongo
banick,banik,bannick
banister,bannister
banja,banya
bank's,bankes,banks,banks'
banker's,bankers,bankers'
bankowski,bonkowski
bankrupcty,bankruptcy
bannan,bannon
banner's,banners
bantam's,bantams
bao,bough,bow
bara,barra
barack,barak
barasch,barash
baratta,bharata
barb,barbe
barb's,barbs
barbara,barbra
barbaree,barbary
barbeau,barbo
barbecue,barbeque,bbq
barbecue's,barbecues,barbeques
barbecued,barbequed
barbecueing,barbecuing,barbequeing
barbee,barbie,barby
barbel,barbell
barber,barbour,barbre
barber's,barbers,barbour's
barbie's,barbies
barch,bark,barke
barclay,barkeley,barkley
barclay's,barclays,barclays'
barclay's,barclays,barclays'
barco,barko,barkow
barcus,barkus
bard,barred
bardulf,bardulph
barens,baron's,barons,behrens
bares,bear's,bears,bears',berres,bures
barey,barre,barrie,barry,berrey,berri,berrie,berry,buerry,bury
bargman,bargmann
bari's,baris
barich,barrick
baril,barrel,behrle,berrill,beryl,burel,burell
baring,bearing,behring,bering
baring's,barings,barings',bearings
baringer,behringer,beringer,berringer
barish,bearish,buresh
barkdoll,barkdull
barkes,barks
barlow,barlowe
barnes,barns
barnett,barnette
barney,barny
barney's,barneys
barnhardt,barnhart
baro,barro,borrow
baron,barren,barron
baron,barren,beran,beron
baron's,barons,barrens,barron's
barone,barrone
baros,barros,borrows
barret,barrett
barreto,barretto
barrett,berrett
barrick,burek,burich
barrie,barry
barrier,berrier
barrios,berrios
barritt,burritt
barrow,bero
barry's,berries,berris,berry's,buries,bury's
barsch,barsh
bart's,barts,bartz
bartak,bartok
bartel,bartl,bartle,bartol
bartels,bartles
barten,barton
bartnick,bartnik
barto,bartow
basch,bash
base,bass
base's,bases
baseball's,baseballs
based,baste
bases,bass's,basses
basey,basi
basford,bassford
basha,bhatia
basham,bassham
basher,bashor,bashore
basic's,basics,basix
basil,bazzell,bazzle
bask,basque
basketball's,basketballs
basks,basques
bass,basse
bass's,basses
basset,bassett
bastard's,bastards
bastien,baston
bat,batt,batte,bhatt
bataan,baton,bhutan
bateson,batson
bateson,battison
baton,batten,batton
bats,batts,batz
battey,batty
battiste,battisti
battle's,battles
bauble,bobble
baubles,bobbles
baucus,bockus
baud,bawd
baudoin,beaudoin,bowdoin
bauer,baur,bougher,bower
bauers,bowers
baugher,bawer
baughn,baun
baum,bomb
bauman,baumann,boughman,bouwman
baumberger,bomberger
baumgardner,bomgardner
baumgardt,baumgart
baumgardt,baumgart
baur,boar,boer,bohr,bore,borre
bautch,bouch,bouche
bautz,bots
bay,baye,bayh,bey
baybank's,baybanks
bayer's,bayers,beyers
bayless,baylis,bayliss
bazaar,bazar,bizarre
beaber,beber,bieber
beach,beech
beach's,beaches
beacham,beachum,beecham
beacher,beecher
beachler,beechler
beachy,beechy
bead,bede,beede
beadle,beedle
beady,beedie,beedy
beagle,beegle,biegel
beagle's,beagles
beagley,beeghly
beahm,beam,beem
beaird,beard
beaker,beeker,bieker
beakman,beekman
beaks,beeks
beal,beale,beall,beel,beil,biehl,biel
bealer,beehler,beeler,biehler,bieler
beales,beals
beam's,beams
beaman,beamon,beeman,beman
beamer,beemer
bean,beane,beene,bein,beine,biehn,bien
bean's,beans
beara,bera,berra
bearce,bearse,bearss,burse
beardslee,beardsley
beare,beer,bere
bearfield,burfield
bearman,behrman,behrmann
beary,beery,bieri,biery
beasley,beazley,beesley,beezley
beason,beeson
beat,beet
beaten,beaton,beeton
beatie,beattie,beatty,beaty,bt
beatle,beetle
beatles,beatles',beetles
beau,beaux,bo,boe,boeh,bow,bowe
beauce,boese,bowse
beauchaine,beauchene
beaudet,beaudette
beavan,bevan,beven
beaver,beever,biever
beavers,beevers
bebe,beebe,beeby,bibi
bebe's,beebe's,beebes,bibi's
bebeau,bibeau,bibeault
becca,bekaa
bechler,beckler
beck's,becks
becker's,beckers,beker's
becki,beckie,becky,bekki
beckman,beckmann
beco,biko
beddingfield,bedingfield
beddoe,beddow
bednar,bedner
been,bihn,bin,binn
been,bun,bunn
beens,binns,bins,binz
beer's,beres,biers
beerman,bierman,biermann
beers,beers'
beg,begg
beger,beggar
beggs,begs
begin's,begins,biggins
beginner's,beginners
begun,bigan
behavior,behaviour
behaviors,behaviours
behl,bel,bell,belle
behler,bellar,beller
behling,belling
behlke,bel'c,belk,belke
behm,bem
behn,behne,ben,benn,benne
behner,benner
behney,beni,benney,bennie,benny
behning,bening,benning
behnke,benke
behof,behoff
behrend,berend
behrends,berends
behrendt,berendt
beier,buyer,byer
beige's,beiges
beiler,byler
beilin,belin,bellin
beilke,bielke
being's,beings
beirne,byrn
beisel,beissel
beit,bight,bite,byte
beiter,biter
beitler,bitler
beitler,bitler
bela,bella,bellah
belabores,belabors
beland,belland
belden,beldon
belen,bellon
belflower,bellflower
beli,belli,belly
beligerence,belligerence
beligerent,belligerent
belinsky,bielinski,bilinski
beliveau,belliveau
belize,bellies
belknap,belnap
bell's,belles,bells,bells',bels,belz
bellamy,bellomy
bellard,billard
belleau,below,billow,bilow
bellman,bellmon,belman
bellmore,belmore
bello,bellow,belo
bellotti,belote
bellow's,bellows
bellville,belville
belt's,belts,beltz
belvedere,belvidere
ben's,bens,benz
bena,bene
benak,benecke,beneke
benchmark's,benchmarks
bendall,bendel,bendele
bender's,benders
bendt,bent,bente
benedek,benedick
benedict,benedikt
benedictine's,benedictines
benefactor's,benefactors
beneficiaries,beneficiary's
benefited,benefitted
benefiting,benefitting
benesch,benesh
benet,bennett
benet's,bennett's
bengal,bengel
benito,bonito
bennet,bennett,bennitt
bennette,binette
bensen,benson
benten,bettin
bentley,bently
bentsen,bentson
benz's,benzes
benzene,benzine
berard,berrard
berch,berk,berke,birk,bourke,burck,burk,burke
berdan,birden,burden,burdon
berg,bergh,burg,burge
berg's,bergs,burges
bergan,bergen
bergdahl,bergdoll
bergdorf,burgdorf
berge,birge,burdge
bergeman,bergemann,bergman,bergmann,burgman
berger,burger,burgher
berger's,burger's,burgers
bergeson,burgeson
berget,burget
bergey,burgy
berggren,bergren
berghof,berghoff
bergin,burgin
bergling,burgling
bergner,burgner
berkel,birchall,birkel,burchell,burkel,burkle
berkeley,berklee,berkley,burkley
berkes,birkes,birks,burke's,burkes,burks
berkey,birkey,birky,burkey
berkland,birkeland,birkland,burkland,burklund
berkman,burkman
berkoff,birkhoff
berland,burland
berle,birle,burl
berle's,berles,berles',berls
berliner's,berliners
berliner's,berliners
berling,burling
berman,birman,burman
berman's,bermans,burmans
bern,berne,burn,burne,byrne
bernadene,bernadine
bernadino,bernardino
bernal,burnell
bernard,burnard
bernard's,bernards
bernardi,bernardy
bernd,berndt,bernt,burnt
berner,burner
bernet,burnett,burnette
bernett,burnet
berney,bernie,berny,birney,birnie,burney
bernhardt,bernhart
berning,burning
berns,burnes,burns,burns',byrne's,byrnes
bernsen,bernson
bernstein,burnstein
bernstein,burnstein
bernstein's,bernsteins
bernstein's,bernsteins
berntsen,berntson
berrian,berrien
bersch,bursch
berson,burson
berst,burst
berstein,burstein
berstein,burstein
bert,berte,birt,burt,burtt
bertch,bertsch,bertsche,birch,burch,burtch
bertelsen,bertelson
berth,birth
berths,births
bertie,berty
berton,burton
bertone,bertoni
bertz,burts
berwick,burwick
beschloss,beschloss',beshloss
beseiged,besieged
beset,bessette,bissette
besler,bessler
bess,besse
bessey,bessie,bessy
best,beste
bet,bett
bet's,bets,betts,betz
bethann,bethanne
bethel,bethell
betsey,betsy
bette,betti,betty
better,bettor
betters,bettors
bettes,betty's
beu,boo
beulah,bula
beury,burry
bevel,bevil,bevill
beverage,beveridge
beverley,beverly
bewley,buley
beyerle,byrle
beyerlein,byerlein
bharat,bharath
bhutan,boutin
bhutto,buetow
bi-polar,bipolar
bi-weekly,biweekly
bias,byas,byus
biasi,byassee
bib,bibb
bibbee,bibby,bibee,bibi
bibbs,bibs
bible's,bibles
biby,bybee
bic,bick
bice,buysse
bichler,bickler
bichsel,bixel
bickel,bickell,bickle
bicksler,bixler
bid's,bids
bidder's,bidders
biddie,biddy
biderman,biedermann
biela,bila
bielicki,bilicki
bienkowski,binkowski
bierley,bierly
bies,bise,buy's,buys
big-time,bigtime
bigbee,bigbie,bigby
biggar,bigger
biggs,bigs
bihl,bil,bill
biker,byker
bild,billed,build
bildt,built
bildt's,biltz
bile,bille
biles,byles
bill's,billes,bills,bills'
billboard's,billboards
billet,billett
billeter,billiter
billick,bilyk
billie,billy,bily
billingslea,billingsley,billingsly
bilski,bilsky
bindel,bindle
bines,bynes
bingel,bingle
binney,binnie
biosphere's,biospheres
biotechnologies,biotechnology's
bir,birr,bur,burr
birchard,burkard
bircher,birtcher,burcher
birchett,burchett
birchfield,burchfield
birckhead,birkhead,burkhead
bird,burd,byrd
bird's,birds,birds',byrd's
birdfeather's,birdfeathers
birdfeeder's,birdfeeders
birdie,birdy
birdsell,burdsall
birkett,burket,burkett,burkitt
birley,burley,burly
biron,byron
bis,biss,buice
bisch,bish
bisek,busick
bisel,bissell
bishop's,bishops
bismarck,bismark
bissen,bisson
bisset,bissett
bissonette,bissonnette
bitar,bitter
bites,bytes
bitner,bittner
bits,bitz
bittel,bittle
bitten,bitton
bitterman,bittermann
bitterman's,bittermann's
biz,buis
bizzy,busy
bjoern,bjorn
black's,blacks,blacks'
blackhawk's,blackhawks
blackley,blakley
blackman,blackmon,blackmun
bladen,blaydon
blades,blaydes
blaese,blaise,blaize,blase,blayze,blaze
blaesing,blessing
blaikie,blakey
blain,blaine,blane,blayne
blair,blare
blair's,blares
blaiser,blaser,blazer
blake's,blakes
blakeley,blakely
blakeley's,blakely's
blakeslee,blakesley
blan,blann
blanc,blanck,blank,blanke
blancett,blansett
blanch,blanche
blanchard's,blanchards
blandin,blandon
blaney,blayney
blankie,blanky
blankley,blankly
blasco,blasko
blasdel,blasdell
blasier,blazier
blasing,blazing
blasingame,blassingame
blau,blough
blay,bley
bleaker,bleecker,bleeker
bleau,blow,blowe
blech,bleck
blecher,blecker
bleiler,blyler
blessed,blest
bleu,blew,blue
blewett,blewitt
bligh,bly,blye
blinder's,blinders
bliss,bliss'
blithe,blythe
blizard,blizzard
bloc,bloch,block,blok
bloc's,bloch's,block's,blocks,blocs
blocher,blocker
blockbuster's,blockbusters
bloem,blohm,blome
blomkvist,blomquist
blond,blonde
blonde's,blondes,blonds
blood's,bloods
bloom,blum,blume
bloom's,blooms
bloomer,blumer
bloomingdale's,bloomingdales
blose,blows
bloxham,bloxom,bloxsom
blue's,blues,blues'
blueing,bluing
blueish,bluish
bluett,bluitt
blumenschein,blumenshine
blunck,blunk
blundall,blundell
blvd,boulevard
boak,boake,boeck,boeke,bouck
boal,boehl,bohl,bole,boll,bowl,buol
boals,boles,bolles,bolls,bolz,bowles,bowls
boan,boehne,boen,bohn,bohne,bone,bown,bowne
board,bored
board's,boards,bordes
boarda,borda
boarder,border
boarders,border's,borders
boardman,bordman
boarman,boerman,borman,bormann
boart,bort
boase,boes,bose,bowes,bows,boze
boat's,boats
boatlift's,boatlifts
boatner,boettner
boatright,boatwright
bobber,bober
bobbett,bobbitt
bobbi,bobbie,bobby
bobbitt's,bobbitts
boca,bocce
boche,botch
boddie,boddy,body
bode,bowed
boden,bowden
bodey,bodi,bodie
bodies,body's
bodle,bowdle
boecker,boeker,boker,bokor,bowker
boeckman,boeckmann
boedecker,boedeker
boege,boge
boeger,boger
boehle,bohle
boehler,bohler,bolar,boler,bowler
boehlke,bohlke
boehm,boehme
boehmer,bohmer,bomer,bowmer
boehner,bohner,bonar,boner
boehning,boning
boeing,bowing
boelkow,bolkow
boelman,bohlman,bohlmann
boelter,bolter,boulter
boerger,borger
boerner,borner
boers,bores,bors
boesky's,boeskys
boetcher,boettcher
boeve,bove
bogdan,bogden,bogdon
bogen,boggan
boggs,bogs
bogie,boogie
bohan,bohon
bohannon,bohanon
bohen,bowen
bohland,boland,bowland
bohlen,bolan,bolen,bolon,bowlen
bohlin,boleyn,bolin,bowlin
bohling,boling,bolling,bowling
bohlinger,bolinger
bohman,boman,bowman,bowmen
bohnet,bonnett
bohren,boren
bohrer,borer
boice,boyce
boies,boy's,boyes,boys,boys',boyz
boik,boike
boil,boyle
boils,boyles,boylls
boise,boisi
boisen,boysen
bojangles,bojangles'
bolar's,bowlers
bold,bowled
bolden,boldon
bolder,boulder
bolding,boulding
bolds,bowlds
boldt,bolt,bolte
boley,bowley
bollman,bollmann
bolten,bolton
bolts,boltz
boltzmann's,boltzmanns
bolus,bowlus
bomber's,bombers
bon,bonn,bonne
bond,bonde
bond's,bonds,bonds'
bondholders,bondholders'
bondi,bondy
bondt,bonte
boney,boni,bony
bonine,bonini
bonney,bonnie,bonny
bonnibel,bonnibelle
booee,bouie,buie,buoy
booher,buer
book's,books,books'
bookbinder,buchbinder
bookcellar,bookseller
bookcellars,booksellers
booker's,bookers
boole,boule
boom's,booms
boomers,boomers'
boon,boone
boorda,burda
boorman,buhrman
boortz,bortz
boos,booz,booze,buus
booster's,boosters
boot,boote,boutte
booten,booton
booth,buth
bootie,booty
boots,bootz
bop,bopp
bora,borah
borak,boruch
boral,borel,borell,burrill
borchard,burchard
borck,bork
borda's,bordas
borek,boric
borelli,borrelli
borello,borrello
borg,bourg
borgman,borgmann
boris,boris',borris
born,borne,bourn,bourne
born's,borns
borneman,bornemann,bornman
boro,borough,burro,burrough,burrow
boroff,borroff
boros,borough's,boroughs,burros,burroughs,burrowes,burrows
boroski,borowsky
borrower's,borrowers,borrowers'
borse,bourse
borten,borton
bos,boss,bosse
boser,bowser
bosler,bossler
bosnia's,bosnias
bosnian's,bosnians
boso,bosso
boss,boss'
boss's,bosses,bosses'
bossed,bost
bosshardt,bosshart
bossie,bossy
bot,bought
botelho,botello
bottel,bottle
bottlers,bottlers'
bottom's,bottoms
bottorf,bottorff
boudin,budin
boudreau,boudreaux
boughs,bows
boughton,bouton
boulais,boulay
boulet,boulette
bourdeau,burdo
bourse's,bourses
boutell,boutelle
boutros,butros
bouyer,boyer
box,boxx
boxer's,boxers
boy,boye
boyd,boyde
boydston,boydstun
boyfriend's,boyfriends
boylan,boylen
boyleston,boylston
boyleston's,boylston's
boyt,boyte
braasch,brosh,brosz
brac,brack,brakke,braque
bracamonte's,bracamontes
brace's,braces
bracey,bracy
brach,bratsch
bracher,bracker
bracket,brackett
bradberry,bradbury
bradford's,bradfords
bradlee,bradley
bradlees,bradley's,bradleys
brady's,bradys
brae,bray,brey
brag,bragg
braggs,brags
brahm,brom,bromm
brain's,brains
brainard,brainerd
brainer,braner,breighner
braise,brase
brake,break
brakefield,breakfield
braker,breaker
brakes,breaks
braking,breaking
braley,bralley
braly,brolly
braman,brayman
bramlet,bramlett
bran,brann
branam,brannam,brannum,branum
branch,branche
branch's,branches
branco,branko
brand,brande
brand's,brandes,brands,brands'
brand-new,brandnew
brandau,brandow
brandel,brandl,brandle
branden,brandon
brandenberg,brandenburg
brandenberger,brandenburger
brandi,brandy
brandt,brant
brandtner,brantner
branigan,brannigan
brank's,branks
brannan,brannen,brannon,branon
branscom,branscomb,branscum
brantley,brantly
bras,brass
brasch,brash
brasel,brasil,brassell
brasfield,brassfield
brasow,brasso
brasseaux,brosseau,brusseau
brat,bratt
braton,brattin
brats,bratz
bratten,bratton
brau,brough,brow
braud,braude,broad
brauer,brougher,brower
braughton,broughton
braun,braune,brawn
braun's,brauns
brauner,brawner
braves,braves'
brayer,breyer
brazeal,braziel
brazel,brazell,brazill,brazzel,brazzell
brea,bree,brie
breach,breech
breaches,breeches
breaching,breeching
bread,bred
breakey,breaky
brean,breen
breast,brest
breath,breth
breau,breault,breaux,bro,broe,browe
breaux,brew,brue
brecher,brecker
breck,brekke
brede,breed
breden,breeden
breed's,breeds
breeders,breeders'
brees,breese,breeze,briese
breger,brieger
brehm,brem
brehmer,bremmer
breier,briar,brier,bryer
breighton,brighten,brighton
breiner,briner,bryner
breining,brining
breitman,brightman
bren,brenn
brendan,brenden,brendon
brendel,brendle
brender,brendor
brennan,brennen
brennan's,brennans
bresee,brissey
bresette,brissette
bresler,bressler
bress,bresse
bret,brett
brethauer,bretthauer
breton,bretton
bretschneider,brettschneider
bretts,bretz
breuer,brewer,bruer
brewed,brood
brewer's,brewers,brewers'
brewington,bruington
brews,bruise,bruse
brewton,bruton
brezinski,brzezinski
brian,brion,bryan,bryen,bryon
brian's,bryan's,bryans,bryans'
briana,brianna
briana's,brianna's
briant,bryant
bric,brick,bryk
brice,bryce
brickel,brickell,brickle
bricks,brix
bridal,bridle
bride's,brides
briden,bryden
bridesmaid's,bridesmaids,bridesmaids'
bridge's,bridges,brydges
bridgeman,bridgman
bridget,bridgett,bridgette,brigitte
bridie,brydie
brierley,brierly
brigadeer,brigadier
brigham's,brighams
bright,brite
brim,brimm
brimer,brymer
brin,brinn,bryn
brine,bryne
brink's,brinks
brinkley,brinkly
brinkman,brinkmann
brinkmeier,brinkmeyer
brinlee,brinley
briskey,briski,brisky
brison,brisson
brit,britt
britain,briton,brittain,brittan,britten,britton
britain's,britains,britons,britons'
britannia,brittania
brits,britts,britz
bro's,brose
broach,brooch
broadcaster's,broadcasters,broadcasters'
broadie,broady
broadley,broadly
broc,brock,brok
broccoli,brockley
brock's,brox
brockhaus,brockhouse
brockman,brockmann
brockmeier,brockmeyer
broderick,brodrick
brodersen,broderson
broecker,broeker,broker
brogden,brogdon
broker's,brokers,brokers'
brokerage's,brokerages,brokerages'
brokerage's,brokerages,brokerages'
bronc,bronk
bronfman's,bronfmans
brons,bronze
brook,brooke
brook's,brooke's,brookes,brooks,brooks',brooks's
brookner,brueckner
broom,broome
brother's,brothers,brothers'
brouillet,brouillette
broun,bruen,brune,bruun
brousseau,bruso
brousset,brusett,brusette
brown,browne
brown's,browns,browns'
brownlee,brownley,brownlie
brows,browse
brozowski,brzozowski
bruck's,brucks
brueggeman,brueggemann
bruehl,brule
bruemmer,brumer
bruening,bruning
bruggeman,brugman
bruhn,brun,brunn
bruin's,bruins,bruynes
brum,brumm
brumett,brummet,brummett,brummitt
brumit,brumitt
brummel,brummell
brundage,brundidge
brunet,brunette
bruney,bruni
brunk,brunke
brus,bruss
bruske,brusque
bruski,brusky
brut,brute
bub,bubb
bubar,buber
buc,buck
buccal,buechel,buechele
bucci,buchi
bucey,bucy,bussi,bussie
buch,buche,butsch
buchan,buchen
buchanan,buchannan,buchanon
buchanan's,buchanans
buchholtz,buckholtz
buchholz,buckholz
buchko,butchko
buchler,buckler
buchler,buckler
buchman,buchmann,buckman
buchner,buckner
buchs,buck's,bucks,bucs,bucs'
buchsbaum,buxbaum
buckel,buckle
buckels,buckles
buckey,bucky
bud,budd,budde
bud's,buds,budz
buddie,buddy
buddies,buddy's
budget's,budgets
budney,budny
budnick,budnik
budreau,budrow
budzinski,budzynski
buehl,buel,buhl
bueker,buker
buell,buil
buff's,buffs
buffalo's,buffalos
buffered,bufford
buffets,buffett's
buffkin,bufkin
bug,bugg,bugge
buggs,bugs
bui,buie
buick's,buicks
build-up,buildup
builder's,builders,builders'
building's,buildings
built-in,builtin
bull's,bulls,bulls'
bulloch,bullock,bulluck
bullock's,bullocks
bullwinkle,bulwinkle
bunch,bunche
bund,bunde
bundy's,bundys
bungee,bungey
bunk,bunke
bunney,bunnie,bunny
bunt,bunte
bunt's,buntz
bunten,bunton
buntin,buntyn
burack,burak
burbage,burbidge
burckhard,burkhard
burckhardt,burkhardt,burkhart
burdett,burditt
burdine's,burdines
burdine's,burdines
bureau,burow
bureau's,bureaus
bureaucracies,bureaucracy's
burgomaster's,burgomasters
burgundies,burgundy's
buri,burri
burleson,burlison
burma,burmah
burnam,burnham
burnap,burnup
burress,burrous
burrus,burruss
bus,buss,busse
busbee,busbey
busby,buzbee,buzby
busch,bush
busch's,bush's
buschman,buschmann
bused,bussed,bust
busey,bussey,bussi,bussie
busey,buzze
bushee,bushey,bushy
bushel,bushell
business,business'
business,business'
business's,businesses
busing,bussing
busk,buske
bussell,bustle
busti,busty
but,butt
but's,buts,butts,butz
butan,buthan
butcher's,butchers
bute,butte
buthelezi,butulesi
buthelezi's,butulesi's
butler,buttler
butler's,butlers
butner,buttner
butrick,buttrick
butson,butzen,butzin
buttars,butters
butterflies,butterfly's
buttrey,buttry
buyer's,buyers,buyers',byars,byers,byers'
buzz,buzze
buzzard's,buzzards
byam,byham
byerley,byerly
byram,byrum
c,c.,cie,sci,sea,see,si,sie,sieh,tse
c'est,say,saye,se,seay
c'mon,come-on
c's,c.'s,c.s,cees,saez,sea's,seas,sease,sees,seese,seize,sies
c-span,cspan
c.d.s,cds
c.o.d.,cod
ca,ka,kah
caan,caen,con,conn,conn.,kahn,khan,kohn,kon
cab's,cabs
cabbie,cabby,kabi
cabela,cabela's
cabinet's,cabinets
cable,kable
cable's,cables
cabler,kabler
cabler,kabler
cabot,kabat
cabrall,kabral
cac,caq
cac's,caq's
cache,cachet
cache,cash,kasch,kash
cached,cashed
caches,cashes
caching,cashing
cackle,kachel
cad,khad
caddell,kadel
caddie,caddy
caddie's,caddies
cade,kade
cadillac's,cadillacs
cadwalader,cadwallader
cady,kady
caen,cahn,can,cann,cannes,kan,kann,kanne
caen's,can's,cannes,cans,kanz
caen's,cons,kahn's,khan's,konz
caesar,cesar
caesar's,caesars,caesars'
caffee,caffey
cagan,kagan
cage,kage
cage's,cages
cagey,kagey
cagle,kagel
cahners,conner's,conners,connors
cahoon,cohoon
cahoot,cahouet
cai,chi,kai,keye
cail,cale,calle,kael,kail,kale
cain,caine,cane,cayne,kain,kaine,kane,kayne
cain's,caines,canes,kainz,kane's,keynes
caire,care,kahre,kehr
cairnes,cairns
caison,kazan
caisse,case,cayce
caissie,casey
caisson,cayson
caisson,kessen,kesten
caissons,kastens
caito,cato,kato,keto
cake's,cakes
cal,kal
calaf,caliph,khalaf
calahan,callaghan,callahan
calais,callais
calan,kalan,kalen,keylon
calder,caulder
calef,calif,califf
calendar,calender,callander
caler,caylor,kaler,kaylor
cales,calles
caley,kaley,kaylie
calhoon,calhoun
cali,calley,cally
cali,colley,collie,colly,kahley,kali,kolli
californian's,californians
calix,calyx
calk,caulk,kalk,kauk
call,caul,kall,kaul
call's,calls
calla,kalla
callace,callous,callus,kallus,kalous
callan,callen
callas,kallas
caller,collor,color
caller's,callers
callery,calorie
callie,cauley,cawley
callis,kalis,kallis
calloway,caloway
callum,kallam
calm,com,comm,qom
calmer,kommer
calmly,comley,comly
calms,com's,coms
calvary,calvery
cam,camm,kam,kamm
cam's,cams
cama,comma,kama
caman,cayman,kaman
camarata,cammarata
camaro,camero
cambell,campbell
camber,cambre,kamber
came,kaim
camel's,camels
camera,kamra
camera's,cameras
camerer,kamerer,kammerer
cameron's,camerons
camino,comino
cammer,kammer
cammie,cammy,kamei
cammon,kamman
camomile,chamomile
camomile,chamomile
camp,kamp,kampe
camp's,camps,camps',kamp's,kamps
campa,kampa
campaign's,campaigns
campbell's,campbells
campeau,campo
campeau's,campos
campen,kampen
camper,kamper
campi,campy
can,kuhne,kun
can't,cant,kandt,kant
cana,kana,khanna
canaan,canan,kanan,kanon
canaday,cannaday
canadian's,canadians,canadians'
canal's,canals
canceled,cancelled
canceling,cancelling
canceling,cancelling
cancer's,cancers
candee,candie,candy
candidate's,candidates,candidates'
candies,candy's
candle,kandel
candler,kandler
canion,canyon
canister,cannister
canisters,cannisters
cannady,kanady
cannan,cannon,canon
cannell,kanell
canner,kanner
canney,canny
cannock,kanak
cannon's,cannons,canon's,canons
cano,kano
canter,cantor,kanter,kantor
cantey,canty
cantle,kantle
cantor's,cantors,kanter's,kantor's
canup,canupp
canvas,canvass
canvases,canvasses
canyon's,canyons
cao,cau,cow,kao,kau,kough
cap,capp,kapp
cap's,capps,caps,kappes,kaps
cape-town,capetown
capel,caple
caper,kapor
capital,capitol
capital's,capitals,capitol's,capitols
capitan,kapitan
caplan,kaplain,kaplan
caplin,kaplin
cappa,kappa
capped,kept
cappel,kappel
capper,kapper,kapur
captain,kapton
captain's,captains
captor,kaptur
car,carr,carre,kahr,kahre,karr
car's,carr's,cars,cars',kahr's,kahrs
cara,kara,kera
caracci,karachi
caraher,carraher
carano,carrano
caras,karas
carat,carrot,karat,karet
carats,carrots,karatz
caravel,caravelle
caraway,carraway
carbary,carberry
carbon,karban
card's,cards,cards'
cardinal's,cardinals
cardinale,cardinali
cardis,cardiss
cardone,cardoni
care's,cares,kehres
careen,corinne
carer,kehrer
carey,carie,carrey,carrie,carry,cary,kairey,kari,karry,kary,kerrey,kerri,kerry
carey's,carries,karis,kerrey's,kerry's
cargo's,cargoes,cargos
caribbean,carribean
carico,carrico
cariker,carriker,karriker
carin,karyn
carine,carini
carino,carrino
caris,carris
carissa,charissa
carita,charita
carithers,carrithers
carjacker's,carjackers
carl,carll,karl
carl's,carles,carls,karl's,karls
carlan,carlen,carlon,karlen
carle,karle
carleen,carlene
carleton,carlton
carley,carli,carly
carlile,carlisle,carlyle
carlin,karlin
carlo,carlough,carlow,karlow
carlone,carloni
carlsen,carlson,carlsson,karlsen,karlson,karlsson
carmaker's,carmakers,carmakers'
carman,carmen,carmine,carmon,karman
carmical,carmickle
carmie,carmy
carn,carne,karn
carnal,carneal,carnell,karnal
carnegie's,carnegies
carnegie's,carnegies
carner,karner
carnes,carns,karnes,karns
carney,karney
carnival's,carnivals
caro,carro,karow
carol,carole,carrel,carrol,carroll
carol,carole,carroll,caryl,karel
carol's,carols,carroll's,karels
carol's,carroll's
carolina,karolina
carolina's,carolinas
caroline,carolyne,karoline
carolyn,carolyne
carothers,carrothers
carousel,carrousel
carow,carrow
carp,karp
carpal,karpel
carpenter's,carpenters
carras,karras
carreira,carrera
carreiro,carrero
carrey's,carries
carrian,carrion,kerien
carrick,kerrick
carrier's,carriers
carrier's,carriers,carriers'
carrig,carrigg
carrillo,kurylo
carron,karren
carruth,caruth
carruthers,caruthers
cars,cause,coz
carson,karson
carsten,karsten
carstens,karstens
cart,carte
cartee,carty
cartel's,cartels
carter,karter
carter's,carters
carts,kartes
carvel,carvell
carver's,carvers
cas,cass,kass
casale,casali
cascade's,cascades,cascades'
cascio,casio
case's,cases
caseze,kasese
cashen,cashon
cashier's,cashiers
casino,cassino
casino's,casinos
caskey,kaske
casler,kasler
casler,kasler,kassler
casner,kasner,kassner
caso,kossow
cason,casson,kassan,kassen,kasson
caspar,casper,kaspar,kasper
casper's,caspers
caspersen,casperson
cassar,kassar
casseb,kassab
cassedy,cassidy
cassel,castle,kasel,kasell,kassel,kastle
casselberry,castleberry
cassells,cassels,castle's,castles
casselman,castleman
cassette,cosette,cossette
cassetty,cassity
cassie,kasey
cassin,kassin
cassis,kassis
cast,caste,kast
castel,castell,kastel
casten,caston,kasten
caster,castor,kaster
castes,casts
castillo,castio
castner,kastner
cat,catt,kat,katt
cat's,cats,kats,katz
catalog,catalogue
cataloged,catalogued
catalogs,catalogues
catalyst's,catalysts
catch,kach,tkach
catcher,kachur,katcher
catcher's,catchers
cate,kate
cater,kater
caterpillar,caterpiller
caterpillar,caterpiller
caterpillar's,caterpiller's
caterpillars,caterpiller's
cates,kate's,kates
catharine,catherine,katharine,katherine,kathryn
catharines,catherine's,catherines
cather's,cathers
catherine,katherine
cathie,cathy,kathi,kathie,kathy
cathleen,kathleen,kathlene
cathy's,kathy's
catoe,catto
catolica,cattolica
caton,catton
catsup,ketchup
cau,co,co.,coe,ko,koh
cauble,kauble
caucus,coccus
caucus's,caucuses
caudal,caudill,caudle
caudal,coddle
cauffman,coffman,kauffman,kauffmann,kaufman,kaufmann,koffman
caufield,cofield
caughron,coren,koren
caught,cot,cott,khat,kot,kott
caul,coll,kahl,kahle,koll,kolle
caulk,cock,kock,kok
causby,cosby
cause,kaus
caustic,kostic
cauthen,cauthon,cawthon
cauthorn,cawthorn,cawthorne
cavaliere,cavalieri
cavan,caven,kavan
cavanaugh,kavanagh,kavanaugh
cave's,caves
cavett,cavitt
cayes,k's,k.'s,kase,kay's,kayes,kays,quay's,quays
caylin,kaylynn
cayton,katen,katyn
cb,seabee
cc,sese
cd,seedy
cearley,surly
cease,cece,seis,siess
cease-fire,ceasefire
ceaucescu,ceausescu
cecelia,cecilia
cech,sec,seck
ceco,seaco
cedar,ceder,seader
cede,seed
ceded,seeded
cedes,seed's,seeds
ceding,seeding
cedras,cedras'
cedras,cedras'
ceiling,sealing,seeling,sieling
cel,cell,sel,sell,selle
cela,cella,sela,sella
cele,ciel,seal,seale,seel
celebrities,celebrity's
celie,selie,selley
celina,salina,selena,selina
celine,saline,selene
cell's,cells,cells',cels,sells,selz
cellar,seller
cellars,sellars,seller's,sellers,sellers'
celmer,selmer
celtics,celtics'
celts,keltz
celts,seltz
censer,censor,sensor
censors,sensor's,sensors
cent,scent,sent
centaur's,centaurs
centel,sentelle
center,centerre,centre,senter
center,senner
center's,centerre's,centers,centers',centres,senters
center's,centers,centers'
centerbanc,centerbank
centimeter,centimetre
centimeters,centimetres
cents,scents,sentz
cents,sense
centuries,century's
cep,sep,sepp
cepeda,sepeda
cera,cerra,sara,sarah,serra
cereal,serial
cereals,serials
ceres,series,series'
cerf,serf,surf
cermak,chermak
cerney,cerny
cero,cerro
cerone,cerrone
cerruti,cerutti
cerveny,cervini
chace,chase
chad,chadd
chae,chai
chafee,chaffee,chaffy
chaffin,chafin
chain,cheyne
chain's,chains,chains'
chaires,share's,shares,shares',sherr's
chaise,shays,shea's
chaisson,chasen,chasten
chalk,chock,chok
challenger's,challengers
challis,shali
chamber's,chambers,chambers'
chamberlain,chamberlin
champion's,champions
championship's,championships
champoux,shampoo
chancellor's,chancellors
chancey,chancy
chaney,chany,cheney,cheyney
chang,chiang,chuang
channel,channell
channel's,channels
chants,tschantz
chanukah,hanukkah
chao,chow,ciao
chap,chapp
chapel,chappel,chappell,chapple
chapell,chapelle,chappelle
chaplain,chaplan,chaplin
charboneau,charbonneau
chard,charred
charities,charities'
charities,charity's
charlene,charline,sharleen,sharlene
charles,charles'
charles,charles',charls
charley,charlie
charley's,charlie's
charmain,charmaine
charmian,charmion
charney,czarny
charon,charron,karan,karen,karon
charren,charron
charter's,charters
chas,chazz
chase's,chases
chased,chaste
chatman,chatmon
chats,chatz,chatz'
chattanooga,chattanuga
chau,schau,show
chauffeur's,chauffeurs
chauncey,chauncy
chaus,chausse
chavis,chavis'
chavis,chavis'
chaz,chazz
chea,chee
cheaney,cini
cheatham,cheatum
chechen's,chechens
chechnyan's,chechnyans
check,chek,cheque,czech
check-up,checkup
checks,cheques,czechs
cheeseman,cheesman
cheetah,chita
chef,scheff,sheff
chef's,chefs
chem,kehm,kem,khem
chemical's,chemicals
chen,chien
cher,schehr,scherr,share,sherr
cheri,cherie,sheri,sherri,sherrie,sherry
chern,cherne,churn
cherney,cherny,czerny
cherokee's,cherokees
cherries,cherry's
cherry,chery
cheryl,sherrell,sheryl
ches,chess
chesher,cheshire,chessher
cheslock,cieslak
chesnut,chesnutt,chestnut
chestnut,chestnutt
chevies,chevy's
chevrolet's,chevrolets
chevrolet's,chevrolets
chew,chiu,choo,chou,chu,tew
chews,choose,chuse,tewes,tews
cheyenne's,cheyennes
chez,schey,shay,shea,sze
chi's,kise,kyes
chic,sheek,sheik,sheikh
chick's,chicks
chicken's,chickens,chickens'
chief's,chiefs,chiefs'
chieftain's,chieftains
chilcoat,chilcote
chilcott,chilcutt
child's,childs
childe,chilled
children's,childrens,childrens'
chile,chili,chilly
chile's,chiles,chili's,chilies,chilis,chillies
chin,chinh,chinn
chino,cino
chip's,chipps,chips
chippendale,chippendales
chiron,chyron
chiron's,chyron's
chisam,chisom
chisholm,chism,chisum
chismar,chizmar
chizek,cizek
chloe,cloey
cho,choe
choat,choate
choi,choy
choice,choyce
chop,chopp,tschopp
chop-suey,chopsuey
chopper's,choppers
choral,coral,corle,curle,koral
chorale,corral
chorals,corals
chorba,korba
chord,cord
chords,cordes,cords
choreographer's,choreographers
choric,corrick,couric
chosen,chosun
chrest,crest
chriptosporidium,cryptosporidium
chris,chris',chriss,cris,criss,kris,kriss
chrisco,crisco
chriscoe,krisko
chrisman,crisman,crissman
chrismon,crismon
chrisp,crisp
chrissie,chrissy,crisci,crissey
christa,crista,krista
christabelle,cristabel,cristobel
christal,christel,chrystal,cristal,crystal,kristall,kristol,krystal
christenberry,christenbury
christensen,kristensen
christeson,christison
christi,christie,christy,kristi,kristie,kristy
christiaan,christiane,christianne
christiana,christianna
christiano,cristiano
christiansen,christianson,kristiansen
christie's,christies,christy's,kristi's
christina,cristina,kristina
christine,kristine
christman,christmann
christmas,christmas'
christo,cristo
christoff,christoph,christophe,kristoff,kristoffe
christoffel,christophel
christoffersen,christofferson,christophersen,christopherson
christon,kristen
christopher,kristopher
christopher's,kristopher's
chriswell,criswell
chrome,krome
chronic,kronick
chronicle's,chronicles
chrysler,kreisler
chrysler's,chryslers
chryst,crist,krist
chua,qua
chudy,tschudy
chula,ciulla
chun,chunn
churches,churches'
churchman,churchmen
chute,shoot,shute
chutes,schuetz,schuetze,shoots,shutes
cian,shean,sheen
cicely,sicily
cichowski,czechowski
cid,cyd,sid,syd
cider,seider,sider
cieri,seery
cifuentes,sifuentes
cigarette's,cigarettes
cihlar,ciller,siller
cilley,silly
cilva,silva,sylva
cimino,cimmino
cinch,synch
cinco,sinko
cinder,synder
cindy,cyndi
cinema's,cinemas
cinergy,synergy
cinq,cinque,sink,sync
cinthie,cynthie
cipher,cypher,seifer
circle's,circles
circuit's,circuits
cirino,serino
cirkin,sirkin
cirque,sirk
cisco,siscoe,sisko,sysco
cisler,sisler
cisler,sisler
cisney,sisney
cissell,sissel
cissie,sissie,sissy
cist,cyst
cite,sight,site
cited,sighted,sited
cites,seitz,sights,site's,sites
citi,city
citicorp's,citicorps,citicorps'
cities,cities',city's
citing,sighting,siting
citizen's,citizens
citizens,citizens'
citric,sitrick
citron,citron's
claar,clar,klar
claassen,closson,klaassen
claes,claeys,clays,klase
clague,clog
claiborn,claiborne,clayborn,clayborne,claybourne,clayburn
claimants,claimants'
clair,claire,clare,klare
clam,klamm
clamen,clayman,klamon,klayman
clamor,clamour,klammer
clan,klahn,klan,klann
clancey,clancy
clang,klang
clans,klan's,klans
clap,clapp,klapp
clapper,klapper
claremont,clermont
clarisse,clarrisse
clark,clarke
clark's,clarke's,clarks
clasen,klasen
clason,classen,classon,klassen
class,klas,klass
class's,classes
claud,claude,clawed
claus,claus',clause,claws
clauss,closs,klos,kloss
clay,klay,kley
claypool,claypoole
clean,kleen
clear,cleere,kleer
clear-cut,clearcut
cleat,cliett
cleave,cleve,kleve
cleaveland,cleveland
cleckner,kleckner
cleek,clique
cleland,clelland
clem,klem,klemm,klemme
clemans,clemens,clemmons,clemons
clemen,kleman,klemann
clemence,klemens
clement,klement
clemente's,clementes
clemente's,clementes
clemmer,klemmer
clemmie,clemmy
cleo,clio
clepper,klepper
clerc,clercq,clerk,klerk
clerk's,clerks,clerks',klerk's
cleven,kleven
clever,klever
clews,clues,kloos
click,klick
clicks,cliques
client's,clients,clients'
clif,cliff,cliffe
cliff's,cliffs,cliffs'
clim,klim,klym
climber,climer,clymer,klimer
climbers,climbers'
climbs,climes
cline,clyne,klein,kleine,kline
clines,klein's
cling,kling
clingan,klingon
clinger,klinger
clinger's,klinger's
clingerman,klingerman
clingman,klingman
clinic's,clinics
clink,klinck,klink,klinke
clint,klindt,klint
clinton's,clintons,clintons'
clip,klipp
clive,clyve
cloak,cloke
clock,kloc,klock,klocke
clock's,clocks
cloe,clow
clone,kloehn
clones,clones'
clonts,clontz,klontz
clooney,cluny
clos,klaas
close,clothes,klose
close-up,closeup
clot,clott
clots,klotz
clouse,klaus
clouser,klauser
clower,klauer
club,clubb
club's,clubs
clucas,klukas
cluck,kluck
clucks,klux
clue,klu
cluj,kluge
clum,klumb
clump,klump,klumpp
clunk,klunk
clute,klute
clutts,klutts,kluttz,klutz
co-founder,cofounder
co-worker,coworker
co-workers,coworkers
coach's,coaches
coad,code,coed
coady,cody
coal,coale,cole,colle,koehl,koelle,kohl,kol,kole
coal's,coals,cole's,coles,kohl's,kohls
coalition's,coalitions
coalson,coleson,colson
coan,cohn,cone,koehn,koehne,koen,kohne
coar,cohr,cor,core,corps,corr,kohr
coarser,corser,courser
coast,coste,khost
coast's,coasts
coat,cote,kote
coat's,coats,cotes
coating,koetting
coax,coke's,cokes,kokes
cob,cobb
cobain,cobaine
cobbler's,cobblers
cobbs,cobs,kobs
cobey,coby,koby
coble,kobel,koble,koebel
cobler,kobler
cobler,kobler
cobrin,kobrin
coburn,coeburn
coca,cocca
cocanino,coconino
cocchi,cokie,koeki,koki
cocco,coco,cocoa,koko
cochles,cockles
cochran,cochrane,cockran
cocke,coke,koch,koke,kolk
cockey,cocky,khaki
cockle,kochel
cockman,kochman
cockrell,cockrill
cocks,cox,coxe
cocos,koko's
cod,codd
code's,codes
codrescu,kadrescu
coehlo,colo
coelho,coello
coeur,koor
coffee,coffey
coffee's,coffees
coffer,kaufer
coffing,coughing
cogan,kogan
cogar,koger
cogdell,cogdill
cohen,cowen,kohen
cohen's,cowens
cohrs,cores,corps,corps',kohrs
coif,quaff
coil,coile,coyle
coin,coyne
coin's,coins
coiner,coyner
coker,kocur,koker,kolker
cola,colla
colan,colen,colon
colander,collender,kolander
colbeck,kolbeck
colbern,colburn
colbert,kolbert
colborn,colborne
colby's,colbys
colden,kolden
colee,coley,coli,colli,kohli
coleman,colman,kohlman,kohlmann
coler,koehler,koeller,kohler,kolar
coleson,collison
coletta,colletta
coletti,colletti
coleville,colleville
colier,colyer
colin,kolin
coliseum,colosseum
collar,coller,collor,kahler,kollar,koller
collard,collared
collars,collor's
colleague's,colleagues,colleagues'
collector's,collectors,collectors'
colledge,college
college's,colleges,colleges'
collet,collett
collier's,colliers
colling,kolling
collins,collins',collins's
collman,kollman,kollmann,kolman
collom,collum,colomb,column
collopy,colopy
collosio,colosio
collosio's,colosio's
collums,columns
colmer,comber,komar,komer
colodny,kolodny
colombia,columbia
colombia's,columbia's
colonel,kernel
colonel's,colonels,kernels
colonial's,colonials
colonies,colony's
color,colour,culler
colored,coloured
colors,colours,culler's,cullers
colt's,colts,kolts,koltz
colter,coulter,kolter
colton,kolton
coltrain,coltrane
columbus,columbus'
coman,koman
comb,combe,kolm
combat,kombat
combating,combatting
combee,comby
combes,combs
come,cum,kumm
comeau,comeaux
comedian's,comedians
comedies,comedy's
comer,kummer
comet's,comets
coming,cumming
comings,cummings
cominsky,kaminski,kaminsky
command's,commands
commander's,commanders
commentator's,commentators
commercial,commerical
commercial's,commercials
commision,commission
commission's,commissions
commissioner's,commissioners
commitee,committee
committee's,committees,committees'
commodities,commodity's
communications,communications'
communist's,communists
communities,community's
comp,komp
compagnie,company
companies,companies',company's
competition's,competitions
competitor's,competitors
competitors,competitors'
complacent,complaisant
complainant's,complainants
complection,complexion
complections,complexions
complemented,complimented
complementing,complimenting
composer's,composers
composite's,composites
composite's,composites
computer's,computers,computers'
cona,kona
conan,koehnen,koenen,kohnen
conaway,connaway
concern's,concerns,concerns'
conch,conk,kohnke
concord,concorde
conde,conned
conder,condor
condit,conditt
condo,kondo
cone's,cones
confectionary,confectionery
cong,kong
conglomerate's,conglomerates
congregation's,congregations
congress,congress'
congress's,congresses
conic,connick
conifer's,conifers
conkel,conkle,konkel,konkle
conlan,conlon
conlee,conley,conly,connely
conn.,connecticut
connally,connelly
connally's,connelly's
connan,connon,kannan,konen
connecter,connector
connection,connexion
connections,connexions
connell,connole
conner,connor,konner
conolly,conoly
conqueror's,conquerors
conrad's,conrads
conrath,konrath
conrey,conry
conroe,conrow
conservatives,conservatives'
consortium's,consortiums
constant's,constants
constellation's,constellations
constituents,constituents'
constitution's,constitutions
consultant's,consultants,consultants'
consumer's,consumers,consumers'
container's,containers,containers'
contest's,contests
continent's,continents
continental's,continentals
contos,kontos
contra,kontra
contract's,contracts
contractor's,contractors
contras,contras'
control's,controls
controller's,controllers
convention's,conventions
conversion's,conversions
conveyer,conveyor
convict's,convicts
coo,cou,coup,coups,khoo,khuu,koo,ku,qu
coochie,cucci
coogle,kugel
coogler,koogler,kugler
coogler,kugler
cook,cooke
cook's,cooks
cookbook's,cookbooks
cooker,kooker,kuecker,kueker
cool,coole,kool
cooley,coolly,coulee
coolman,kuhlman,kuhlmann
coombes,coombs,coomes
coon,coone,koon,koone,kuehn,kuehne,kuhn
coonce,koonce
cooner,kuhner
coones,coons,koon's,koons,kuhns
cooney,cuhney
coontz,koonts,koontz
coop,coupe,koop
cooper,cowper,kuiper
cooper's,coopers,kuipers
cooperider,cooperrider
coopman,koopman,koopmann
coosa,kusa
coot,coote
cop,copp,kopp,koppe
copa,coppa
copas,kopas
cope,koep,koepp,koeppe,kope
copen,koeppen
coplan,koplan
copley's,copleys
coplin,koplin,kopplin
copolla,coppola
copolla's,coppola's
coppage,coppedge
coppee,copy,kopy
coppel,copple,koppel,koppell,kopple
copper,kopper
copper's,coppers,koppers,koppers'
copperfield's,copperfields,copperfields'
copps,cops,koppes,kops
copyright,copywrite
copyrighted,copywrited
cora,kora
corbel,korbel
corbet,corbett,corbit,corbitt
corby,korby
corda,korda
cordeiro,cordero
cordell,kordell
cordie,cordy
cordill,cordle
cordoba's,cordobas
cordon,cordone
corea,coria,correa,korea
corel,corell,korell
corespondent,correspondent
corey,corrie,corry,cory,coury,kaori,korey,korry,kory
corinn,corrin,currin
corless,corliss
cormac,cormack
corman,cormen,corpsman,korman
corn,corne,korn
cornall,cornel
cornea,cornia
corneal,corniel
corner,koerner,korner
corney,cornie,corny
cornfeld,kornfeld
corniche,cornish
corona,korona
coroner's,coroners
corp,corp.
corp,corp.,corporation
corp's,corp.'s,corporation's,corporations,corporations'
corp's,corp.'s,corpse
corrente,correnti
correspondents,correspondents'
corrington,courington
corsa,cossa
corsi,coursey
corson,coursen,courson,korson
cort,corte,court,ct,kort,korte
corteland,cortland
cortens,cortens'
corter,courter
cortes,cortez,corteze
cortright,courtright,courtwright
cos,coss,koss
cosa,kosa
cosey,cosy,cozy
cosi,koci,kosy
cosic,kasick,kasik
cosic,kosik
cosic,kozik
cosma,kozma
cosman,kosman
cosmonauts,cosmonauts'
cossman,kossman
cost,kost
coster,koester
costley,costly
cothran,cothron
cotler,kotler
cotler,kotler,kottler
cotman,cottman
coto,cotto,koto,kowtow
cots,kaatz,kotz
cottam,cottom
cottee,coty
cotten,cotton
cotter,kotter
cotton's,cottons
couey,kooi,kooy
cough,koff
coull,cowl
council,counsel,counsell
council's,councils,counsel's,counsels
councilman,counselman
councilor,counsellor
councilor,counsellor,counselor
councilors,counsellors
councilors,counsellors,counselors
counties,county's
counties,county's
countries,countries',country's
counts,kountz
couper,kuhar
coupes,koop's,koops
couple's,couples,cupples
coups,koos
courier,currier
courier's,couriers
course's,courses
court's,courts,courts',kortz
cousin's,cousins
couts,coutts
covel,koval
covell,covill
coven,koven
cover-up,coverup
covey,covy
cow's,cows
cowan,cowen
cowans,cowens
coward's,cowards
cowboy's,cowboys,cowboys'
cower,kauer
cowling's,cowlings,cowlings'
coxen,coxon
coy,coye
cozby,kosbie
cr.,crescent
crab,crabb,crabbe,krabbe
crabbs,crabs
crabill,krabill
crack,krack,kracke
cracked,kracht
crackel,crackle
craddock,cradock
craft,krafft,kraft
craft's,crafts,kraft's
crag,cragg,kragh
craggs,crags
crain,craine,crane,crayne,krain,krane,krein
crain's,crane's,cranes
craker,kraker
crall,crawl,krall,krol,kroll
cram,kram,kramm,kramme
cramer,kramer
cramer's,kramer's
crammer,kramar,krammer
cramp,kramp,krampe
crams,krammes
crandall,crandell,krandall
craner,cranor,kraner
cranney,cranny
crans,krans,kranz
crap,krapp
crappie,crappy
crapps,craps
crase,cray's,crays,craze
crash's,crashes
crass,kras,krass
craugh,craw
craven's,cravens
crawley,crawly
cray,kray,krey
crayton,creighton
crea,cree
creach,creech
creagh,kreig,krieg
creak,creek
creal,creel
cream,creme
creamer,cremer,kreamer,kremer
creamy,crimi
crear,creer
creasey,creasy,creecy
credit's,credits
creditors,creditors'
creeden,creedon
creegan,cregan
creek's,creeks
crees,kreis,kriese
cregar,kreager,kreeger,kreger,krieger
cregg,kreg
cregger,kraeger
creko,krecko
creps,krepps,kreps
creque,krech
cresci,cressey,cressy
creson,cresson
cress,kress,kresse
cressler,kressler
cresswell,creswell
crete,kriete
crew,crewe
crew's,crewes,crews,cruise,cruse,cruz,cruze,kruse
crewel,cruel
crib,cribb
cribbs,cribs,kribs
crick,krick
cricket's,crickets
crider,cryder,kreider,krider,kryder
crier,cryer,krier
cries,crise,krise
crill,krill
crilley,crilly
crim,crimm,krim
crime's,crimes,crymes
criminal's,criminals,criminals'
criminalist's,criminalists
criner,kreiner,kriner
cripps,crips
crisler,crysler
crisler,crysler
criss-cross,crisscross
criss-crossed,crisscrossed
critic's,critics,critics'
critz,kritz
critzer,kritzer
cro,crow,crowe,krogh,kroh,krowe
croak,croke
croaker,croker,kroeker
croat's,croats
croatian's,croatians,croatians'
croc,crock,kroc,krock,krok
croix,croy,kroy
crom,krom,kromm
cromer,kromer
cron,kron
cronan,cronen,kronen
crone,krohn
croner,kroener,kroner,kronor
croney,crony
cronk,kronk
crook,crooke
crookshank,cruickshank
croom,crume
croon,kroon
crooner,krouner
crop,cropp,kropp
crop's,crops
cros,cross,krause,krausse,kross
crosbie,crosby
crose,crow's,crows,kroes,kroeze
crosley,crossley
croslin,crosslin
cross's,crosses
crossan,crosson
crosthwait,crosthwaite
croteau,crotteau
crotts,kraatz,krotz
crotzer,krotzer
crouse,kraus,krauss,krouse
crouser,krauser
crout,kraut,krout
crowd's,crowds
crowl,crowle
crown,crowne
crown's,crowns
crowther's,crowthers
crude's,crudes
cruel,kreul
cruiser,cruser,kreuzer
cruiser's,cruisers
cruises,cruz's
crull,krul,krull
crum,crumb,crumm,krum,krumm,krumme
crumley,crumly
crummey,crummy
crusan,cruzan,cruzen
cry,crye
crystal's,crystals,kristol's
crytzer,kreitzer
csar,czar,tsar,zarre
cuba,kuba
cuban,kuban
cube,kube
cubic,kubic,kubick,kubik
cubs,cubs'
cucchi,kooky
cuckoo's,cuckoos
cude,cued
cue,kew,kyu,q,q.,que,queue
cuff,cuffe
cuing,queuing
cul,cull,kuhl,kull
cullan,cullen
culley,cully,kully
cullifer,cullipher
cullman,kullman
cullom,cullum
cullud,khaled
culp,kulp
culpa,kulpa
cult's,cults
culture's,cultures
cumbee,cumbie,cumby
cuneo,kunio
cuny,kuney
cuong,kwong,quang
cup,cupp
cup's,cupps,cups
cur,ker,kerr,kuhr
curare,curari
curator's,curators
curator's,curators
curb,kerb
curbow,kerbow
curbs,kerbs
curby,kearby,kerby,kirby
curd,kurd
curds,kurds
curl,kerl
curlee,curley,curly,kearley,kerley,kirley
curlin,kerlin,kirlin
curnutt,curnutte
curran,curren
currencies,currency's
current's,currents
currey,currie,curry
curries,curry's,currys
curry's,currys
curse,kearse,kerce
cursed,kerst,kirst
curt,kirt,kuhrt,kurt
curt's,curts,kertz,kirts,kurtz
curtain,kirton
curtis,curtis',curtiss,kurtis
curtly,kirtley
curvin,kervin
cus,cuss,kus,kuss
cush,kusch
cush,kush
cushey,cushy
cusic,cusick
cusk,kuske
custer,kuster
customer's,customers,customers'
cut,kut
cutchall,cutshall
cutcher,kutcher,kutscher
cuter,kuter
cuts,cutts,kutz
cutter,kutter
cuyler,kyler
cv,seavey,sevy
cwik,kwik,quick,quik
cy,psi,sai,sigh,sy,tsai
cyber,seiber
cygne,signa
cymbal,symbol
cymbals,symbol's,symbols
cyphers,scifres,sifers
cyphert,seifert,seiffert
cypress,cypris
cypress,cyprus
cyr,sear,sere
cyran,keeran
cystic,sistek
czar's,czars
d,d.,de,dea,dee,di
d'andrea,dandrea
d'arcy,darcey,darcy,darsey,darsy
d'or,doar,doerr,dohr,door,dore,dorr
d's,d.'s,d.s,deas,dee's,dees,deese,deis
d.c.,dc,deasy
daane,dahn,dohn,don,donn
daas,das,dazs
dabrowski,dobrowski
dac,dack,dak
dacey,dacy,daisey
dacs,dax,dax'
dad's,dads
daddies,daddy's
dado,daido,dedo
dae,day,daye,de,dey
daemon,daman,damon
daemon,deman,demon
daenzer,denzer
dag,dagg
dagan,dagon,deighan
dager,daigre
dagle,daigle
dah,de,du,duh
dahl,dol,doll,dolle
dahl's,doll's,dolls,dols
dahler,dollar
dahlman,dolman
dahm,dam,damm,damme,damn
dahmer,dommer
dahn,dan,dann
dahnke,dank
dai,di,die,dye
daignault,daigneault
daikin,dakin
dail,daile,dale,dayle
dailey,daily,daley,daly,dayley
dailies,daley's
daimler,demler
dain,dane,dayne,deign
daines,dains,dane's,danes,deigns
daini,daney
dairy,derry,dery
dais,daise,dase,day's,days,days',daze
daisies,daisy's
daisy,dazey
dakota's,dakotas
dalai,dali,dhali,dolley,dollie,dolly
dale's,dales
dalesandro,dalessandro
dalila,delilah
dall,daul
dallas,dallas'
dalley,dally
dallman,dallmann
dalton,daulton
dalton's,daltons
dam's,damns,dams
dame,damme
dame's,dames
damian,damien
damman,dammann,dammen
dammed,damned
damming,damning
damon's,damons
dan's,danz
dancer,danser
dancer's,dancers,dancers'
dancey,dancy,dansie
danell,danelle
dani,doney,donnie,donny
daniel's,daniels
daniela,daniella
daniele,danielle
danielsen,danielson
danju's,danjus
danjub,danjube
danjub's,danjube's
danley,danly
dannie,danny
dao,dow,dowe,tao
daoud,doud,dowd
daoust,doused
dar,darr
dara,darrah
darcie,darkie
dare,darr,derr
daren,darin,darrin
darice,doris
daring,derring
dark,darke
darleen,darlene
darley,darlie
darman,darmon
darnall,darnel
darrel,darrell,darryl,daryl,deryle
darrow,derrow
dart,dartt
dart's,darts
das,dass
dasch,dash
dashel,dashell
data's,datas
data's,datas
datapoint's,datapoints
datapoint's,datapoints
date's,dates
dateline's,datelines
dats,datz
datsun,dotson
dau,doe,doh,dough
daub,daube
dauer,dour
daughter's,daughters,daughters'
daughton,doughten
daughtrey,daughtry
daun,dawn
dauria,dorea,doria
daus,dawes,daws
davao,davault
dave's,daves
davey,davie,davy
david's,davids
davidian's,davidians
davila,davilla
davis,davis'
davis',davis's
daw,dawe
dawn's,dawns
daya's,dias,diez
dayton,deighton,deyton
deahl,deal,deale,deel,diehl,diel
deak,deike,dieck
deal's,deals
dealer's,dealers,dealers'
dealership's,dealerships
dealey,dealy,deeley,deely,deily
deam,deem,diehm,diem
deamer,deemer,diemer
dean,deane,deen
dean's,deans,deines,denes
deana,deanna
deaner,deener,diener
dear,deer,deere
dearborn,deerborne
deardorff,deardourff
dearing,deering,dering
dearman,deerman
dearmon,derman
deary,deery,diery
deater,deeter,dieter
death's,deaths
deatrick,dietrich,dietrick
deats,deets,deetz,deitz,dietz
deaver,dever
deaver's,deavers
debate's,debates
debbie,debby,debi
debella,dibella
debello,dibello
deblasio,diblasio
debora,deborah,debra
debord,deborde
debris,dubree
debruyn,debruyne
debt's,debts
debtor,detter
debtor's,debtors,debtors'
dec,dech,deck
dec's,decks,dex
decade's,decades
decarlo,dicarlo
decedent's,decedents
decelle,desselle
decesare,dicesare
dechert,deckert
decision's,decisions
decision-maker,decisionmaker
decision-making,decisionmaking
decker,dekker
declerck,declercq,declerk,declerque,deklerk
declerck's,declercq's,declerk's,declerque's,deklerk's
decola,dicola
dede,deed,diede
dedman,dedmon
deedee,deedy,didi
deedrick,diedrich,diedrick
deegan,degan
deeney,dini
deep,diep
defazio,difazio
defelice,difelice
defenbaugh,deffenbaugh
defence,defense
defendant's,defendants,defendants'
defender's,defenders
defense's,defenses
defer,differ
deferred,differed
deferring,differing
defers,differs
defilippo,difilippo
defiore,difiore
defrancesco,difrancesco
defranco,difranco
defrees,defries
defuse,diffuse
defused,diffused
defusing,diffusing
degennaro,digennaro
degiacomo,digiacomo
degirolamo,digirolamo
degregorio,digregorio
dehler,deller
dehm,demme
dehmer,demmer
dehn,dehne,den,denn,denne
dehner,denner
deibel,dible
deidre,diedre
deihl,dial
deion,deon,dione,dionne
deiss,dice,dise,dyce
deitch,deitsch,dyche
deitrich,deitrick
dejong,dejonge,dejongh
del,dell,delle
dela,della
delahanty,delahunty
delancey,delancy
delany,deloney
delap,delapp
delaura,delora
delee,delhi,deli
delegates,delegates'
delegation's,delegations
delfina,delphina
delfine,delphine
delmar,delmer
deloach,deloatch
delore's,delors
delores,dolores
delta's,deltas
deluccia,delucia
delwin,delwyn
demaio,dimaio
demarais,demaray
demarco,dimarco
demaree,demeree
demarino,dimarino
demario,dimario
demarzo,dimarzo
demas,demus
demasi,dimasi
dematteo,dimatteo
demauro,dimauro
dembski,demski,demsky
demeanor,demeanour
demeanors,demeanours
demello,demelo
demeo,dimeo
demery,demory
demesne,dumaine
demetrius,dimitrius,dimitrius'
deming,demming
democracies,democracy's
democrat's,democrats,democrats'
democratic's,democratics
demond,dumond
demur,dimmer
demuro,dimuro
demurs,dimmers
dena,dina,drina
denard,dennard
denardo,dinardo
denatale,dinatale
denault,deneau,deneault
deneen,dineen,dinneen
deneke,denike
denham,denim,denomme
denice,denise
denis,dennis,denys
denison,dennison
deniston,denniston
denlea,denley
denman,denmon
denney,dennie,denny
deno,dino
denomination's,denominations
dens,denz
densely,densley
densmore,dinsmore
dentin,denton,dentton
dentist's,dentists,dentists'
denzel,denzil
dep,depp,deppe
depalma,dipalma
department's,departments
depasquale,dipasquale
depew,depue
depietro,dipietro
depo,depot
depositor's,depositors
depot's,depots
depravation,deprivation
der,dirr,duhr,durr
derden,durden
derecktor,director
deregt,direct
derek,derick,derik,derrick,deryck
derenzo,direnzo
derflinger,durflinger
derflinger,durflinger
derickson,derrickson
derienzo,dirienzo
derk,dirk
derks,dircks,dirkes,dirks,dirkse
derksen,dirksen
dermot,dermott
dern,durn
derward,durward
derwin,durwin
desalvo,disalvo
descendant,descendent
descendants,descendents
descent,dessent,dissent
descents,dissents
deschler,deshler
desert,dessert
deserts,desserts
deshane,deshon
designer's,designers,designers'
desimone,disimone
despair,dispair
destefano,distefano
detective's,detectives
deter,ditter
determination's,determinations
detloff,dettloff
detmer,dettmer
detore,dettore
detrich,detrick
dettman,dettmann
detweiler,detwiler
deuce,deuss,doose,duce
deuel,dewaele
deutch,deutsch,deutsche
deutschemark's,deutschemarks
deux,dew,do,doo,douwe,du,due
devan,devon
devaney,devany
devault,devaux,deveau,deveaux,devoe
developer's,developers,developers'
development's,developments
deveney,devenney,devenny,deviney,devinney
deveraux,devereaux
device,devise
device's,devices
devil,devoll
devil's,devils,devils'
devincenzo,divincenzo
devita,divita
devito,divito
dewald,dueled
dewall,dual,duel
dewar,dewarr,duer
dewar's,doers
dewberry,dubarry
dewees,deweese,dewey's
dewey,dewy,duey
dewhirst,dewhurst
dewing,doing
dewit,dewitte
dewolf,dewolfe
dews,do's,dues
deyo,deyoe
dhabi,dobbie,dobey,dobie
dhaharan,dhahran
dhein,dine
dhia,dia
dhillon,dillan,dillen,dillon,dylan
dhole,doell,dole
dhows,dow's
di's,dies,dise,dyes
diahann,diane,dianne,dyan,dyane
dial,dyal
dial's,dials
dial's,dials,diles
dialog,dialogue
diamond,dimond,dymond
diamond's,diamonds
dian,dion
diana,dianna,dyana
diarrhea,diarrhoea
dibble,diboll
dic,dick,dicke,dyk
dick's,dickes,dicks,dix
dickard,dickered
dickens,dickens'
dickenson,dickinson
dickeson,dickison
dickey,dickie,dicky
dickman,dickmann,dyckman,dykman
dickson,dixon,dixson
dicus,dycus
didn't,dint
dieckman,dieckmann,diekman,diekmann
died,dyed
diefenbach,dieffenbach
diercks,dierkes,dierks
dietician,dietitian
dietitian's,dietitians
dietsch,dietsche
dif,diff
digest's,digests
digges,diggs,digs
dike,dyck,dyke
dikeman,dykeman
dikes,dykes
dill,dille
dilley,dillie,dilly
dillon's,dylan's,dylans
dills,dils
dillworth,dilworth
dilts,diltz
dime's,dimes
dimick,dimmick
din,dinh
dinars,diners
dines,dynes
dingel,dingell,dingle
dingess,dingus
dinkins,dinkins'
dinner's,dinners
diocese,dioceses
dios,dios'
dipiero,dipierro,dipirro
diplomat's,diplomats,diplomats'
dippel,dipple
dire,dyar,dyer
director's,directors
director's,directors,directors'
director's,directors,directors'
director's,directors,directors'
dis,diss
disabilities,disability
disc,disk,disque
disch,dish
discher,disher
discoveries,discovery's
discreet,discrete
discs,disks
discus,discuss
disease's,diseases
dishon,dison
dispatcher's,dispatchers
dispel,dispell
dissidents,dissidents'
dissinger,dysinger
distal,distel
distil,distill
distiller's,distillers,distillers'
distributors,distributors'
district's,districts
ditmer,dittmar,dittmer
ditomasso,ditommaso
dittman,dittmann
diver's,divers
dividend's,dividends
division,divison
division's,divisions,divisions'
dixie,dixy
dixon's,dixons
djakarta,jakarta
djakarta's,jakarta's
dlugos,dlugosz
doak,doke
doan,doane,doanh,don't
doanna,dona
dob,dobb
dobler,doebler
dobler,doebler
dobson's,dobsons
doc,dock
dock's,docks,docs
docken,dokken
dockter,doctor,doktor,dr,dr.
doctor's,doctors,doctors'
doctrine's,doctrines
dodd's,dodds
dodge's,dodges
dodger's,dodgers,dodgers'
dodo's,dodos
doe's,doze
doege,doge
doehring,doring
doerner,dorner
doesn't,dozen
dog's,dogs,dogs'
doggie,doggy
doggies,doggy's
doherty,dougherty
dohm,dom
dohman,doughman
dohme,dome
dohner,donor
dohrman,dohrmann,dorman
dohse,dos,dose
dolan,dolen,dollan
dold,doled
dole's,doles
dolf,dolph
dolinski,dolinsky
dollar's,dollars
dollar's,dollars,dollars'
dolomite's,dolomites
dolphins,dolphins'
dolton,doulton
domain,domaine
doman,duman
dome's,domes
domecq,domek
domenech,domenick
dominey,domini
dominic,dominick
dominion's,dominions
domino's,dominos
don's,dons,donze
donaghey,donaghy
donaghue,donahoo,donohoo
donahoe,donoho,donohoe
donahue,donoghue,donohue
donahue,donoghue,donohue
donais,dunay
donaldson's,donaldsons
donar,donner
donat,donut,doughnut
donde,donned
done,donne,dun,dunn,dunne
donelan,donnellan
dones,dun's,duns
donlan,donlon
donna's,donnas
donnelley,donnelly
donnelley,donnelly
donnelley's,donnelly's
donnelley's,donnelly's
donoghue's,donohue's
donoghue's,donohue's
donor's,donors,donors'
donuts,donuts',doughnuts
doogie,dougie
dooley,duly
doolin,dulin
dooling,dueling
door's,doors
doorn,dorn
doreen,dorene
doren,doron
dorette,durette
dorey,dori,dorie,dorrie,dory
dorf,dorff
dorice,doris,dorris
dornbusch,dornbush
doro,dorow,dorroh
dorothy,dorthy
dorough,dorrough
dorset,dorsett
dorsey,dorsi
dos,doss
dosie,dossey
dospasos,dospasos'
dostoevski,dostoevsky
dot,dott
dotan,doten
dots,dotts
dottie,dotty
doubt,doutt
doubtfire's,doubtfires
doucet,doucette
douche,dush
douds,dowds
doug,dug
dougal,dougall,dougl
dougan,dougans
dougan,dougans
dougens,douggins
doughtie,doughty
douglas,douglas',douglass
doupe,dupe
dour,dower
douse,dowse
dousing,dowsing
douthit,douthitt
douty,dowty
dowdall,dowdell,dowdle
down,downe
down's,downes,downs
downey,downie,downy
downtown's,downtowns
doxey,doxie,doxy
dr,dr.,drive
draeger,dreger
draft,draught
draft's,drafts,draughts
draftee,drafty
draftsman,draftsmen
dragon's,dragons
drain,draine,drane
draughn,drawn
draus,draws
dray,drey
drayer,dreyer
dread,dred,dredd
dreamworks,dreamworks'
drechsel,drexel
drechsler,drexler
drees,dreese,dreis
dreessen,driessen
dreier,drier,dryer
drennan,drennen,drennon
drescher,dresher
dresser's,dressers
drew,dru
drewes,drews,druse,druze
drewry,drury
dreyfus,dreyfuss
drina's,drinas
drinker's,drinkers
dripps,drips
driscoll,driskell
drive's,drives
driver's,drivers,drivers'
droege,droge
droop,drupe
drop-off,dropoff
drop-offs,dropoffs
drost,droste
drought's,droughts
drug's,drugs,drugs'
druggist's,druggists
druggist's,druggists
drum,drumm
drumright,drumwright
dry,drye
du-bois,dubois,duboise
dual,duell,dule
dualist,duelist
duals,duels
duan,duane,dwayne
dubbs,dubs
dubey,dubie
dubhi,duby
dubois,duboise
dubrovnik's,dubrovniks
duc,duck,duk
duch,dusch,dutch
duck's,ducks,ducks',dux
ducked,duct
dud,dudd
dudek,dudik
duecker,dueker,duker
duell,jewel,joule,juel,jule
duesing,dusing
duesseldorf,dusseldorf
duffee,duffey,duffie,duffy
duffel,duffell
duffer,dufur
duffner,dufner
dufford,duford
dugan,duggan
duggar,dugger
dukakis,dukakis'
dukakis',dukakis's,dukakises
duke,duque
duke's,dukes
dull,dulle
dum,dumb,dumm
duma's,dumas
dumb-ass,dumbass
dumber,dummer
dunaway,dunnaway
dunc,dunk
dunckel,dunkel,dunkle
dunegan,dunigan
dunfee,dunphy
dunham,dunnam
dunkelberger,dunkleberger
dunkin,dunkin'
dunklee,dunkley
dunstan,dunston
dupre,duprey
dupuis,dupuy
dura,durrah
durall,durell
durban,durben
duree,duri,durie,dury,duryee
durfee,durfey
durham,durum
durnell,durnil
durrance,durrence
dusch,dush
dusenberry,dusenbury
dussault,dusseau,dusseault
dutro,dutrow
dwell,dwelle
dyas,dyess
dyeing,dying
dynamics,dynamics'
dysan,dyson
dysart,dysert
dzhokhar,dzokhar
e,e.,ee
e's,e.'s,e.s,ease
e-mail,email
e-mailed,emailed
e-mailing,emailing
e-mails,emails
eaddy,eady,edi,edye
eade,ede
eades,eads,eads',edes
eadie,eddie,eddy,edie,edye
eagan,eagen,eagon,egan,egon
eagar,eager,eger
eagle's,eagles
eales,eels
ealey,ealy,eley
earl,earle,earll,erl
earl's,earles,earls
earlene,erlene
earley,earlie,early,erly
earline,erline
earn,erne,urn
earnest,ernest
earney,erney,ernie,erny
earnhardt,earnhart,earnheart
earnings,earnings'
earth's,earths
earthquake's,earthquakes
earvin,ervin,irvin
eary,eerie,erie
east's,eastes
eaten,eaton,eton
eatherton,etherton
eatman,eatmon
eaux,o's,o.'s,o.s,o.s',oh's,ohs,ooohs,ose,owes
eave,eve,yves
eaves,eves
eb,ebb
eba,iba
eban,ebben,eben
ebbers,ebers
ebbert,ebert
ebby,ebey
ebel,eble
ebeling,ebling
eberhard,eberhardt,eberhart
eccles,echols,eckels,eckles
echo,eco,ekco,eko
echo's,echoes,echos
eck,ek
eckard,eckerd
eckard,eckhard,ekkehard
eckardt,eckert
eckardt,eckhardt,eckhart
eckardt's,eckert's
eckberg,ekberg
eckel,eckl
eckland,ecklund,eklund
eckman,eckmann,ekman
eckstrom,ekstrom
economies,economy's
economies,economy's
economist's,economists
economist's,economists
economist's,economists,economists'
economist's,economists'
ecuadorean,ecuadorian
ed's,edds
eda,iida
edan,eden
eddie's,eddies
eddinger,edinger
eddington,edington
edgemon,edgmon
edinboro,edinburgh
edison's,edisons
edition's,editions
editor's,editors,editors'
editorial's,editorials
edlin,edlyn
edmands,edmonds,edmunds
edmison,edmisten
edmond,edmund
edmondson,edmundson
edo,ido
edoardo,eduardo
eduard,edward
education's,educations
education's,educations
edward's,edwards,edwards'
effertz,efforts
effie,effy
effron,efron,ephron
egert,eggert
egg,egge
egghead's,eggheads
egley,egli,egly
egner,egnor
ego,igo,igoe
ehle,el,ell,elle,l,l.
ehlen,ellan,ellen
ehler,eller
ehlers,ellers
ehlert,ellert
ehlinger,ellinger
ehlke,elk
ehlmann,ellman,ellmann,elman
ehly,elie,elley,ellie,elly
ehman,ehmann
ehresman,erisman
ehret,errett
ehrich,eric,erich,erick,erik
ehrlich,erlich,erlick
ehrlichman,erlichman
eich,eick,eike,ike
eichhorst,eichorst
eichman,eichmann
eichstadt,eichstaedt
eid,eide,eyed,i'd,ide
eiden,iden
eighteen's,eighteens
eighties,eighty's
eiland,island
eiler,iler,isler
eir,ire
eirena,urena
eisel,eisele
eiseman,eisemann,eisman,iseman
eisen,eisin
eisenberg,isenberg
eisenhardt,eisenhart,isenhart
eisenhauer,eisenhower
eisenhower's,eisenhowers
eisenman,eisenmann
eisenstadt,eizenstat
eisler,eissler
ela,ella
elaine,elane,elayne
elater,eletr
elco,elko
elders,elders'
eleanor,eleanore
elect's,elects
election's,elections
electorate's,electorates
electric's,electrics
electricians,electricians'
electron,elektron
electronics,electronics'
eledge,elledge
eleen,elene,ellene
elek,elich,elick
elenore,elinor
elephant's,elephants,elephants'
eleven's,elevens
eleven's,elevens
elfrida,elfrieda
elgar,elger
eli,ely
eliason,eliassen
eliot,elliot,elliott
eliot's,elliott's
elisabeth,elizabeth
elison,ellison,ellyson
elkes,elks
ellan's,ellen's
ellenberg,ellenburg
ellerey,ellery
ellesse,ls
ellice,ellis
ellingsen,ellingson
ells,els,l's,l.'s,l.s
ellsberg,ellsburg
ellsworth,elsworth
ellwood,elwood
ellyn,elyn
ellzey,elzey,elzy
elmes,elms
elsberry,elsbury
else's,elses
elsen,elson
elsey,elsie
elusive,illusive
elvie,elvy
elvis,elvis'
elwin,lwin
em,emme,m,m.
emanuel,emmanuel
embassies,embassy's
embed,imbed
embrey,embry
emcee,mc
emel,emmel
emelie,emilie
emeline,emelyne
emerich,emerick,emmerich
emerse,immerse
emersed,immersed
emerson,emmerson
emert,emmert
emery,emmery,emory
emery's,emory's
emick,emmick
emirates,emirates'
emirates,emirates'
emmet,emmett,emmit,emmitt
emmi,emmie,emmy
emmy's,emmys
empanel,impanel
empaneled,impaneled
emperor's,emperors
empey,empie
empire's,empires
employee's,employees
employee's,employees,employees'
employer's,employers,employers'
employer's,employers,employers'
empty,mt
emrich,emrick
en,n,n.
enchanter's,enchanters
enchanter's,enchanters
enchanter's,enchanters
enchanter's,enchanters
enck,enke
enclosure,inclosure
encyclopaedia,encyclopedia
encyclopaedia,encyclopedia
end,ende
endeavor,endeavour
endeavor's,endeavors,endeavour's
enders,endres
endocrinologist's,endocrinologists
endow,ndau
endowment's,endowments
enea,ennea
enemies,enemies',enemy's
energies,energy's
enforcement's,enforcements
eng,engh,ng
engebretsen,engebretson
engelman,engelmann
engine's,engines
engineers,engineers'
england's,englands
englehardt,englehart
enholm,enholme
enis,ennis
enloe,enlow,inlow
ennes,enns,enz,n's,n.'s,n.s
enquirer,inquirer
enquiry,inquiry
ensure,insure
ensured,insured
ensures,insures
ensuring,insuring
enterprise's,enterprises,enterprises'
enterprise's,enterprises,enterprises'
entertainer's,entertainers
entertainer's,entertainers
entertainment's,entertainments
entertainment's,entertainments
entities,entities'
entre,entree
entrekin,entrikin
entrepreneur's,entrepreneurs
environment's,environments
environmentalists,environmentalists'
eon,ian
epic's,epics
epler,eppler
epley,eppley
eppel,epple
eppes,epps
equipment's,equipments
equities,equities',equity's
era,erra
era's,eras
erb,erbe,herb
erbes,herb's,herbs
erby,irby
erck,erk,irk
erdman,erdmann
ergo,urgo
ergot's,ergots
erhardt,erhart
eric's,erik's
erica,ericka,erika
erichsen,ericksen,erickson,ericson,ericsson,eriksen,erikson,eriksson,errickson
ericsson's,erikson's
erma,irma
erma's,irma's
erman,ermine,urman
ernest's,ernests
erol,errol
erol's,errol's
eron,iran
ertel,ertl,ertle
erving,irving
erwin,irwin
esch,esche,esh
eschbach,eshbach
eshelman,eshleman
espey,espy
essen,esson
esses,s's,s.'s
establishment's,establishments
estai,este
estate's,estates
estee,estey,esty
estel,estell
estep,estepp
ester,esther
estrous,estrus
etc,etc.,etcetera
ethel,ethyl
ettie,etty
euan,ewan,ewen,hughen
eudy,udy
eula,ula
euler,oiler,oyler
eulich,hulick
eulogies,eulogy's
eunice,yunis
europeans,europeans'
eury,ury
eustace,eustis
eustice,justis
eva,iva
evan,evon
evans,evans'
evarts,everts
eveline,evelyn
evening's,evenings
evensen,evenson
event's,events
event's,events
everage,everidge
everglades,everglades'
everhardt,everhart
everley,everly
evers,evers'
everything's,everythings
evett,evitt
evetts,evitts
evilsizer,evilsizor
ewart,ewert
ewe,hugh,u,u.,uwe,yew,yoo,you,yu,yue
ewes,hughes,hughes',hughs,u's,u.'s,u.s,use,yew's,yoos,youse,yu's
ewing's,ewings
ewy,hughey,hughie,hughy,huie
ex-boyfriend,exboyfriend
examiners,examiners'
exbroker's,exbrokers
excel's,excels
exchange's,exchanges
executioner's,executioners
executive's,executives'
exes,x's,x.'s,x.s
exhibit's,exhibits
expansion's,expansions
expansion's,expansions
experiment's,experiments
expert's,experts,experts'
explicit,explicite
exploration's,explorations
exploration's,explorations
express,express'
express's,expresses
extra,xtra
eyetech,itek
ezell,ozelle
ezoe,ezzo
f,f.
f's,f.'s
faal,fahl,fall,pfahl
fabbri,fabri,fabry
faber,fabre
facet's,facets
facey,facie
facilitator's,facilitators
facilities,facility's
factories,factory's
factors,factors'
facts,fax
fade,fayed
fadely,faidley
fades,fayed's
fae,fi,fye,phi,phy
fag,fagg
fagan,feagan,feighan,phagan
fahlman,follman
fahr,far,farr,pfarr,phar,pharr
fahrer,farrer
fahrner,farner,foreigner
fahrney,farney
fahs,fass
fail,faile
failor,faler
fails,fales
fain,fane,fayne,feign,fein
faint,feint
fair,faire,fare,fehr,fer,ferre,phair
fair's,faires,fairs,fares,phares
fair-lawn,fairlawn
fairbairn,fairburn
fairer,ferrer
fairey,fairy,ferri,ferrie,ferry,fery
fairies,faries,ferries,ferry's
fairley,fairlie,fairly
fairman,fire-men,fireman,firemen
fait,fate,feight,fete
faivre,faver,favor,favour,favre
falcone,falconi
falik,folic
falin,fallin,falynn
falise,felice
falk,falke,faulk
falkner,faulkner
fall,faul,faull
fall's,falls
fallon,phalen
fame,fayme
families,families',family's
families,family's
fan,fann,phan
fan's,fans,fans'
fannie,fanny
fantastic,fantastik
fao,pfau
farace,faraci
farah,farrah,fera,ferra
faris,farris,ferris,ferriss
fariss,phariss
farlee,farley,farly
farm's,farms,farms'
farmer's,farmers,farmers'
farnall,farnell
farnam,farnham,farnum
faro,farrow,fero,ferro,pharaoh,pharoah
faron,farren,farron,ferran,ferren,ferron
farrar,ferrar
farrel,feral,ferol,ferrall
farrell,ferrell
farrey,farry
farrier,ferrier
farrington,ferrington
farro,pharo
farrow's,pharaohs,pharoahs,pharos
fasbender,fassbender
fashion's,fashions
fasnacht,fassnacht
fason,fasten
fassulo,fasulo
fata,fatah
fated,feted
father's,fathers
fatima,fatimah
faubel,fowble
faucett,fausett,fawcett
faucher,foucher
fauci,fausey
faughn,fawn
faught,fought
faulks,faux,fawkes
faure,for,fore,forr,four
faurot,forero
faust,foust
fauteux,photo
favorite,favourite
favors,favours
fay,faye,fe,fey
fay's,faye's,faze,fe's,phase
fazed,phased
feagle,fiegel
fear,fier
fearn,fern
feasel,feazel,feazell
feat,feet
feb,february
fed's,feds
fedder,feder,fedor
fede,feed
federal,federle
federal's,federals
federal's,federals
federation's,federations
fee,fi,fie
feel,feil,fiel,foell
feeley,feely
feeney,feeny,fini
fees,feese
feeser,feezor,feser
feffer,pfeffer
feger,fieger
fegley,phegley
fehl,fel,fell
fehling,felling
fehlman,fellman,felman
fehn,fen,fenn,phen
fehnel,fennel,fennell,phenol
feild,field
feiler,filer
fein,feyen,fine
fein's,fines
feinberg,fineberg
feiner,finer
feinman,fineman
feister,pfiester
feit,fight,fite
feitz,fights,fites
fela,fella
felan,felon,phelan
feld,felde,felled
feldman,feldmann
feldt,felt
fellow's,fellowes,fellows
fells,fels
felps,phelps
felten,felton
feltes,felts,feltz
fema,fima
female's,females
fendt,fent
fenimore,fennimore
fennessey,fennessy
fenphen,phenfen
feola,fiala
fer,feur,fir,for,fur,furr,furrh
ferber,furber
ferebee,ferrebee
fergason,fergeson,ferguson,fergusson,furgason
fergerson,furgerson
ferm,firm
ferman,firman
fermin,firmin
fernao,fernau
ferner,furner
ferree,furry
ferreiro,ferrero
feschbach,feshbach
fesler,fessler
fessed,fest
festival's,festivals
fetch,fetsch
fett,fette
fettes,fetz
feuer,fewer
few,phew
fiber,fibre
fiber's,fibers,fibres
fiberboard,fibreboard
fiberglas,fiberglass
fichter,fiechter
fick,ficke
fickel,fickle
fickes,fix
fiddler's,fiddlers
fiddler's,fiddlers
fidelities,fidelity's
field's,fields,fields'
fielder's,fielders
fife,fyfe,fyffe,pfeiff
fifer,pfeifer,pfeiffer,phifer
fiftee,fifty
fifteen's,fifteens
fifth,fithe
fifths,fyffes
fifties,fifty's
fig,figg,figge
figgs,figs
fighter's,fighters,fighters'
fighting's,fightings
figure's,figures
fike,fyke
fil,fill,phil
fila,phyla
filbert,philbert
filbert's,filberts
filbrick,philbrick
filby,philby
file,pfeil,phyle
filene,philene
filibuster,fill-a-buster,fillibuster
filibusters,fillibusters
filion,fillion
filip,philip,philipp,phillip,phillipp
filipek,philippic
filipino,philippino
filippi,philippi
fillauer,philhower
filley,filly,philley,phillie,philly
fillies,phillies,phyllys
fillip,philip,phillippe
fillmore,filmore
fills,phil's
film's,films
filmmaker's,filmmakers
filo,philo
filomena,philomena
filson,philson
fin,finn,finne
finan,finnan
financial's,financials
financial's,financials
finck,fincke,fink,finke
finckle,finkel,finkle
find,fined
finder's,finders
findlay,findley
fineran,finneran
finerty,finnerty
finigan,finnigan
finish,finnish
fink's,finks
finkbeiner,finkbiner
finlay,finley
finn's,finns,fins
finney,finnie,phinney
fiore,fiori
fipps,phipps
fire's,fires
firm's,firms,firms'
firs,fors,furr's,furs
first,furst
first's,firsts
first-born,firstborn
firth,furth
fis,fiss
fisc,fisk,fiske
fiscal,fischl
fisch,fish,phish
fischbein,fishbein
fischel,fishel,fishell
fischer,fisher,fissure
fischer's,fisher's,fishers,fissures
fischman,fishman
fiser,fizer,pfizer
fish's,fishes
fishburn,fishburne
fishing,phishing
fisk's,fiske's
fissel,fissell,fissile
fister,pfister
fit,fitt
fits,fitts,fitz
fitswater,fitzwater
fitzmaurice,fitzmorris
fitzsimmons,fitzsimons
five's,fives
flack,flak
flag,flagg
flaharty,flaherty
flaim,flame
flair,flare
flam,flamm
flan,flann
flanagan,flannagan
flanary,flannery
flanigan,flannigan
flasch,flash
flash's,flashes
flasher's,flashers
flat,flatt
flaten,flatten
flatley,flatly
flaugh,flaw
flea,flee
fleagle,flegal,fliegel
fleas,flees
flecks,flex
fleeger,pfleger,pflieger
fleener,fleenor,flener
fleet's,fleets
fleisch,fleiss,fleiss'
fleischer,fleisher
fleischman,fleischmann,fleishman
fleiss,fleiss'
fleming,flemming
fleming's,flemings
flesch,flesh
flesner,flessner
fleur,fluhr
fleuri,fleury
flew,flu,flue
flicker,flickr
flier,flyer
fliers,flyers
flight's,flights
flinn,flynn
flint,flynt
flint's,flints
flis,fliss
flo,floe,flow,flowe
floc,flock
floersheim,floresheim,florsheim
flood,flud,fludd
floor,flor,flore
florance,florence
florea,floria
flores,florez
florey,flori,florrie,florry,flory
florine,fluorine
flour,flower
flours,flowers,flowers'
fluegge,pflug
fluet,flute
flurry,flury
fly,flye
foal,foale,fohl,pfohl
foale's,folz
foard,ford,forde
focused,focussed
focused,focussed
foe,pho
foerster,forster
fog,fogg
fogel,fogle
fogelman,fogleman
foie,foy,foye
foil,foyle
folds,foulds
folger's,folgers
folkes,folks,folks'
folley,folly
follow-up,followup
folmar,folmer
folts,foltz
fonar,fonner
fone,phone
fones,phone's,phones
fons,fonz
font,fonte
foo,fu,phu
food's,foods,foods'
foodmaker's,foodmakers
fool's,fools
foor,fuhr
foose,fuoss
foot,foote
football's,footballs
footware,footwear
foran,foreign
forbearance,forebearance
forbes,forbes'
forbes's,forbeses
forbis,forbus
force,forse,fourths
force's,forces,forces'
forced,forst
ford's,fords
fordice,fordyce
foree,forie,forrey,forry
forego,forgo
foregoing,forgoing
foreigner,forerunner
foreigner,forner
foreigners,foreigners'
foreigners,foreigners'
foreigners,foreigners'
foreigners,foreigners',forerunners
foreman,foremen,fourman
foreseeable,forseeable
foresman,forsman
forest,forrest
forest's,forests
forester,forrester
foret,fort,forte
foreword,forward
forgey,forgie,forgy
fork-lift,forklift
forker,forquer
form's,forms
formbey,formby
forness,furness,furniss
forney,forni
forsberg,forsburg
forshee,forshey
fortes,forts
forth,fourth
forti,forty
forties,forty's
fortune's,fortunes
fortune's,fortunes
forum's,forums
foss,fosse
fossel,fossil
foster's,fosters
fouch,fouche,foutch
fouhy,phooey
foul,fowl
foulk,foulke
foulkes,fowlkes
foundation's,foundations
founder's,founders,founders'
four's,fours
fourth's,fourths
fouts,foutz
fox,foxx
fox's,foxes
foxboro,foxborough
frahm,fram
frailey,fraleigh,fraley
fraim,frame
frain,fraine,frane,frayn,frayne,frein,freyne
fraire,frere,freyre
fraiser,fraizer,frasier,frazier
franc,franck,francke,frank,franke
franc's,francs,frank's,franks
francaise,francaises
frances,francis,francis'
franchise's,franchises
franchisees,franchisees'
francie,franke,frankie
francine's,francines
francis,francis'
francklin,francklyn,franklin,franklyn
franco,franko
frankel,frankl
frankfort,frankfurt
frankfort's,frankfurt's
frannie,franny
frans,franz,franze
fransen,franson,franssen
franzone,franzoni
frase,fraze,frey's,phrase
fraser,frazer
frate,freight
frater,freighter
fraudster's,fraudsters
fraum,fromm,fromme
fray,frey
frayer,freier,freyer
fread,fred,freda
frean,freen
frear,freire,frere
frears,freres
freas,frease,freeh's,frees,freese,freeze,freis,frese,friese,frieze,friis
freberg,freeberg,freeburg
frech,freck
freddie,freddy,freddye
frede,freed,freid,fried,friede
fredenburg,friedenberg
frederic,frederick,fredric,fredrich,fredrick
frederick's,fredericks,fredricks
fredericka,frederika
fredericksen,frederickson,frederiksen
fredericksen,frederickson,fredricksen,fredrickson,fredrikson
free,freeh
freeborn,freeburn
freedland,friedland
freedle,friedel,friedl
freedman,freidman,friedman,friedmann
freedman's,friedman's
freedom's,freedoms
freehling,frieling
freel,friel
freeman,freemon,freiman,frieman
freeman's,freemans
freemont,fremont
freeney,freeny
freezes,friezes
frei,frie,fry,frye
freiberg,friberg
freiberger,freiburger,fryberger
freidan,friedan,frieden
freidy,friday
freidy's,friday's,fridays
freiman,fryman
freise,friess
frenz,friend's,friends,friends'
frerichs,frericks
fresco's,frescoes
freshley,freshly
fret,frett
frets,fretz
frew,frueh
frewin,fruin
friar,frier,fryar,fryer
friars,fryers
frick,fricke
frickey,frikkie
fricks,frix
frida,frieda
friday's,fridays
friederich,friederike
friedley,friedli,friedly
friedrich,friedrick
friend's,friends,friends'
fries,fry's
frigate's,frigates
fril,frill
friley,frilly
frisbee,frisbie,frisby
frisinger,frysinger
frisk,friske
fritch,fritsch,fritsche,fritzsche
frits,fritts,fritz
frizell,frizzell,frizzle
fro,froh
froehlich,froelich,frohlich
frog,frogg,frogge
frog's,frogs
frohman,froman
from,frum
frond,fronde
front's,fronts
frontier's,frontiers
fruchey,frutchey
fuck's,fucks
fuel's,fuels
fueled,fuelled
fueling,fuelling
fuentes,fuentez
fugett,fugitt
fuhrman,fuhrmann
fuhrman's,fuhrmann's,fuhrmans
fuhs,fuss
fulbright,fullbright
fulfil,fulfill
fulgham,fulghum
full-time,fulltime
fults,fultz
funck,funk,funke
fund,pfund
fund's,funds,funds'
fund-raiser,fundraiser
funderburk,funderburke
fundraiser's,fundraisers
fung,phung
funnel,funnell
furbee,furby
furey,fury
furlaud,furlough,furlow
furnace,furnas
furnace's,furnaces
fuses,fuzes
fussed,fust
future's,futures,futures'
g,g.,gee,je,jee,ji,jie
g's,g.'s,g.s,gee's,geez,geeze,jees,jeez,jeeze
g'vanni's,giovanni's
ga,georgia,giorgia
gaal,goll,golle
gaar,gahr,gar,gohr
gabbert,gabert
gabby,gabie,gaby
gabriela,gabriella
gabrielsen,gabrielson
gabrielsen,gabrielson
gach,gatch
gad,gadd
gaddie,gaddy
gadget's,gadgets
gadhafi,ghadafi
gae,guy,ngai
gaebel,gebel
gael,gail,gaile,gale,galle,gayle
gaf,gaff,gaffe
gage,gaige,gauge
gagel,gaggle
gagne,gainey,ganey
gahli,gali,ghali,golly
gahm,gamm
gahn,gan,gann
gai,gay,gaye,guay
gaidar,geidar
gaier,gayer,geyer
gail's,gale's,gales,galles,gayles
gailey,gaily,galey,galie
gainer,gainor,gayner,gaynor
gaines,gains,ganes
gainous,gayness
gair,gare,guerre
gait,gate
gaiter,gator
gala,galla
galan,galen
galaxies,galaxy's
galena,galina
galentine,gallentine
galer,gayler,gaylor
galeria,galleria
galeries,galleries,gallery's
galernter,gelernter
gali's,ghali's
galiano,galliano
galiena,gallina
galik,gallic,gallick,gallik
galinski,galinsky,gallinsky,golinski
galipault,galipeau
gall,gaul,gaulle
gallagher,gallaher
gallen,gaulan
galleon,galyean
galley,galli
gallo,gallow
gallo's,gallos,gallows
gallop,gallup
galls,gauls
galt,gault
gamage,gammage
gamal,gammal
gamble's,gambles
gambler's,gamblers
gambrel,gambrell
game's,games,games'
gamel,gomoll
gammel,gammell
gammons,gamons
ganas,ghana's
ganaway,gannaway
gandee,gandy
gandhi,ghandi
ganem,ganim
gang's,gangs
gans,ganz
gansen,ganson
gant,gantt
gantlet,gauntlet
gao,gow
gap,gapp
gap's,gaps
garajda,gorazde
garajda,gorazde
garajda's,gorazde's
garajda's,gorazde's
garard,guerard
garb,garbe
garcia's,garcias
garczynski,gorczynski
gard,garde,guard
garden's,gardens
gardener's,gardeners
gardeners,gardner's
gardin,guardin
gardiner,gardner
gared,garrod
garett,garrett,garritt
garey,garrey,garry,gary
garfinkel,garfinkle
garin,guerin
garing,gehring
garinger,gehringer
garis,garris
garlic,garlick
garman,garmon
garmond,garmund
garneau,garno
garo,garrow
garp's,garps
garrels,garrols
garret,garrett,gehret
garret's,garrets
garrette,guerette,guerrette
garrick,gerich
garrity,gerety
garry,gary,gehry
garstin,garston
garten,garton
garvey,garvie
gas,gass
gas's,gases,gasses
gasaway,gassaway
gasca,gaska
gase,gays,gaze
gasner,gassner
gaspar,gasper
gassed,gast
gassman,gassmann
gat,gatt
gatchel,gatchell
gateley,gately
gates,gates',gates's
gateway's,gateways
gatten,gatton
gatti,gatty
gau,go,goe,gogh,goh
gaudet,gaudette
gauer,gower
gaugh,gaw
gaughan,gawen
gaughran,gawron,goran,goren,gorin
gaunt,gauntt
gaus,gause,gauze
gautreau,gautreaux
gauvain,gauvin
gavan,gaven
gawne,gone
gayhart,gayheart
gaytan,gayton
geac,geek
gean,gene,jean,jeane,jeanne
gear,geer,gere
gear's,gears
gearan,geren,giren
gearey,geary
gearhart,gearheart
gearhart,gearheart,gierhart
gearing,gering
gebhardt,gebhart
geck,jech
gecko,gekko
geddie,jedi
gees,giese
geffre,jeffer
gehl,guel
gehle,jehle
gehm,gem,gemme,jem
gehrig,gherig
gehrig's,gherig's
gehrman,gehrmann
geier,guier,guyer
geiger,giger,gyger
geil,gile,gille,guile
geiman,guymon
geis,guise,guy's,guys,guys'
geise,geiss,guice
geisinger,geissinger
geisler,geissler,geiszler
gel,gell,jell
gelles,gels
gellman,gelman
gem's,gems,jem's
gemmell,gemmill
gen,jen,jenn,jenne
gena,genna,jenna
gencor,gencorp
gene's,genes,jean's,jeanes,jeans
geneen,janine,jeanine
general's,generals
general's,generals
generation's,generations
generator's,generators
genet,gennett,jennett
geng,jeong
genie,jeaney,jeanie,jeannie
gennady,gunadi
geno,gino
genovese,genovise
gens,genz,jenn's,jens
genson,jeansonne,jensen,jenson,jenssen
gent,jent
gent's,gents,gentz,jentz
gentile's,gentiles
geoff,jeff,jeffe
geoffrey,jeffrey,jeffry
geoffrey's,jefferies,jeffrey's,jeffreys,jeffries
geon,gian
george's,georges
george's,georges,georgia's
georgene,georgine
georgie,georgy,giorgi
georgio,giorgio
gephardt,gephart
gerace,geraci
gerald,gerrald,jerald,jerrold
geran,geron
gerard,girard
gerd,gird
gerdes,gerdes'
gergel,gurgle
gerhardt,gerhart
geri,gerri,gerrie,gerry,gery,jere,jeri,jerri,jerrie,jerry
gericke,gerrick
gerlach,gerlock
germ,germe
germain,germane,jermaine
german,jerman
german's,germans,germans'
germann,gherman
germany's,germanys
gero,gerow
gerrits,jerritts
gerry's,jerry's
gersch,gersh
gerski,girsky,gurski,gursky
gert,girt
gerth,girth
gertie,gerty
gertler,gurtler
gertler,gurtler
gertner,gurtner
gertrud,gertrude
gertz,gurtz
gesell,gessel
geske,jeske
gesner,gessner
gess,jess
gest,jest
get,git
get,goette
geter,getter
getman,gettman
gets,getts,getz,goetz
gettel,gettle
gettler,guettler
gettler,guettler
getty's,gettys
ghadafi,khadafi
ghee,gyi,nghi
ghez,guez
gholson,golson
gholston,golston
ghormley,gormley,gormly
ghose,goes,goghs,gose
ghosh,gosh
ghrist,grist
gianelli,giannelli
giang,jiang
giang,jiang
gianini,giannini
gianni,johnie,johnnie,johnny,johny
giannotti,gianotti
giant's,giants,giants'
giard,jarred
gibb,jib
gibb's,gibbs
gibboney,giboney
gibe,jibe
gibeau,gibeault
gibes,jibes
gibson's,gibsons
giel,jheel
gier,giere,jeer
giesecke,gieseke
gieseler,giesler
giesey,gisi
giffard,gifferd,gifford
gifford's,giffords
gil,gill,guill
gilbert,gilberte,guilbert
gilbey,gilby
gilchrest,gilcrest
gild,guild
gilden,gildon
gilder,guilder
gilder's,guilder's,guilders
giles,gyles,jiles
gilford,guilford
gilham,gillham
gilkeson,gilkison
gill's,gills
gillam,gillum
gillan,gillean,gillen,gillon,guillen
gillaspie,gillaspy
gillespie,gillispie
gilley,gillie,gilly
gillian,jillian
gillin,guilin
gillman,gilman
gillson,gilson
gilmartin,guilmartin
gilt,guilt
gin,ginn,jin,qian
gina,jeana,jena
gina's,ginas
gines,jines
ging,jing
gingles,jingles
gingrich's,gingriches
ginnie,ginny
ginsburg,ginzberg
ginther,guinther
giovanetti,giovannetti
gipp,gyp
gire,guire
girl's,girls,girls'
girlfriend's,girlfriends
girlie,gurley
girten,girton
girvan,girven
gist,just
gittelman,gittleman
giuliano,juliano
giulio,julio
givan,given
given,givin'
gjelten,jelton
gjerde,jerde
glaab,glob
glacier's,glaciers
glad,gladd
gladis,gladys,gladys'
glaeser,glaser,glazer
glamor,glamour
glas,glass
glascoe,glasgow,glassco
glasner,glassner
glaspie,glaspy
glass's,glasses
glassey,glassy
glavin,glavine
gleam,gleim
glen,glenn
glendenning,glendinning
glenn's,glens
glennie,glenny
glew,glue
glisson,glisten
glo,gloe,glow
globe's,globes
gloede,glowed
glor,glore
glori,glory
gloster,gloucester
glyn,glynn
glynis,glynnis
gmbh,gum,gumm
gnann,nan
gnarl,gnarle
gnarly,narly
gnash,nash
gnat,nat
gnats,nats
gnau,now
gnaws,knaus,naus
gneiss,nice,nyce
gnome,noam,nome
gnomes,nome's
gnu,knew,new,nu
goad,goedde,goede
goading,goding
goal,gohl
goalie,goley
goals,goelz,golz
goan,goen
goans,goens
goar,gore,gorr
goard,gored,gourd
goat's,goats
gobain,gobin
gobel,goble,goebel
gobi,gobie
gocke,gohlke
god's,gods
godart,goddart
godbee,godbey,godby
goddam,goddamn
godek,goedecke
godfather's,godfathers
godley,godly
goecke,goeke,gohlke
goehring,goring
goeman,gohman
goergen,gorgon,gorgone
goettel,goettl
goff,gough
goin,goyne
goines,goins,goynes
gold,golde
gold's,golds
goldey,goldie,goldy
goldman,goldmann
goldman's,goldmans
goldwin,goldwyn
golf's,golfs
golfer's,golfers
gollum,golomb
golob,golub
gomery,gomory
gomes,gomez
goo,gu
good,goode
good's,goods
good-bye,goodby,goodbye
gooden,goodin,goulden
goodhart,goodheart
goodie,goody
goodies,goody's
goodlet,goodlett
goodley,goodly
goodloe,goodlow
goodreau,goodroe,goodrow
goodwin,goodwyn
google,gugel
google's,googles
goold,gould
gooley,gulli
goosen,goossen
gorbachev's,gorbachevs
gorbachev's,gorbachevs
gordan,gorden,gordon
gordie,gordy
gore's,gores
goree,gorey,gori,gory
gorham,gorum
gorilla,guerilla,guerrilla
gorillas,guerillas,guerrillas,guerrillas'
gorki,gorky
gorley,gourley
gorney,gorny
gornick,gornik
gorski,gorsky
got,gott
gotch,gotsch,gottsch
gotlieb,gottlieb
gotschal,gotschall,gotshal,gotshall,gottschall,gottshall
gotti's,gottis
gotts,gotz
goucher,gouker
goudie,goudy,gowdy
goulet,goulette,gullette
goverment,government
government's,governments,governments'
government's,governments,governments'
governor's,governors,governors'
gowan,gowen
gowans,gowens
gozofsky,guzowski
grab,grabbe
grable,graybeal
grace's,graces
gracey,gracie,gracy
gracile,grassel,grassl
graden,graydon
graebner,grebner
graef,graefe,graeff,graf,graff,graph
graef,graefe,graeff,grefe,greif,greiff,grief
graeme,graham,gram,gramm
graeser,graser,grazer
graetz,greets
graham's,grahams
graham's,grahams,gramm's,gramms,grams
grahn,gran
grain,grein
grainy,graney
grall,graul
gramercy,gramersey
grammar,grammer
grammies,grammy's,grammys
granade,grenade
granat,granite
grand,grande
grand's,grands
grand-daughter,granddaughter
grandad,granddad
granddaughter's,granddaughters
grandfather's,grandfathers
grandfather's,grandfathers
grandi,grandy
grandma's,grandmas
grandmother's,grandmothers
grandparents,grandparents'
grandson's,grandsons
grandt,grant
granese,grannies
grant's,grants,grantz,granz
graphics,graphics'
gras,grass,grasse
grassi,grassy
grate,great
grater,greater
grates,great's,greats
grattan,gratton
grau,graue
graue,grew,grewe,grue
grauel,greuel,grewal
grauman,graumann
gravel,gravell
gravett,gravitt
graw,grawe
gray,graye,grey
gray's,grays,graze,grey's
graying,greying
grear,greer
grease,greece,griess
greaser,grieser,griesser
greason,greeson
greave,greve,grieve
greaves,grieves
grebe,grieb
grecco,grecko,greco
grede,greed
greeley,greely
greeleyville,greelieville
green,greene
green's,greene's,greens,greens'
greenback's,greenbacks
greenberg,greenburg
greenlee,greenley,greenly
greenwald's,greenwalds
greet,grete
greever,griever
greg,gregg
greg's,greggs
greger,gregor
gregersen,gregerson
gregorie,gregory,grigory
greider,grider,gryder
greim,grieme
greiner,griner
greis,griese
greitz,gretz
greitz,grites
grell,grelle
grennan,grenon
gretal,gretel
gribben,gribbon
grid's,grids
gridlock's,gridlocks
gries,grise
griffee,griffey,griffie,griffy
griffen,griffon
griffeth,griffith
griffith's,griffiths
grill,grille
grim,grimm,grimme
grimaced,grimmest
grimley,grimly
grinde,grinned
grindlay,grindley
grip,gripp
grisly,grizzly
grits,gritz
grizzell,grizzle
gro,groh,grow,growe
groan,groen,grone,grown
groat,grote
groce,grohs,gros,gross,grosz
grocer,grosser
grocer's,grocers
groep,grope
groer,grower
grog,grogg
grohman,groman
groom,groome
groomes,grooms
groover,gruver
grose,grows
groskopf,grosskopf
gross's,grosses
group,groupe,grupe
group's,groups,groups'
grove's,groves
grover's,grovers
growers,growers'
grown-up,grownup
grown-ups,grownups
growth's,growths
grub,grubb
grubbs,grubs
gruen,gruhn
grupo,gruppo
guadalupe,guadeloupe
guarantee,guaranty
guarantee's,guarantees,guaranties,guaranty's
guard's,guards
guardian's,guardians
guerry,gurry
guessed,guest
guest's,guests,guests'
guffey,guffy
guhl,gul,gull
guide's,guides
guilbault,guilbeau,guilbeault,guilbeaux
guild's,guilds
guilfoil,guilfoyle
guillet,guillette
guin,guinn,gyn
guinea,guiney
guiness,guinness
guitarist's,guitarists
gulbrandsen,gulbrandson
gulbransen,gulbranson
gulf's,gulfs
gull's,gulls
gulla,gullah
gullatt,gullet
gulley,gully
gullickson,gullikson
gumbs,gums,gumz
gummi,gummy
gump,gumpp
gun,gunn
gun's,gunn's,guns
gundel,gundle
gundersen,gunderson
gunfighter's,gunfighters
gunnar,gunner
gunnells,gunnels
gunter,guntur
gurian,gurion
gurnee,gurney
guru's,gurus
gus,guss
gusman,gussman
gussie,gussy
gust,guste
gut,gutt
gutherie,guthery
gutierres,gutierrez
gutman,gutmann,guttman,guttmann
guyett,guyette
guynn,gyn
guzzler's,guzzlers
guzzler's,guzzlers
gwin,gwinn,gwyn,gwynn,gwynne
gwyneth's,gwyneths
gym,jim
gym's,gyms,jim's
h,h.
h's,h.'s
ha,hah
haab,hob
haack,haacke,haak,haake,hoc,hoch,hock
haaf,hof
haag,hog,hogg,hogge
haagen,hogen,hoggan
haakenson,hokenson
haaland,holland
haan,hahn,han,hohn,hon,honn
haar,har
haas,haase,haass,hahs,hasse,hoss
habegger,habiger
haberman,habermann
habibi,habibie
habitat's,habitats
habsburg,hapsburg
hach,hatch
hack,hacke,haq,haque
hackel,hackl,hackle
hacker's,hackers
hackman,hackmann
hacks,haq's
had,hadd
hadad,haddad
haddan,hadden,haddon,hadn't
hade,haid,heyd,heyde
haden,hayden,haydon,heyden,heydon
hader,haider
hadsall,hadsell
haeberle,heberle
haecker,hecker,hekker
haefele,heffel
haeffner,haefner,heffner,hefner
haegele,hegel
haenel,henle
haeussler,hausler,haussler
hafez,haffez
haff,half
haffner,hafner
hafford,halford
haft's,hafts,hafts'
haft's,hafts,hafts',half's
hag,hagg,hagge
hagan,hagen
hagans,hagens
hagar,hager
hagarty,haggarty
hagee,hagey
hagel,haggle
hageman,hagemann
hagemeier,hagemeyer
haggins,hagins
hagglund,haglund
haggstrom,hagstrom
hagman,hagmann
hague,haig
hahl,holl,holle
hahm,ham,hamm,hamme
hahne,hain,hane,hayn,hayne,heyn,heyne
haigh,hay,haye,hey
haight,hait,hate
haik,hake
hail,haile,hale,heyl
haile,highley,highly
hailes,hails,hale's,hales,hayles
hailey,haley,halley,hayley
haim,heim,hime
haimes,hames,haymes
haimowitz,hymowitz
hainan,hanan
hainer,haner,hayner
haines,hains,hanes,haynes
hainey,haney,hany,haynie
hair,haire,hairr,hare,hehr,herr,herre
hair's,hairs,hare's,hares
hairy,harry
haiti's,haitis
haitian,haitien
haitians,haitiens
hajduk,hydock
hakeem,hakim
hakeem's,hakim's
hal,halle
halcion,halcyon
hald,hauled
half-hearted,halfhearted
half-time,halftime
halfman,halfmann
halgren,hallgren
haliburton,halliburton
halik,halleck
hall,haul
hall's,halls,hauls
hallam,hallum
halle,halley,hally
haller,hauler
hallet,hallett
hallie,hawley
halling,hauling
hallmark's,hallmarks
hallowe'en,halloween
halm,hom,homme
halperin,halprin
halter's,halters
halve,have
halverson,halvorson
halves,haves
halving,having
haman,hayman,haymon,heyman,heymann
hamas,hamas'
hamberg,hamburg
hamberger,hamburger
hambley,hambly
hamdan,hamdun
hamel,hamil,hamill,hammel,hammell,hammill
hamelin,hamlin
hamer,hammar,hammer,hamor,hamre
hamilton's,hamiltons
hamlet,hamlett
hammac,hammack,hammock
hamman,hammann,hammen,hammon,hamon
hammas,hammas'
hammer's,hammers
hammes,hams
hammett,hammitt
hamp,hampe
hampel,hample
hampshire,hamsher
hampton's,hamptons
hamric,hamrick
han,hann
han's,hands,hannes,hans
han's,hons
hana,hanna,hannah
hanas,hanna's,hannahs
hanberry,hanbury
hancock's,hancox
hand's,hands
hand-held,handheld
handel,handle
handel's,handels,handles
handley,handly
handsome,hansom
hangar,hanger
hangars,hangers
hani,hanney,hanni,hannie,hanny
hanifin,hannifin
hanigan,hannigan
hanisch,hanish
hank,hanke
hankes,hanks
hankey,hanky
hanley,hanly
hannam,hannum
hannan,hannen,hannon
hanneman,hannemann
hannold,hanold
hans,honse
hansberry,hansbury
hansel,hansell
hansen,hanson,hanssen,hansson
hansen's,hanson's
hansman,hansmann
hanukkah's,hanukkahs
hao,hau,how,howe
hap,happ,happe
haralson,harralson
haran,harren,harron
harber,harbor,harbour
harbeson,harbison
harbor's,harbors
harc,hark,harke
harclerode,harkleroad
hardee,hardey,hardie,hardy
hardee's,hardy's
hardegree,hardigree
hardeman,hardman
harden's,hardens
hardt,hart,harte,hartt,heart
hardwick,hardwicke
haren,heron,herren,herron
haring,herring
haris,harris,harris'
harkens,hearkens
harkin's,harkins
harm's,harmes,harms
harman,harmen,harmon
harmonie,harmony
harn,harne
harnisch,harnish
harold,harrold,herald,herold
harold's,herald's,heralds
harp,harpe
harper's,harpers
harr,harre
harral,harrel,harrill
harrell,herrell,herrle
harries,harry's
harriet,herriott
harriman,herriman
harrington,herington,herrington
harrisburg,harrisburgh
harrisburg,harrisburgh
harrisburg's,harrisburgh's
harrisburg's,harrisburgh's
harrod,herod,herrod
harrod's,harrods
harsch,harsh
hart's,harts,hartz,heart's,hearts
hartel,hartell,hartl,hartle
harten,harton,hearten
harter,hartter
harth,hearth
hartless,heartless
hartman,hartmann
hartwick,hartwig
hartwood,heartwood
harty,hearty
hartzel,hartzell
harv,harve
harvel,harvell
harvey,harvie
harvill,harville
hasan,hazan,hazen
hascall,haskell
hasch,hash
hase,hayes,hays,hayse,haze,heys
haselton,hoselton
hashem,hashim
hasher's,hashers
hasler,hassler
hasman,hassman
hassel,hassell,hassle
hassen,hasson
hastey,hastie,hasty
hat,hatt
hat's,hats,hatz
hataway,hattaway
hatch's,hatches
hatchel,hatchell
hater,hayter
hattan,hatten,hatton
hattie,hatty
hauck,hauk,hauke,hawk,hawke,hok
hauer,how're,hower
haueter,hauter
hauf,hauff,hoff
haugen,hougen
haugh,haw,hawe
haughey,hawkey
haughn,haun,hawn
haught,haut
haughton,houghton
haugland,hoglund
hauptman,hauptmann
haury,hoary,hori
haus,hause,hauss,house
hausch,housh
hauser,houser,howser
hausler,haussler
hausman,hausmann,haussmann,houseman,housman
hausser,howsare
hauswirth,houseworth
haute,hote
haute,hut,hutt
havran,havron
hawes,haws
hawke's,hawkes,hawks
hawkins,hawkins'
hawthorn,hawthorne
hawthorne's,hawthorns
haydn,heiden,hyden
hayer,heyer
haying,heying
haynesworth,haynsworth
hayward,heyward
haywood,heywood
hazard,hazzard
hazel,hazle
hazelton,hazleton
hazelwood,hazlewood
he,hee
he'd,heed
he'll,heal,heel
he's,hees,heese
head's,heads
headen,hedden
heading,hedding
headlee,headley,hedley
headlund,hedlund
headman,hedman
headrick,hedrich,hedrick
heady,heddy,hedi
heafner,heefner,heifner
heagle,hiegel
heald,healed,heeled
healey,healy
healing,heeling,heling
heals,heels
heaney,heeney
heap,heape
hear,here
heard,herd,hird,hurd
hearin,herein
hearing's,hearings
hearl,herl,hurl
hearn,hearne,hern,herne,hirn,hurn
hearon,heeren
hearron,horan,horen
hears,hiers
hearst,herst,hirst,huerst,hurst
hearst's,hirst's
heat's,heats
heater,heeter
heather's,heathers
heatherington,hetherington
heaven's,heavens
hebe,heeb,hieb
heber,hieber
hechler,heckler
heck's,hex
heckart,heckert
heckel,heckle
heckman,heckmann
heemstra,hiemstra
hefferan,hefferon
heffler,hefler
heffley,hefley
hefti,hefty
hegg,hegge
hegland,heglund
hehl,hell,helle
hehman,hemann,hemmen
hehn,hen,henn,henne
heiberger,highberger
heick,hike,huyck
heico,heiko
heid,heide,hide,hyde
heideman,heidemann
heider,hider,hyder
heidi,hidy
heidrich,heidrick
heidstra,hydstra
heier,hier,higher,hire,hyer
height,heit,hiett,hight,hite
heights,heitz,hites
heil,hile,hyle
heiland,highland,hyland
heileman,heilman,heilmann,hileman,hilemon
heileman's,hilemon's
heiler,hiler,huyler,hyler
heiman,heimann,highman,hyman,hymen
heimberger,heimburger
heimer,hymer
heims,himes,hymes
hein,heine,heyen,hine,huynh
heindel,heindl
heinecke,heinicke,hynek
heineman,heinemann,hineman
heiner,hiner
heines,heins,heinz,heinze,hines,hynes
heiney,heini,heiny
heinl,heinle
heinly,hinely
heintz,heintze
heinz's,hynes's
heinzman,heinzmann
heise,heiss,hice
heisel,hysell
heiser,huyser
heitman,heitmann
heizer,hiser,hizer,hyser
helberg,hellberg
helder,heldor
heldt,helt
helen,hellen
helinski,hilinski
hellams,hellums
hellman,hellmann,helman
hellmer,helmer
hellmuth,helmuth
hellstrom,helstrom
hellwig,helwig
helm,helme
helmes,helms,helms'
helmet,helmut
helmich,helmick
helmsley's,helmsleys
helvey,helvie
hem,hemm,hemme
heming,hemming
heminger,hemminger
hemmingsen,hemmingson
hemric,hemrick
hen's,hennes,hens,henze
hence,hense
henchman,henchmen
hendee,hendy
hendershot,hendershott
hendrich,hendrick,hendrik
hendricks,hendriks,hendrix,hendryx
hendricksen,hendrickson,hendriksen,hendrixson
henegar,hennigar
henery,henrie
heney,henie,henne,henney
henigan,hennigan
heninger,henninger
henk,henke
henkel,henkle
henley,henly
henley's,henleys
henman,henneman
hennan,hennen,hennon
henneke,hennick
henness,hennis
hennessey,hennessy
henri,henry
henri,ori,ory
henrich,henrick,henrik
henrichs,henricks
henrichsen,henricksen,henrickson,henriksen,henrikson
henrique,henriques,henriquez
henriques,henriquez
hensel,hensil
hensen,henson
henslee,hensley
henthorn,henthorne
hep,hepp,heppe
hepler,heppler
hepner,heppner
her,hur
her's,hers,herz
herbal,herbel
herbalist's,herbalists,herbalists'
herbalist's,herbalists,herbalists'
hercegovina,herzegovina
hercegovina's,herzegovina's
herdman,hurdman
herdt,hert,hirt,hurt,hurtt
herford,hurford
herin,herrin
hering,heuring
herling,hurling
herm,hurm
herman,hermann,hermon
herman's,hermans
hermansen,hermanson
hernan,hernon
hernandes,hernandez
hero,hiro
hero's,heroes
hero's,heroes,heros
heroin,heroine
heroin's,heroines
heron's,herons
herrman,herrmann
hersch,hersh,hirsch,hirsh,hursh
herschel,herschell
hersey,hursey
hershey,hirschy
hershman,hirschman,hirschmann,hirshman
herta,hurta
hertel,hirtle,hurtle
herter,huerter
hertig,hurtig
herting,hurting
hertz,hirtz,hurts
herve,hervey
herwitz,hurwitz
hesler,hessler
hess,hesse
hesston,heston
hetrick,hettrick
hetti,hettie,hetty
heuer,hewer
heuerman,heuermann
heuman,heumann,human,humann
heun,hewn
heusen,hewson,hughson
hew,hewe,hue,hugh,whew
hewes,hews,hues,hughes,hughes',hughs,huse
hewett,hewitt,hughett
hewey,huey,hughey,hughie,hughy,huie
hewlett,hughlett,hulett
heye,hi,high,hy,hye,jai
heyman's,heymann's
hezbollah,hezbullah
hezbollah's,hezbullah's
hiam,higham
hiatt,hiott,hyatt
hiatt's,hyatt's
hibbard,hibberd
hibbler,hibler
hiccough,hiccup
hiccoughs,hiccups
hickcox,hickox
hickel,hickle
hickman,hickmon
hicks,hix
hickson,hixon,hixson
hides,hyde's
higbee,higbie,higby
higgenbotham,higinbotham
high-school,highschool
high-speed,highspeed
high-tech,hightech
highs,hise
highway,hiway
highway's,highways
hignight,hignite
hikes,hykes
hilary,hillary,hilleary,hillery
hilborn,hilburn
hild,hilde
hildebrandt,hildebrant
hiley,hilley,hilly
hill,hille
hill's,hills,hills'
hilliard,hillyard
hillier,hillyer,hilyer
hillmer,hilmer
hillsboro,hillsborough
hillson,hilson
hilton,hylton
hilton's,hiltons
hilts,hiltz
him,hymn
him,im,imm
himel,himmel
hinchcliff,hinchcliffe
hinck,hink
hinckley,hinkley
hinde,hynd
hindes,hynds
hiney,hinny
hinkel,hinkle
hinson,hynson
hints,hintz
hinz,hinze
hip,hipp,hippe
hipps,hips
hire,hyre
hires,hyers
hirschberg,hirshberg
hiss's,hisses
histories,history's
histories,history's
hit,hitt
hits,hitz
hitsman,hitzeman
hitter's,hitters
hm,hmm,hmmm
hmong,maung,mong
ho,hoe,hoh,whoa
ho's,hoes,hose
hoag,hoeg,hogue
hoagie,hoagy
hoagland,hoaglund,hogeland
hoak,hoeck,hoek,hoke
hoar,hoare,hoerr,horr,whore
hoard,hord,horde
hoards,hordes
hoarse,horse
hobbes,hobbies
hobbes,hobbs,hobs
hobbie,hobby
hochberg,hockberg
hochman,hockman
hockenberry,hockenbury
hodder,hoddur
hodge's,hodges
hodgkin's,hodgkins
hoefer,hofer
hoeger,hoger
hoehn,hoehne,hoen,hone
hoel,hoell,hoelle,hohl,hole,whole
hoelscher,holscher
hoelter,holter
hoelzer,holzer
hoener,hohner,honer
hoepfner,hoepner,hoeppner
hoerner,horner,hornere,hornor
hoffman,hoffmann
hoffmeier,hoffmeyer
hofman,hofmann
hogan's,hogans
hoglund's,hoglunds
hohlt,holt,holte
hohman,hohmann,homan,homann,homen
hoi,hoy,hoye
hoit,hoyt
holahan,holohan
holan,holen
holbrook,holbrooke
holbrooke's,holbrooks
holcomb,holcombe
hold,holde,holed
holdeman,holdman
holder's,holders,holders'
holding's,holdings,holdings'
holeman,holleman
holes,holz,wholes
holian,holien
holick,hollick
holiday,holladay
holiday,holliday
holiday's,holidays
holifield,hollifield,hollyfield
holiman,holliman,hollimon
hollabaugh,hollobaugh
hollan,hollen,hollon
holland's,hollands
hollar,holler
hollars,hollers
holleran,holloran
holley,hollie,holly,wholey
hollies,holly's
hollman,hollmann,holman
hollo,hollow
hollow's,hollows
holm,home
holmes,home's,homes,homes'
holsapple,holsopple
holst,holste
holt's,holts,holtz
holtan,holten,holton,houlton
holtman,holtmann
holtsclaw,holtzclaw
holvis,holvis'
holy,wholly
holyoak,holyoke
holzman,holzmann
holzwarth,holzworth
home-grown,homegrown
home-made,homemade
homebuilder's,homebuilders
homeland's,homelands
homeowner's,homeowners,homeowners'
homer's,homers
homestead's,homesteads
hommes,homs
hon,huhn,hun,hunn
honeycutt,huneycutt
hong-kong,hongkong
honnold,honold
honor's,honors,honour's
honorable,honourable
honorably,honourably
honorary,honourary
honored,honoured
hoo,hou,houx,hu,who
hook,hooke
hook's,hooks
hooker's,hookers
hoole,who'll
hoolihan,houlihan
hoolihan's,houlihan's
hoop,houp
hoopes,hoops
hoos,who's,whose
hoot,huett,huette,huitt
hooten,hooton
hop,hopp,hoppe
hope's,hopes
hopkin's,hopkins,hopkins',hopkyns
hoppel,hopple
hopper's,hoppers
hoppes,hopps,hops
horace,horus
horizon's,horizons
horkey,horky
horman,hormann
horn,horne
horn's,horns
hornack,hornak
hornet's,hornets
horney,horny
hornick,hornik
horrell,hurrell
hors,oar,ohr,or,ore,orr
hors,whores
horse's,horses
horsed,horst
horsely,horsley
horseman,horsemen,horsman
horses,horses'
horstman,horstmann
horten,horton,whorton
hosack,hossack
hosakawa,hosokawa
hosey,hosie
hosler,hossler
hosler,hossler,hostler
hospice's,hospices
hospital's,hospitals
host's,hosts
hostel,hostile
hostetler,hostettler
hot,hott
hot-line,hotline
hot-shot,hotshot
hot-shots,hotshots
hotel's,hotels,hotels'
hots,hotz
hottel,hottle
houck,houk,howk
houde,how'd
hough,huff
houghland,howland
houghs,houze,how's,howe's,howes,howse,howze
houghton,howton
houle,howl
hour,our
hour's,hours,ours
hours,hours',ours
house's,houses,houses'
houseal,housel
household's,households
housen,howson
houston,hughston
houts,houtz
hovan,hoven
hovey,hovy
howat,howatt
howdeshell,howdyshell
howell,howle
howell's,howells
howey,howie
hoxie,hoxsey,hoxsie
hreha,reha
hren,rehn,ren,renn,renne,wren,wrenn
hribar,ribar
hritz,ritt's,ritts,ritz,writs
hron,rohn,ron,ronne
hruby,rubey,rubi,rubie,ruby
hsia,sha,shah
hsiao,schow,shao,shough
hsu,schoo,schou,schue,schuh,shew,shiu,shoe,shoo,shu,shue
hua,hwa
huan,hwan,juan
huang,hwang
huang,hwang,whang
hubbart,hubbert
hubbell,hubble
hubbell's,hubble's
hubbs,hubs
huber,hubor
huch,hutch
huck,hucke
huckabee,huckaby
hucks,hux
huddie,huddy,huldie
hudec,hudek
hudnall,hudnell
huelsman,huelsmann
huff's,huffs
huffstetler,hufstetler
huffstetler,hufstetler
hufnagel,hufnagle
hug,hugg
huggy,hughey
hughart,uart
hughes's,uses
hughlett,hulett
hughley,hugley
hughley,ulee,uli,yuli
hughson,joosten,yusen
hugo,yugo
hugo's,yugo's
huhta,huta
huishman,huseman
hulbard,hulburd
hulbert,hulburt
hulce,hulse
hulet,hullett
hulin,ulin
hull's,hulls,huls
hult's,hults,hultz
hum,humm
human,youman
human's,humans
humanities,humanity's
humanities,humanity's
humans,youmans
humerous,humerus,humorous
humfrey,humphery,humphrey,humphry
humfry,humphery
huml,hummel,hummell
humor,humour
humpherys,humphrey's,humphreys
humpherys,humphries
humvee's,humvees
hundai,hyundai
hundt,hunt,hunte
hunk,hunke
hunsaker,hunsucker
hunt's,hunts,hunts'
hunter's,hunters
huntley,huntly
hunzeker,hunziker
hurlbert,hurlburt
hurlbut,hurlbutt
hurley,hurly
hurri,hurry
hurricane's,hurricanes
husband's,husbands
husen,huson
huskey,husky
husman,husmann,hussman
hussain,hussein
hussar,husser
hussey,hussy
hut's,huts
hutcheson,hutchison
huto,hutto
hutu's,hutus
hutzel,hutzell
hwe,whey
hyacinth,hyacinthe
hydea,hydeia
hymie,jaime,jaimie
hymies,jaime's,jaimes
hysterectomies,hysterectomy
hyundae,hyundai
iannaccone,iannacone
ianovski,yanofsky
icahn,icon,ikon
icahn's,icons
ich,itch
ickes,ickes'
ickes,ike's
id,ihde
idea's,ideas
ideal's,ideals
idle,idol,idyll
idles,idols
if's,ifs
ikard,ikerd
ikey,ikie
il,ill
ila,isla
ilalis,ilalis'
ilg,illg
illinois',illinois's
illusionist's,illusionists
imax,imax'
imel,immel
immanence,imminence
immanent,imminent
immigrant's,immigrants
importers,importers'
imports,imports'
imposter,impostor
in,in.,inn
in's,inn's,inns,inns',ins
in-house,inhouse
in-law,inlaw
in-laws,inlaws
in.,inch
inc,inc.,ink
inc.'s,inks
incata,inkatha
incata's,inkatha's
incheon,inchon
inches,inches'
inches,inches'
incite,insight
incites,insights
incorporation's,incorporations
incumbent's,incumbents
index's,indexes
indian's,indians,indians'
indic,indyk
indict,indite
indicted,indited
indie,indy
individual's,individuals
industri,industrie,industry
industrial's,industrials,industrials'
industriale,industriali
industries,industries',industry's
ines,iniss,inness,innis,inniss
infant's,infants,infants'
infantryman,infantrymen
infiniti,infinity
infomercial's,infomercials
information's,informations
information's,informations
ing,ng
ingels,ingles
ingram,ingrum
initialing,initialling
inman,inmon
inmate's,inmates
innuendoes,innuendos
inscoe,insko
insect's,insects
insider's,insiders,insiders'
inspector's,inspectors,inspectors'
institute's,institutes'
institution's,institutions,institutions'
instrument's,instruments,instruments'
insurance's,insurances
insurer's,insurers,insurers'
insurgents,insurgents'
intefadeh,intifada
internacional,international,internatonal
international,internatonal
international's,internationals
interstate's,interstates
inventories,inventory's
investigator's,investigators,investigators'
investment's,investments,investments'
investment's,investments,investments'
investor's,investors,investors'
iodide's,iodides
ipad's,ipads
ira's,iras
iranians,iranians'
iraqi's,iraqis
iraqi's,iraqis
iraqi's,iraqis
ireene,irene
ireland's,irelands
irv,irve,oeuvre
irwin,urwin
isaac,issac
isabel,isabelle
isackson,isaksen,isakson
isaly,isley
isch,ish
ishee,ishi
ishmael,ishmail
island's,islands
ismael,ismail
isomedix,isomedix's
israeli's,israelis,israelis'
issa,issah
issie,issy
issue's,issues
issuer's,issuers
it's,its
ito,itoh
ivan,iven
ivana,ivanna
iver,ivor
ivery,ivory
ivey,ivie,ivy
izard,izzard
izzi,izzy
j,j.,jae,jay,jaye
j's,j.'s,jae's,jay's,jays
ja,ya,yah
jaan,jahn,jan,jan.,jann
jaan,yohn,yon
jabar,jabbar
jablonski,jablonsky,yablonski,yablonsky
jac,jack,jacques
jacinth,jacinthe
jack's,jacks,jacques',jaques
jackal,jackel,jakel
jacket,jackett
jacket,jacot
jacki,jackie,jacky,jakie
jacki's,jackie's,jacky's
jacklin,jacklyn,jaclyn,jacqueline
jackson's,jacksons
jacob's,jacobs,jacobs'
jacobe,jakab,jakob
jacobsen,jacobson
jacquez,jaquez
jaeckel,jaekel
jaegar,jagger
jaffe,jaffee,jaffey
jagger's,jaggers
jago,jagow
jaguar's,jaguars
jahnke,jank,janke
jahns,john's,johns,jon's
jahr,jar
jail's,jails
jaimie,jami,jamie,jayme
jain,jane,jayne
jake's,jakes
jam,jamb
jam's,jams
james,james'
jamie's,jaymes
jamieson,jamison
jan's,jans,janz
jan.,january
jana,janna
janata,jannotta
janca,janka
janco,janko
jane's,janes,jaynes
janecek,janicek
janeiro,janiero
janette,jeanette,jeannette
janey,janie
jani,yani
janice,janis
janick,janicke
janik,yanick,yanik,yannick
janish,yanish
jankowski,yankowski
jansen,janson,janssen,jansson
japan's,japans
jarman,jarmin
jarvi,jarvie
jas,jass
jasmin,jasmine,jazmin
jasmine,jazzmen
jaso,yasso
jasper's,jaspers
jayden,tjaden
jean-bertrand,jeanbertrand
jean-michel,jean-michele,jeanmichele
jeep's,jeeps
jeeter,jeter
jefcoat,jeffcoat
jeff's,jeffs
jeffe,jeffey,jeffy
jefferey,jeffery
jefferies',jefferys
jekel,jekyll
jelley,jelly
jellies,jelly's
jemie,jemmie
jencks,jenks
jenison,jennison
jenkens,jenkins
jenney,jenni,jennie,jenny
jeppson,jepsen,jepson
jerel,jerrell,jheryl
jergens,juergens,jurgens
jergenson,jurgensen,jurgenson
jericho,jerrico
jersey,jerzy
jersey's,jerseys
jespersen,jesperson
jessamine,jessamyn
jesse,jessee,jessie,jessy,jessye
jessen,jesson
jessop,jessup,jesup
jester's,jesters
jesus,jesus'
jet,jett,jette
jet's,jets,jets',jett's
jetliner's,jetliners
jetstream's,jetstreams
jew,joo,ju,jue,jus
jewel,juul
jeweler's,jewelers,jewellers
jeweler's,jewelers,jewellers
jewels,joules,jules
jewett,jewitt
jewkes,jukes
jews,jews',joos
jil,jill
jillian,jillion
jimenez,jiminez
jimerson,jimmerson
jimi,jimmie,jimmy
jinks,jinx,jynx
jo,joe,joh
joachim,joaquim
joachim's,joachims
joachim's,joachims
joan,jone
joanie,joni
joann,joanne
job,jobe
job's,jobes
job's,jobs,jobs'
jocelin,joceline,jocelyn,jocelyne,joslyn
jochem,jochim
jodi,jodie,jody
joe's,joes,jos
joelson,jolson
joens,jones,jones'
johan,johann
johannesen,johannessen
johannsen,johansen,johanson
john,jon,jonn
johnathan,johnathon,jonathan,jonathon,jonothan
johnathan's,johnathon's,jonathan's
johnnie's,johnny's
johnsen,johnson,jonson,jonsson
johnsen's,johnson's,johnsons
johson,josten
joice,joyce
joiner,joyner
joines,joins,joynes
joint,joynt
jolie,joly,jowley
jolley,jollie,jolly
jolliff,jolliffe
jones's,joneses
joon,june
jordan,jorden,jordon
jordan's,jordans
jordi,jordie,jordy
jorgensen,jorgenson
josceline,joscelyne
joscelyn,josselyn
josef,joseph
josefina,josephina
joseph,jozef
josey,josie
josleyn,joslin
journal's,journals
journalist's,journalists,journalists'
journey,jurney
joy,joye
joy's,joys
jr,junior
juan,wan,wann,won
juana,wanna,wanta
judge's,judges,judges'
judgement,judgment
judgemental,judgmental
judgements,judgments
judi,judy
judsen,judson
juergen,jurgen
juergen,yeargain,yeargan,yergin
juett,jute
juhasz,yuhasz
juhlin,julin
juhnke,junk
juilliard,julliard
juli,julie
julian,juliann
julian,julien
juliet,juliette
june's,junes
juneau,juno
jungels,jungles
junior's,juniors
junkie,junky
jura's,juras
jurek,yurek
juries,juries',jury's
jurkiewicz,jurkovich,yurkovich
juror's,jurors,jurors'
justen,justin
justice,justus
justice's,justices,justices'
juvenile's,juveniles
juvenile's,juveniles
k-mart,kmart
k-mart's,kmart's
kaas,kos
kabbalah,kubala
kachigian,khachigian
kaczynski,kocinski,kuchinski,kuchinsky,kucinski,kuczynski
kaczynski,kozinski
kaden,kaydon
kaehler,kehler,kellar,keller
kaeser,kaser,kayser,qasr
kaestner,kestner
kahng,kang
kainer,kaner
kaiser,keizer,keyser,kiser,kisor,kizer,kyzer
kalil,kallal,khalil
kalinske,kalinski,kolinski
kampman,kampmann
kansan's,kansans,kansans'
kansas,kansas'
kanzi,konzi
kao,kayo,keio
kaplain's,kaplan's
karan's,karen's
kareem,karim
karg,kharg
karin,kerin
karoun,karun
kasha,kasza
kashoggi,khashoggi
kashuba,kaszuba
kasi,kazee
kasparek,kasperek
katey,kati,katie,katy
katja,katya
kaup,kaupp
kea,kee,key,ki,kyi,qi,quai,quay,qui
keach,keech,keetch
keady,keedy
keagan,keegan
keagy,keiji
keal,keel,keele,keil,kheel,kiehl,kiel
kealey,kealy,keeley,keely,kielley,kiely
kean,keane,keehn,keen,keene,kiehn,kiehne,kiene
keaney,keeney,keeny
kear,kier,kir
kearn,kern,kirn
kearney,kearny,kerney
kearns,kern's,kernes,kerns
keary,kiri
keas,kee's,kees,keese,key's,keyes,keyes',keys,quay's,quays
keasler,keesler,kiesler
keasling,keesling,kiesling
keath,keeth,keith
keathley,keithley,keithly
keaton,keeton,keyton
keator,keeter,keiter
keats,keatts,keitz
keaveney,keaveny
kebab-n-curry,kebab-n-kurry
keef,keefe,keeffe,kief
keefer,keifer,keiffer,kiefer,kieffer
keegali,kigale,kigali
keegali's,kigale's,kigali's
keehan,kian
keehner,keener,keiner,kiener
keeler,keillor,kielar,kieler
keelson,kelson
keenan,kenan,kienan
keenest,kienast
keeper,keiper,kieper
keesee,keesey
keezer,keizer
keg,kegg
kehl,kell
kehn,kehne,ken,kenn
keicher,kiker,kyker
keiser,kyser,kysor
kelcey,kelsey
keleher,kelleher,kelliher
keleman,kielman
kellam,kellum
kellan,kellen
kellerman,kellermann
kelley,kelli,kellie,kelly
kelley,o'kelley,o'kelly,okelley,okelly
kelley's,kelli's,kelly's,kellys
kellman,kelman
kellner,kelner
kellogg's,kelloggs
kelso,kelsoe
kelvan,kelven,kelvin
kembel,kemble
kemerer,kemmerer
kemp,kempe
kempel,kemple
kendal,kendall,kendell,kendle
kenerson,kennerson
kenison,kennison
kenmore,kennemore
kennan,kennon
kenneally,kennelly
kennedy's,kennedys,kennedys'
kennel,kennell
kenney,kenny
kenyan,kenyen,kenyon
keo,keogh,keough,kyo
keogh,keough
kepler,keppler
keppel,kepple
kercher,kerker,kircher,kirker
kerchner,kirchner,kirkner
kerkhoff,kirchhoff,kirchoff
kerkman,kirchman,kirkman
kerman,kurman
kernan,kernen,kirnan
kerner,kirner
kersch,kersh,kirsch,kirsh
kerschner,kershner,kirschner,kirshner
kersee,kersey
kerstein,kirstein
kerstein,kirstein
kersten,kirsten
kerth,kurth
kerwin,kirwin
kesel,kessel,kessell,kessle
kesinger,kessinger
keslar,kesler,kessler
kesner,kessner
ketcham,ketchum
ketler,kettler
ketner,kettner
kettell,kettle
keven,kievan
kevin's,kevins
keypad's,keypads
keysor,kieser
keystone's,keystones
khouri,khoury,koury
khrushchev,kruschev
kibbee,kibbey,kibby
kibbel,kibble,kibell
kid,kidd,kidde,kyd
kid's,kids,kids',kyd's
kiddie,kiddy
kidnaped,kidnapped
kidnaping,kidnapping
kiger,kyger
kight,kite,kyte
kihn,kin,kinn,kinne,qin
kilborn,kilbourn,kilbourne,kilburn
kilcoin,kilcoyne
kile,kyl,kyle
kilen,killen
kiley,kylie
kilgore,killgore
kill,kille
killer's,killers
killian,killion
killman,killmon,kilman
killmer,kilmer
kilo,kyllo
kilometer,kilometre
kilometers,kilometres
kim,kimm,kym
kim's,kims
kimball,kimbel,kimble
kimberley,kimberly
kimbrel,kimbrell
kimche,kimchee,kimchi
kimel,kimmel,kimmell
kimmet,kimmitt
kimpel,kimple
kimsey,kimzey
kinard,kinnaird,kinnard,kynard
kincade,kincaid
kincer,kinser
kindall,kindel,kindell,kindle
kinds,kines
kindt,kint
king,qing
king's,kings,kings'
kingdom's,kingdoms
kingery,kingry
kinion,kinyon
kinkel,kinkle
kinnaman,kinnamon
kinney,kinnie,kinny
kinsel,kinsell
kinsey,kinzey,kinzie
kip,kipp
kiper,kuyper
kipper,kippur
kirch,kirk,kurk
kirk's,kirks
kirschbaum,kirshbaum
kirschenbaum,kirshenbaum
kiryat,qiryat
kis,kiss
kisch,kish
kisler,kissler
kisling,kissling
kisner,kissner
kissed,kist
kissel,kissell
kisser,kysar
kit,kitt
kitch,kitsch
kitchel,kitchell
kitchen's,kitchens
kitman,kittman
kitner,kittner
kits,kitts,kitz
kittel,kittell,kittle
kiwi's,kiwis
kiyoshi,kyoshi
klansman,klansmen
klee's,klees
kleier,klier
kleiman,klieman
kleinfelter,klinefelter
klenk,klenke
klosterman,klostermann
knaack,knaak,knoch,knock,nock
knab,knabb,nab,nabb
knack,nack,nacke
knaggs,nags
knapp,nap,napp
knapp's,naps
knapper,napper
knauer,nauer
knauf,knauff,knoff
knauss,knous,nauss,noss
knave,nave
knead,kneed,nead,need,nied
kneading,needing
kneale,kneel,neal,neale,neall,neel,neil,neile,neill,niel
knebel,nebel
knecht,necked
knee,ne,nee,ni,nie
kneece,kniess,neace,neece,neice,neiss,nice,niece,niess
kneeland,nieland
kneer,near,neer,nir
knees,neas,nease,nees,neese,neis,niese
kneip,kniep
knell,nel,nell,nelle
kneller,neller
knerr,nair,ne'er
kness,nes,ness
knew,new
knicely,nicely
knick,nic,nick,nik
knick-knack,knickknack
knick-knacks,knickknacks
knicks,knicks',nick's,nicks,nikk's,nix,nyx
knief,naef,neef
knies,nies,nuys
knigge,nigg
knight,night,nite
knight's,knights,night's,nights,nights'
knighten,knighton
knightly,nightly
knill,nil,nill
knipl,knippel,knipple,nipple
knipp,nip,nipp
knipper,nipper
knisley,nissley
knit,nit
knits,nitz
knittel,knittle
knob,knobbe,naab,nobbe
knobby,nabi,nabil
knobel,knoble,knoebel,noble
knoche,notch
knocks,knox
knode,knowed,node
knodel,knodle
knoell,knoll,noell,nohl,nole,noll
knogo,no-go
knoke,noack
knoles,knoll's,knowles,noles,nolls
knop,knopp
knope,nope
knorr,nohr,nor
knot,knott,not,nott,notte
knoth,noth
knots,knott's,knotts,nots,notz
know,nau,neault,no,noe,noh
knows,no's,noes,nose
knoy,neu
knuckles,nuckles,nuckolls,nuckols
knudsen,knudson
koegel,kogel
koegler,kogler
koegler,kogler
koepke,kopke
koeppel,kopel
koepsel,koepsell
koerber,korber
kohlberg,kolberg
kohlmeier,kohlmeyer
kokan,koken
kolb,kolbe
kolek,kollek
kolski,kolsky
kook,kueck
kooken,kuiken
kopecky,kopetski
korea's,koreas
korea's,koreas
korea's,koreas
korean's,koreans,koreans'
koreans,koreans'
koreans,koreans'
korenek,korinek
korf,korff
kosco,kosko
koser,kozar
koskey,kosky
kosnovsky,koznovsky
kosnovsky's,koznovsky's
kotch,tkacz
kotsonis,kotsonis'
kotsonis,kotsonis'
kovacs,kovaks
kovar,kover
kowal,kowall
kozel,kozol
kozminski,kuzminski
krakowski,krukowski
kralik,krolick
krasinski,krusinski
kraszewski,kruszewski
krat,kratt
kravetz,kravitz
krebbs,krebs
kreiger,kriger,kryger
kren,krenn
krenek,krenik
kretchmer,kretschmar,kretschmer,kretzschmar
krischer,krisher
kroeger,kroger
kroeger's,kroegers,kroger's
krona,krone
kroupa,krupa
kruck,kruk
krueger,kruger
kuan,kwan,kwon,quon
kuc,kuck,kuk
kuch,kutch,kutsch
kuchar,kucher
kuehnel,kuehnle
kulich,kulick,kulik
kunkel,kunkle
kuns,kunz,kunze
kuper,kupor
kushner,kushnir
kutner,kuttner
kwak,quack
kwanza,kwanzaa
kwazulu,quazulu
kyle's,kyles
kyong,kyoung
l'eggs,leg's,legs
la,law
la-crosse,lacross,lacrosse
la-guardia,laguardia
laabs,lobs
laack,laake,loch,lock,locke,lok
laatsch,lauch
lab,labbe
lab's,labs,labs'
labe,laib
labeau,lebow
label,laible
label's,labels
labeled,labelled
labell,labelle
laber,labor,labour
lablanc,leblanc
labor's,labors
laboratories,laboratories',laboratory's
labov,labove
lac,lack,lak
lac's,lacks,lax
lacey,lacy
lach,lache,latch,latsch
lacher,lacquer
lachman,lackman
lackey,lackie
lad,ladd
ladd's,lads
lade,laid
laden,layden
ladies,ladies',lady's
lafavre,lefever,lefevre
lafayette,lafeyette
laff,laugh
laffitte,lafitte
lafountain,lafountaine
lager,logger
lahey,layhee,leahey,leahy
lahm,lam,lamb,lambe,lamm,lamme
lahman,lahmann
lahn,lan,lann
lahr,lar
lahti,lottie,lotty
lai,lie,ly,lye
lain,laine,lane,layne,ln
lair,lare,lehr
lais,lase,lay's,lays,leis,leys
lait,lay,laye,lei,les,ley,leyh
lake's,lakes,lakes'
lakotas,lakotas'
lall,lol
lalley,lalli,lally
lallie,lawley
lama,llama
lama's,lamas,llamas
laman,layman,laymen,laymon,lehmann
lamar,lamarr
lamb's,lambs,lambs',lamm's
lambie,lamby
lamborghini's,lamborghinis
lambreau,lambro
lambson,lamson
lamey,lamie,lamy
lammey,lammi
lamont,lemont
lamoreaux,lamoreux
lamoureaux,lamoureux
lamp,lampe,lampp
lamplighter's,lamplighters
lana,lanna,llana
lancer,lanser
lancet's,lancets
lancing,lansing
lancon,lankan
land,lande
land's,landes,lands,lands'
landen,landon
lander,landor
landi,landy
landlord's,landlords
landmark's,landmarks
lando,landow
landreth,landrith
landt,lant
lane's,lanes,llanes
lanfear,lanpher
lang,lange
langhorn,langhorne
lanham,lannom,lanum
lani,loni
lannan,lannen,lannon
lanni,lanny
lano,llano
lanphear,lanphere,lanphier
lao,lau,lough
laos,louse
lap,lapp,lappe
lapan,lappin
lapinski,lapinsky,lupinski
lapoint,lapointe
lapps,laps,lapse
larabee,larrabee
laraine,lorain,loraine,lorraine
lareau,lheureux
larimore,larrimore
larison,larrison
larivee,larrivee
lark,larke
larocque,laroque
laroe,larrow
laroux,larue,leroux
larry,lary
larsen,larson,larsson
laruso,larusso
lasca,laska
lascaux,lasko
lasch,lash
laser,lazar,lazer
laser's,lasers
laseter,lasseter
laseter,lassetter
lashlee,lashley
lasiter,lassiter
laskey,lasky
lass,last
lassa,lhasa
lasswell,laswell
last's,lasts
lat,lot,lott,lotte
lata,lotta
latchaw,latshaw
late,leight
lathan,lathon
latimer,lattimer
latimore,lattimore
latin,laton
latisha,leticia
latner,lattner
lato,lotto
lats,latz
lats,lot's,lots,lottes,lotts,lotz
laub,laube
laud,laude
laudenslager,loudenslager
lauder,louder
lauderback,louderback
laufer,lauffer
laugher,locher,locker
laughlin,locklin
laughlin,loflin
laughton,lawton
lauman,laumann,loughman
laun,lawn
launer,lawner
laur,laure,loar,loehr,lohr,lor,lore
laura,loera,lora,lorah
laurance,laurence,lawrance,lawrence,lorance,lorence,lowrance
laurdan,lorden
laureano,laurino,lorino
laureen,laurene,lorene
laurel,loral
laurel's,laurels,loral's
lauren,loren
laurena,lorena
lauretta,loretta
laurette,lorette
laurey,lauri,laurie,laury,lawrie,lawry,loree,lorey,lori,lorie,lorrie,lorry,lory,lowrie
lauri,laurie,lohrey
lauria,loria
lauriat's,lauriats
laurice,loris
laurie's,lori's,lorries
laurin,lorin
lauro,loro
laut,lot
laval,leval
lavallee,lavalley
lavan,laven
lavelle,leavelle
laverne,lovern
lavette,lovette
lavey,lavi,lavie,lavy
lavie,lovie
law's,lawes,laws
lawhorn,lawhorne
lawler,lawlor
lawmaker's,lawmakers,lawmakers'
lawner,loughner
lawshe,losch
lawsuit's,lawsuits
lawyer,loyer
lawyer's,lawyers,lawyers'
layah,leya
layland,leyland
layton,leighton
lb,pound
lbs,pound's,pounds
lea,lee,leigh,li
leach,leech,leetch,leitch
leach's,leaches,leeches
lead,led
lead,leed
leaden,ledden,ledonne
leader,leeder,lieder
leader's,leaders,leaders'
leadership's,leaderships
leads,leeds
leaf,leif,lief
league's,leagues,leagues'
leah,lia
leak,leake,leek,leick
leakey,leaky
leaks,leeks
leal,lille
leala,leila,lela,lila
lealia,leilia,lilia
leaman,leamon,leeman,leemon,lehman,leman
leamer,lemur
leaming,leeming,leming
lean,leen,lein,lene,lien
leana,leena,lena,lina
leaner,liener
leann,liane,lianne,lyanne
leans,leins,liens
leap,leep,lepe
leaped,leapt
leaped,leapt
learner,lerner
learners,lerner's
leary,leery
leas,lee's,lees,li's,liese
lease,leece,leese,leise
lease's,leases
leased,least
leaser,leeser,lieser
leash,liesch
leason,leeson
leasure,leisure
leath,leeth,leith
leatherberry,leatherbury
leave,leve
leaven,levan
leaver,leever,lever
leavey,leavy,levie,levy
leavitt,levett,levit,levitt,levitte
lebaron,lebarron
lebeau,lebowe
lebel,leble
leben,lebon
leber,leiber,libor,lieber
leboeuf,lebouef
lebron,lebrun
lech,leck,lek
lecher,letcher
lechler,leclair,leclere
leckey,leckie
lecter,lector
lecy,leisey,leisy,lisi
leda,lida
leder,lehder
lederman,liederman
ledger,leger
leeb,leib,lieb,liebe
leeco,lico
leedy,leidy
leeper,leiper
leet,leete,leite
leeuwen,lewan,luane
lefeber,lefebre,lefebvre
leffert,lefort
leffler,lefler,leflore
left-hand,lefthand
left-handed,lefthanded
left-winger,leftwinger
left-wingers,leftwingers
leg,legg,legge
lege,liege
leget,leggett,leggitt
legionnaire's,legionnaires
legrand,legrande
lehmer,lemere,lemmer
lehn,lehne,len
lehnen,lenin,lennon,lenon
lehner,lennar
lehnert,lenart
lehnhoff,lenhoff
lehrman,lehrmann,lerman
leibel,libel
leibler,liebler
leibman,liebman,liebmann
leibrand,lybrand
leicester,lester
leicht,liked
leier,liar
leifer,lifer
leiken,lichen,liken,lycan,lykin
leiman,liman,lyman
leinberger,lineberger
leindecker,leyendecker
leiner,liner
leininger,lininger
leiss,lice
leiter,lighter,lyter
leitman,lighmtan,lightman
leitner,lightner
leitz,lietz
lelah,leola
leleux,lillo
lelia,lilja
lem,lemm
lema,lima
lemans,lemmons,lemons
lemar,lemarr
lemberg,lemburg
lemcke,lemke
leming,lemming
lemma,lemme
lemmon,lemon
lemmond,lemond
lemos,limos
lenard,lenhard,lennard,leonard
lender's,lenders,lenders'
lenehan,lenihan
leng,leong
lenhardt,lenhart,leonhardt,leonhart
lenig,lennig
lennie,lenny,leny,leonie
lennox,lenox
leno,lino
leno's,lenos
lens,lenz
lenses,lenz's
lentine,lentini,leontine
lents,lentz,lentzsch
leo's,leos
leontine,leontyne
leopard,lepard,leppard
leota,leta
lep,lepp
leper,lepper,lepre
lerch,lurk
lerche,lurch
lerette,lirette,lurette
les,less
lesa,lisa
lesch,lesh
leser,lesser,lessor,loesser
lesesne,lessin
lesi,lessee
lesley,leslie,lessley
lesner,lessner
lessen,lesson
lessens,lessons
lesuer,lesueur
let,lett
let's,lets,letts,letz
let-up,letup
lettie,letty
leu,lew,lieu,loo,lou,louw,loux,lu,lue
leu's,loos,lose,lou's,luiz,luse
leuck,louque,luc,luecke,luick,luke,luque
leveck,levick
levee,levy
levees,levies,levy's
level's,levels
leveled,levelled
leveler's,levelers
leveler's,levelers
levenson,levinson
leverett,leverette
levi's,levis
levin's,levins
levingston,livingston
levitt's,levitte's,levitz
lewellyn,llewellyn
lewers,luers
lewey,lewi,lewy,louie,louis
lewin,lwin
lewinski,lewinsky
lewinski,lewinsky,lowinsky
lewis,lewis',louis,louis'
lewis's,louis',louis's
lewman,looman,luman,lumen
lewter,looter,luter
lewton,luten,luton
leyden,liden,lyden
lezotte,lizotte
liana,lianna
liao,liau
liason,liasson
libbey,libby
liberals,liberals'
liberties,liberty's
libraries,library's
licence,license
licences,licenses
licenser,licensor
lichens,likens,lykens
licht,licked
lichtenstein,liechtenstein
licker,liqueur,liquor
liddell,liddle
liddick,lydic,lydick
liddy,lydie
lide,lied,lyde
liebel,liebl
lieberman,liebermann
lierman,liermann
lies,lise
lieu,liu
lieutenant's,lieutenants
life's,lifes
lifetime's,lifetimes
liff,liffe
liford,lyford
ligget,liggett
light,lite
light's,lights,lites
lighten,litan
lightle,litle,lytle
likable,likeable
like,lyke
likes,lykes
lil,lill,lille
lilah,lilla
lile,lyle
liles,lyle's,lyles
liley,lili,lilley,lilli,lillie,lilly,lily
lilian,liliane,lilien,lillian,lilyan
liliana,lilliana
lilies,lilly's,lily's
lillehamer,lillehammer
lillehamer's,lillehammer's
lim,limb,limn
limbed,limned
limberg,limburg
lime,lyme
limerick's,limericks
limited,ltd,ltd.
lin,linh,linn,linne,lyn,lynn,lynne
linam,lynam
linc,linck,link,linke,lynk
lince,linse
linch,lynch
lincks,link's,links,lynx
lincoln's,lincolns
lind,linde,lindh,lynd,lynde
linda,lynda
lindaman,lindemann
lindberg,lindburg
lindeman,lindman
linden,lindon,lynden,lyndon
lindo,lindow
lindsay,lindsey
line,lyne,lysne
line's,lines,lines',lynes
line-up,lineup
linehan,linnehan
lineman,linemen
linen,linnane
liner's,liners,liners'
linette,lynette
linford,lynford
ling,lyng
lingard,lingered
linhardt,linhart
linneman,linnemann
lins,linz,lynn's
linsey,linzey,linzy
linskey,linsky,lynskey
linton,lynton
lion,lyon
lion's,lions,lions',lyon's,lyons
lip,lipp,lippe
lipman,lippman,lippmann
lippi,lippy
lipps,lips,lips'
lipschutz,lipshutz
liqueurs,liquors
lira,lire
lis,liss
lisak,lissack
lisco,lisko
lisec,lizak
lisk,liske
lisle,lyall
lissie,lissy,lyssy
lissner,listener
list,liszt
list's,lists
lister,lyster
lit,litt
literal,litteral,littoral
litman,littman,littmann
lits,litts,litz
littell,little,lyttle
litten,litton,lytton
little's,littles
liv,live
livengood,livingood
lives,lives'
lizard's,lizards
lizhi,lizzie,lizzy
lloyd,loyd
lloyd's,lloyds,lloyds'
lo,loe,loew,loewe,loh,low,lowe
lo's,loews,lowe's,lowes,lows
load,lode
loader,loder,lowder
loads,lodes
loan,lone
loan's,loans,loans',lohnes,lones
lob,lobb
lobbies,lobby's
lobbyists,lobbyists'
lobe,loeb
lober,loeber
lobster's,lobsters
local's,locals
locey,locy
lochner,lockner
lochridge,lockridge
loci,lokey
locken,lokken
lockerbie,lockerby
locket,lockett
lockey,lockie
locklair,locklar,locklear
locks,lox
loden,lowden
lodge's,lodges
loehmann,lohman,lohmann,loman,lommen,lowman
loeper,loper
loesch,loesche
loess,lois
loew,loewe
loewenstein,lowenstein
loewenstein,lowenstein
loewenthal,lowenthal
loewy,lowey,lowy
loft's,lofts
lohmeier,lohmeyer
lohn,lon
lohner,loner
lohrman,lohrmann,lorman
lohse,los
loise,luis
loisel,loiselle
lolley,lolli,lolly
london,lunden
loney,lowney
long's,longs
long-range,longrange
long-term,longterm
lonnie,lonny
lonski,lonsky
looart,louart
looby,luby
looney,loony
loop,loup,loupe,lupe
looper,luper
loopy,lupi
loose,luce
looses,luce's
loot,lute
lop,lopp
lord's,lords,lourdes
lordi,lordy
lorek,lorick
lorensen,lorenson
loreto,loretto
lorimer,lorimor
los,loss
loser,luzar
lotion's,lotions
lotus,lotus'
louanna,luana
louck,louk
loucks,louks
louden,loudon
loughery,lowery
loughrey,loughry,lourie,lowrey,lowry
louis',louise
louisa,luisa
love's,loves,luvs
lover's,lovers,lovers'
lox,lucks,luks,lux
loy,loye
loyal,loyall
lubavitcher's,lubavitchers
lube,luebbe
lubinski,lubinsky
luca,lucca,luka
lucas,lucas',lucus
lucey,lucie,lucy,luisi
lucht,lucked
lucile,lucille
luck,lucke,luk
luckey,luckie,lucky
luckman,lukman
lucrecia,lucretia,lucrezia
ludcke,ludke,ludtke
ludeman,ludemann
ludlam,ludlum
ludlam's,ludlum's
ludvigsen,ludvigson
luehring,luhring,luring
luehrs,luhrs,lures
lueth,luth
luffed,luft
lugar,luger
lugar's,lugers
lugarda,luguarda
luginbill,luginbuhl
luhman,luhmann
luhn,lun,lunn
luhr,lure
luke's,lukes
lulu,lulue
lum,lumb,lumm
lump,lumpp
lund,lunde
lundt,lunt
lunney,lunny
luntz,luntz'
lurleen,lurlene
lusch,lush
luscher,lusher
lusitania's,lusitanias
luster,lustre
lutey,luty
lutman,luttman
lutsky,lutzke
luttrell,luttrull
lyonnais,lyonnaise
m's,m.'s,m.s
m.d.,md
ma,mah
maack,mach,moch,mock,mok
maag,mogg
maahs,maas,mas,maz
maam,mum,mumm,mumme
maass,mohs
mabee,mabie
mabel,mable
mabery,mabry
mabey,maybe,maybee
mabis,mabus
mabon,mayben
mac,mack,macke,mak
mac's,mack's,macks,macs,max,maxx
macadam,mcadam
macalpine,mcalpine
macandrews,mcandrews
macao,macau
macarthur,mcarthur
macartney,mccartney
macaulay,macauley,mcauley,mccallie,mccauley,mccaulley,mccawley
macaw,mccaw
macaws,mccaw's
macbeth,mcbeath,mcbeth
macbride,mcbride,mcbryde
maccabee,mcabee,mccabe
maccallum,mccallum
maccarthy,mccarthy
macchi,mackey,mackie
macconnell,mcconnel,mcconnell
maccormack,mccormac,mccormack
macdermott,mcdermitt,mcdermot,mcdermott
macdill,mcdill
macdonald,mcdonald
macdonald's,mcdonald's,mcdonalds
macdonell,macdonnell,mcdonell,mcdonnel,mcdonnell
macdougal,macdougall,mcdougal,mcdougall,mcdougle,mcdugal
macdowell,mcdowall,mcdowell
macduff,mcduff
mace,mais
maceachern,mceachern
macewan,macewen
macewan,macewen,mceuen,mcewen,mckeown
macey,macy
macfadden,mcfadden,mcfaddin,mcfadin
macfadyen,mcfadyen
macfarland,mcfarland
macfarlane,mcfarlan,mcfarlane,mcfarlin
macgowan,mcgowan,mcgowen
macgregor,mcgregor
macgyver,mcgyver
mache,match,matsch
machen,macken
macher,makar
machi,maki
machida,mochida
machine's,machines
machinists,machinists'
macht,matched
maciag,mccague,mccaig,mckaig
macinnes,macinnis,mcinnes,mcinnis,mckiness,mckinnis
macintosh,mcintosh
macintyre,mcentire,mcentyre
mackall,mackel
mackay,mccay,mckay
mackellar,mckellar,mckeller
mackenzie,mckenzie
mackin,makin
mackinley,mckinlay,mckinley
mackinney,mckinney,mckinnie,mckinny
mackinnon,mckinnon
macknight,mcknight
maclaine,maclean,mcclain,mcclaine,mcclane,mclain,mclane,mclean
maclaren,mclaren,mclerran
maclay,mcclay,mclay
macleish,mcleish
maclellan,mcclellan,mcclellen,mclellan
maclennan,mclennan
macleod,mccloud,mcleod,mcloud
macmahon,mcmahon,mcmann
macmaster,mcmaster
macmillan,mcmillan,mcmillen,mcmillian,mcmillon
macmullen,mcmullan,mcmullin
macmurray,mcmurrey,mcmurry
macnab,mcnab,mcnabb
macnair,mcnair
macnamara,mcnamara
macnaughton,mcnaughton
macneal,macneil,macneill,mcneal,mcneel,mcneil,mcneill,mcniel
macomber,mcomber
macphail,mcphail
macphee,mcfee,mcphee,mcphie
macpherson,mcphearson
macpherson,mcphearson,mcpherson
macquarrie,mccary
macqueen,mcqueen
macrae,mccrae,mccray,mccrea,mcrae,mcray
macro,makro
macsharry,mcsherry
mactaggart,mctaggart
mactavish,mctavish
macumber,mccumber
macvicar,mcvicar,mcvicker
macwilliams,mcwilliams
macy's,macys
mad,madd
madam,madame
madan,maden,maiden,mayden
madar,madder,madere
maddie,maddy
maddison,madison
maddock,madoc,madock
maddocks,maddox,maddux
made,maid,mayde
madel,madl
madelin,madeline
madelyn,madlin
madey,mady,maidie
madge,maj
madsen,madson
mae,may,maye,mei,mey
mae's,maes,maize,mase,may's,mayes,mays,mays',mayse,maze
maeder,medar
maertens,mehrtens
maerz,mairs,mare's,mares
maese,meece,meese,meise,miesse
maestas,mestas
mafia's,mafias
magan,megan,meighan
magar,mager
magazine's,magazines,magazines'
magee,mcgee,mcghee,mcghie,muggy
mager,meigher
maggs,mags
magic,majik
magie,meiji
magin,maginn
magley,magli
magnate,magnet
magnet's,magnets
magnuson,magnussen,magnusson
magrath,mcgrath
magruder,mcgruder
maguire,mcguire
mahaffey,mehaffey
mahala,mahalah
mahan,mahen,mahon,mayhan
mahany,mahony
maher,mahr,mar,marr,mawr,meagher
mahl,moll,molle
mahler,moller
mahlman,mahlmann
mahmood,mahmoud,mahmud
mahmood,mahmoud,mahmud
mahn,man,mann,manne
mahnke,mank,manke
mahrt,mart,marte
mahtar,mater,motter
mai,my
maia,maya
maid's,maids,maids'
maida,mayda,meda
maier,mayer,mayher,mayor
maiers,mayer's,mayers,mayor's,mayors
mail,maile,maille,male,mayle
mail's,mails,male's,males
mailer,maler
mailer's,mailers
mailey,maley,maly,mayle
mailing,mei-ling
maim,mame,mayme
main,maine,mane,mayne,meyn
mainard,maynard
maine's,maines,mains,mainz,manes,maynes
mainer,mainor,maner,mayner,maynor
mainers,maners
maino,meno
maio,mayeaux,mayeux,mayo,meyo
mair,maire,mare,mehr,mer
maisch,meisch
maisel,meisel
maisie,mazie
maison,mayson
maiti,matey
majer,major
majeske,majeski
majka,mica,micah
major's,majors,majors'
make-up,makeup
maker's,makers,makers'
makhoul,mccool
mal,malle
malak,malloch
malarkey,mullarkey
malay,melee
malcolm,malcom,malcomb
malcolmson,malcomson
maleski,malesky,moleski,molesky
mali,molley,mollie,molly
malia,mallia
malice,mallis
malick,malik,mallek,mallick
malicoat,mallicoat
malin,mallin
malis,molly's
mall,maul,maule,maull,mol
mall's,malls
maller,mauler
mallery,mallory
mallet,mallett
malley,mally
mallo,malo,mollo
mallon,malon
malloy,mulloy
malm,mam,mom
maloney,moloney
malt,mault
maltbie,maltby
mama,mamma,momma
mama's,mamas
man's,mann's,mannes,manns,mans,manz
man-made,manmade
management's,managements,managements'
manager's,managers
managers,managers'
manard,mannered
manco,manko
mandel,mandell,mandl,mandle
mandela,mandella
mandi,mandie,mandy
manette,monette
mangham,mangum
mangine,mangini
manheim,mannheim
mani,mohney
manic,manik
manila,manilla
manis,mannis
mankind's,mankinds
manley,manly
mannen,mannon
manner,manor
manners,manors
manney,manni,mannie,manny
manseau,monceaux
mansel,mansell
manser,mansour,mansur
mantel,mantle
mantle's,mantles
manufacturer's,manufacturers
manvil,manville
mao,mau
mao's,mows
map,mapp
mara,marra
maradona,maradonna
maradona's,maradonna's
maranda,miranda
marash,marash'
marberry,marbury
marble's,marbles
marc,mark,marke,marque,merc
marceau,marceaux,marso
marceca,marseca,marseka
marceca's,marseca's
marcel,marcelle
marcelino,marcellino
marcella,marsella
march's,marches
marchal,marcile
marche,marsch,marsh
marchesano,marckesano
marchi,marcie,markee,markey,markie,marky,marquee,marquis
marchman,marcmann,markman
marci,marcy,marsee
marcia,marsha
marcia's,marshes
marcil,marcille
marcissa,marsisa
marcks,mark's,marks,marques,marx,merc's
marco,marcoe,marko,markow
marco's,markos
marcom,marcum,markham,markum
marcon,markan,marken
marcone,marconi
marcos,marcos'
marcos',marcoses,marcoses'
marcos's,marcus's
marcou,marcoux
marcus,markkas,markus
marcussen,markuson
marden,mardon
margarete,marguerite
margaux,margo,margot
marge,marje
margery,marjorie,marjory
margie,margy,marjie,marjy
marian,marion,merion
marian's,marion's
marianne,maryann,maryanne
marice,maurice
marich,marik
marie,moree,murray,murree,murrey,murrie,murry
marie's,murray's
marier,merrier
marilin,marylin
marilyn,marilynn
marin,merrin
marine's,marines,marines'
maring,mehring
marino,merino
marino's,marinos
marisa,marissa
maritz,merits,merritts
marjorie,marjory
markel,markell,markle
market's,markets
marketer's,marketers,marketers'
marketing's,marketings
marketplace's,marketplaces
markets,markets'
markiewicz,markovich,markowicz
markson,marxen
marlar,marler
marlboro,marlborough
marlboro's,marlboros
marleen,marleene,marlene
marlen,marlin,marlon
marlens,marlins,marlins'
marlo,marlow,marlowe
marmer,marmor
marney,marnie
maro,marro,morrow
marohn,marren
maroney,moroney,moroni
maroni,marrone
marose,morose
marous,meris
marquardt,marquart
marrett,meritt,merrett,merrit,merritt
marries,mary's
marriott,merriott
marron,mehran
marrow,mero,merow,merrow
marrs,mars,mars',marz
marry,mary,merrie,merry
marschall,marshal,marshall,martial
marsden,marsdon
marsh's,marshes
marshal's,marshall's,marshals,martials
marshaled,marshalled,martialed
mart's,marts,martz
martech,martek
martel,martell,martelle
marten,martin,marton
marteney,martiny
martens,martin's
martensen,martenson,martinsen,martinson
marter,martyr
marti,martie,marty
marti's,marty's
martin,martyn
marvel's,marvels
marveled,marvelled
marvell,marvelle
marvellous,marvelous
masch,mash
masci,massey,massi,massie
maseng,massing
maser,mazer
masi,mosie,mossey
maso,mazzo
mason's,masons
masood,masoud
mass,mass.,masse
mass.,massachusetts,massachusetts',massachussetts
massar,masser,masur
massed,mast
massman,massmann
massucci,masucci
masten,maston
master's,masters,masters'
masterbate,masturbate
masterbates,masturbates
masterbating,masturbating
masterbation,masturbation
mastercard's,mastercards
mastif,mastiff
mastif's,mastifs
mat,matt,matte
mataksas,metaxas
matalin,matlin
match's,matches
matches,matsch's
matell,mattel
mateo,matteo
mater,matter
matera,mattera
materials,materials'
matern,mattern
matheney,matheny
mathes,mathis,matthis
mathew,mathieu,matthew
mathews,matthew's,matthews
mathewson,matthewson
mathias,matthias
mathiasen,mathiason
mathie,mathy
mathies,matthies,matthys
mathiesen,matthiesen
mathilda,matilda
matic,mattick
matis,mattice
mato,moto,motto
matos,mottos
matousek,matusek
matrix's,matrixes
mats,mattes,matts,matz
matsen,matson
matsko,motzko
matter's,matters
matteson,mattison
matteucci,mattucci
mattie,matty
mattis,matus
mattocks,mattox
mattress's,mattresses
matusi,matussi
mau,meaux,mo,moe,mow
mauck,mauk
maud,maude,mod
maue,maui
maulden,mauldin
maura,mora,morra
maureen,moreen
maurer,mourer,mowrer
mauri,maurie,maury,morey,mori,morrie,morry,mory,mowrey,mowry
maurin,morin,morrin,murrin
maurine,morine,morini
maurita,morita
mauritz,moretz,moritz
mauro,moro,morro,morrow
maurus,morris,morris'
mauser,mausser
mauss,mos,moss
mauzey,mauzy
maven's,mavens
maverick's,mavericks
maverick's,mavericks,maverix
mavs,mavs'
maxam,maxham,maxim,maxxam
maxcy,maxey,maxi,maxie,maxy
maxon,maxson
mayan,mion
mayberry,maybury
mayhew,mayhue
mayr,meir
mazel,muzzle
mazola,mazzolla
mazon,mazone
mazzone,mazzoni
mc,mic,mick,micke
mcafee,mcaffee
mcafee,mcaffee,mchaffie
mcafferty,mccafferty
mcalinden,mclinden
mcalister,mcallester,mcallister,mccalister,mccallister
mcallen,mccallen
mcan,mccahan,mccan,mccann,mchan
mcanally,mcannally
mcardle,mccardell,mccardle
mcartor,mccarter
mcauliff,mcauliffe
mcavoy,mcevoy
mcbain,mcbane
mcbirney,mcburney
mccaffery,mccaffrey
mccain,mccane,mckain,mckane
mccall,mccaul
mccamey,mckamey
mccanna,mckanna
mccarey,mccarry
mccarran,mccarren
mccarrell,mccarroll
mccarrick,mckarrick
mccart,mccartt
mccartan,mccarten,mccartin
mcclafferty,mcclaugherty,mclafferty
mcclam,mclamb
mcclanahan,mclanahan
mcclarty,mclarty
mcclatchey,mcclatchy,mcklatchy
mcclean,mclean
mccleary,mccleery,mcleary
mcclees,mclees
mcclelland,mcleland,mclelland
mcclintic,mcclintick
mcclish,mclish
mcclory,mclaury
mccloskey,mcclosky
mccluer,mcclure,mclure
mccole,mccoll
mccollam,mccollom
mccolm,mccomb
mcconaghy,mcconaughy
mcconaughey,mcconnaughey
mccone,mchone,mckone,mckown
mcconnel's,mcconnell's
mccorkel,mccorkell,mccorkle
mccort,mccourt
mccoun,mccown
mccowan,mccowen,mckowen
mccoy,mckoy
mccracken,mccrackin
mccraney,mcrainey,mcraney
mccreadie,mccready,mccredie,mccreedy
mccreary,mccreery
mccree,mckree,mcree
mccright,mcright,mcwright
mccrorey,mccrory,mcrorie
mccrum,mccrumb
mccuan,mccuin
mccue,mchugh
mccuen,mccune,mckune
mccuiston,mcquiston
mcculla,mccullah,mcculloh,mccullough
mccullar,mcculler
mccullars,mccullers
mccullen,mcmullen
mcculley,mccully
mccutchan,mccutchen,mccutcheon
mcdade,mcdaid
mcdanel,mcdannel
mcdearmon,mcdurman
mcdonagh,mcdonough
mcdonnel's,mcdonnell's
mcdougal's,mcdougals,mcdougals'
mcduffee,mcduffie,mcduffy
mcelhaney,mcelhany,mcelheney
mcelhiney,mcelhinney,mcelhinny
mcelrath,mcelreath,mcilrath
mcelroy,mcilroy
mcelvain,mcelvaine
mcelwain,mcelwaine
mcenaney,mcenany
mcendree,mckendree,mckendry
mcenerney,mcinerney
mcfall,mcfaul,mcphaul
mcfarren,mcferran,mcferren,mcferrin,mcferron,mcpheron
mcfatter,mcphatter
mcfeeters,mcpheeters
mcgagh,mcgaugh,mcgaw
mcgahee,mcgahey
mcgarity,mcgarrity
mcgarry,mcgary
mcgaughey,mcgaughy
mcgeough,mcgough
mcginess,mcginness,mcginnis,mcginniss,mcguiness,mcguinness
mcginn,mcguinn
mcgirr,mugger
mcgirt,mcguirt
mcglinn,mcglynn
mcglocklin,mclaughlin
mcglothen,mcglothin
mcgonagle,mcgonigal,mcgonigle
mcgrain,mcgrane
mcgreevey,mcgreevy
mcguffee,mcguffey,mcguffie
mcguirk,mcgurk
mchale,mikael
mcilvain,mcilvaine
mcilvain,mcilvaine
mcintire,mcintyre
mcinturf,mcinturff
mciver,mcivor
mckeag,mckeague
mckean,mckeen
mckee,mckey,mckie,muckey,mucky
mckeithan,mckeithen
mckelvie,mckelvy
mckenney,mckenny
mckeon,mckeone
mckibben,mckibbin,mckibbon
mckillip,mckillop
mckimmey,mckimmy
mckinney's,mckinny's
mckinsey,mckinzie
mckissic,mckissick
mckitrick,mckittrick
mckneely,mcneally,mcnealy,mcneeley,mcneely,mcneilly
mcknew,mcnew
mclin,mclinn
mcmackin,mcmakin
mcmahan,mcmahen
mcmanaman,mcmanamon
mcmanis,mcmannis,mcmanus
mcmenamin,mcmennamin
mcmenamy,mcmenemy
mcmillian,mcmillion
mcmonagle,mcmonigle
mcmoran,mcmorran
mcmurtrey,mcmurtry
mcnairy,mcnary
mcnalley,mcnally
mcnear,mcneer
mcnease,mcnees
mcneece,mcneese,mcneice
mcnelis,mcnellis
mcnichol,mcnickle
mcpeak,mcpeake,mcpeek
mcquade,mcquaid,mcquaide
mcquain,mcwain
mcquary,mcquerry
mcqueeney,mcweeney
mcquethy,mcwethy
mcquillan,mcquillen,mcquillin
mcteer,mctier
mcvay,mcveigh,mcvey
mcwaters,mcwatters
mcwherter,mcwhirter
me,mea,mee,mi
meacham,meachum,meecham
mead,meade
mead's,meads,medes
meader,meador,meder,meeder
meaders,meadors
meaker,meeker
meal,meehl,mele,miele
meal's,meals
mealer,mealor,meeler
mealey,mealy
mean,mein,meine,mien
meaner,meanor
meaney,meany
means,means'
meant,mente
mear,mere,mir,myhre
meara,miera
mears,mir's
mease,mees,meis
measure's,measures
meat,meet,mete
meatier,meteor
meats,meets,meitz
meaty,miti
meca,mecca
mech,meck
mecham,mechem
mechanics,mechanics'
mechler,meckler
meckes,mex
medal,meddle,medel
medalist's,medalists
medi,mehdi
medic's,medics
medicine's,medicines
medlar,medler
meehan,meighan
meeting's,meetings
mefferd,mefford
mehitabel,mehitabelle
mehl,mel,mell,melle
mehlberg,melberg
mehler,melear,meller,mellor
mehlhorn,melhorn
mehling,meling,melling
mehlman,mellman,melman
mehmet,memmott
mehner,menor
mehta,mete
meier,meyer,mier,mire,myer
meier's,meyer's,meyers,miers,myers
meikle,mikal
meinecke,meineke
meiner,minar,mineer,miner,minor
meiners,miner's,miners,miners',minors
meinhardt,meinhart,minehart
meininger,mininger
meir,mire,myre
meisner,meissner
meiss,mice
melanby,mellonby
meland,melland
melanie,melany
melatonin's,melatonins
melbourne,melburn
melcher,melchor
meleski,mileski
meli,melley,melli,mellie,melly
melicent,melisent
melick,mellick
melin,mellin
melisse,mellis
melita,melitta
mellen,mellon,melon
mello,mellow,melo
mellon's,mellons,melons
melnick,melnik,melnyk
melone,meloni
melts,meltz
melvin,melvyn
member's,members,members'
memo's,memos
memories,memories'
men,menn,menne
men's,mens,menz,menze
mena,mina
menachem,menahem
menard,minard
mencer,menser
mencken,menken
mend,mende
mendelsohn,mendelson,mendelssohn
menear,minear
menefee,menifee
menk,menke
mennan,mennen
menorah's,menorahs
menter,mentor
mentor's,mentors
mer,murr,myrrh
merc,merck,merk,murch,murk
merc's,merck's
mercedes,mercedes's,mercedeses
mercedes's,mercedeses
merchant's,merchants,merchants'
merci,mercy
mercland,murkland
meredith,merideth,meridith
merely,myrlie
merger's,mergers
meridian,meridien
meriweather,meriwether,merriweather,merriwether
merkel,merkle
merker,merkur
merkey,murky
merkin,mirkin
merl,merle
merola,merolla
merrell,merrill,meryl,meryll
merrimac,merrimack
mers,merz
merten,merton,murton
mertle,mirtle,myrtle
mertz,mirtz
merv,mirv
mervin,mervyn
merwin,merwyn
mesch,mesh
meselsohn,meselson
mesick,messick
mesler,messler
mesner,messner
messed,mest
messerli,messerly
messerschmidt,messerschmitt
messrs,messrs.,mssrs,mssrs.
mester,mestre
met,mette
met's,mets,mets',metts,metz
meta,mita
metal,mettle
metal's,metals,metals'
metallic's,metallics
metamorphasis,metamorphosis
meteorologist's,meteorologists
meter,metre
meters,metres
metheney,metheny
metric,metrick
metrobanc,metrobank
metropolitan's,metropolitans
metsker,metzker
metter,mettur
metzgar,metzger
meuse,mewes,muse
mevarach's,mevarachs
mezo,mezzo
micaela,mikaela
miccosukee,micosukee
mich,mitch,mitsch
michael,micheal,michel
michael's,michaels,michel's,michiels,mikles
michaela,michaella
michaelsen,michaelson,michelsen,michelson
michal,michel,michell,michl,mitchel,mitchell
michals,michel's,mitchell's
michalski,michalsky
michaud,michaux,micheaux
michel,michele,michelle
michel's,michelle's,michels
michelangelo's,michelangelos
michelangelo's,michelangelos
michelin,micheline
michener,mitchner
michon,mitchen
mickel,mickle,mikel,mikell
mickels,mickles,mikels
mickelsen,mickelson
mickey,micki,mickie,micky
mickish,mikesh
micro's,micros
micron's,microns
microsystems,microsystems'
midge's,midges
midgets,midgett's
midland's,midlands
midst,missed,mist
midyett,midyette
mieno,mino
mies,mize
might,mite
mihm,mim
mihn,min,minh
mihn's,minns
mike's,mikes
mikelson,mikkelson
mikulec,mikulic
mil,mill,mille
mila,myla
milam,milem,milum
milas,myla's
milbank,millbank
milbourn,milbourne
milburn,millburn
milco,milko
miler,myler
miles,myles
milhous,milhouse,millhouse
milicent,millicent
militia's,militias
militia's,militias
milk,milke
milken's,milkens,milkens'
mill's,mills,mills',mils,milz
millage,milledge
millan,millen,millin,millon
millar,miller
miller's,millers
millet,milot
milley,milli,millie,milly
millican,milliken
milliliter,millilitre
milliliters,millilitres
millimeter,millimetre
millimeters,millimetres
millionaire's,millionaires
millman,milman
milln,milne
millner,milner
millsap,milsap
millstein,milstein
millstein,milstein
millward,milward
miltie,miti
mimbs,mimms,mims
mimi's,mimis
mina,minna
minc,mink,minke
mincey,mincy
minckler,minkler
mincks,minks
mind,mined
mind's,minds
mine's,mines,mines'
mineau,minnow,minow
minehan,minihan
minelli,minnelli
mineral's,minerals,minerals'
mineral's,minerals,minerals'
minet,minit
minet,mynatt
mini,minney,minnie,minny
minich,minnich
minick,minnick
minis,minnie's
minister's,ministers,ministers'
minix,minnix
minot,minott,minute,mynatt
mint's,mints,mintz
minute's,minutes,minutes'
minutia,minutiae
miot,myatt
mira,mirra
mirelle,morel
mires,myres
miriam,myriam
mirilla,myrilla
mirna,myrna
mirren,myhren
mirror's,mirrors
mirti,murty
mis,miss
misch,mish
mischa,misha
mischler,mishler
miser,mizer
mises,mize's
misner,mizner
missal,missel,missile
misses,missis,missus,mrs,mrs.
missey,missie,missy
missile's,missiles,missiles'
mission's,missions
mississippi's,mississippis
mister,mr,mr.
mistic,mystic
mistress,mistrusts
mit,mitt
mitcham,mitchum
miter,mitre
mitman,mittman
mittan,mitten,mitton
mittelman,mittleman
mittelstaedt,mittelsteadt
mitterand,mitterrand
mitterand,mitterrand
mitterand's,mitterrand's
mix-up,mixup
mixed,mixte
mixon,mixson
mizell,mizzell
moacq,moak,moke
moad,mode,moede,mowed
moan,moen,mon,mone
moans,mones
moat,mote
moats,motes
mob's,mobbs,mobs
mobil,mobile
mobil's,mobile's,mobiles
mobster's,mobsters
moca,mocha,moka
model's,models,models'
modeling,modelling
modi,mody,mowdy
moehlman,mohlman
moehring,mohring,moring
moeller,mohler,moler
moerke,mork
moers,mowers
moes,mose
moeser,moser,mozer
moffat,moffatt
moffet,moffett,moffit,moffitt
mogel,mogle,mogul
mohamed,mohammad
mohl,mole
mohn,mon,monn
mohr,moore,mor,more,morr
mohrman,mohrmann,moreman,morman,mormon
moina,moyna
moise,moyes
moishe,moshe
mold,mould
molden,moulden
molder,moulder
molding,moulding
moldings,mouldings
molds,moulds
moldy,mouldy
moleskin,moleskine
mollet,mollett
molnar,molner
molpus,molpus'
molten,molton,moulton
mom's,moms
moment's,moments
mommies,mommy's
monaghan,monahan
monarch's,monarchs
monday,munday
monday,mundi,mundie,mundy
monday's,mondays
monday's,mondays
monett,monnett
money,munni
money's,moneys,monies
moneyed,monied
monge,monje
mongeau,mungo
monk,munk
monk's,monks
monkey's,monkeys
monroe,munro,munroe
monsen,monson
monsignor,msgr
montagu,montague
monte,montee,monti,montie
monte's,montes
monteiro,montero
monterey,monterrey
monterey,monterrey
month's,months
montrealer's,montrealers
monts,montz
moo,moue,mu
mood's,moods
moodie,moody
moog,muegge
moomaw,mumaw
moon,moone
moon's,moons
mooney,moonie
moor,moore,muhr
moore's,moores,moors
moore's,mor's,morze
moorehead,moorhead
moorehouse,moorhouse
moorland's,moorlands
moorman,moormann
moos,muise
moose,mousse
moots,mootz
mooty,muti
moppes,mops
morain,moraine
morais,moray
moral,morell,murrell,murrill
moraski,muraski
morawski,murawski
morays,mores
mordecai,mordechai
morea,moria,moriya
moreira,morera
moreland,morland
moren,morren
moreno,morino
morgan,morgen,morgun
morgan's,morgans
morgante,morganti
morice,moris,morris,morriss
morisette,morissette,morrisette,morrissette
morison,morrison
morn,mourn
morneau,morneault
morning,mourning
morning's,mornings
moron's,morons
moros,moroz
morrisey,morrissey
morse,morss
mortar,morter
morten,morton
mortensen,mortenson
mortgage's,mortgages
mortie,morty
mosbacher,mossbacher
mosco,mosko
moscow,moskow
mosel,mosle,mosul
moseley,mosely,mosley
mosher,mosier
mosk,mosque
mosquitoes,mosquitos
mossberg,mossburg
mother's,mothers
motherfucker's,motherfuckers
mothership's,motherships
motile,motyl
motl,mottl
motley,mottley
motola,mottola
motor's,motors,motors'
mots,mott's,motts,motz
mott,motte
mount,mt
mountain's,mountains
mounts,mountz
moura,mura
mousseau,musso
moustache,mustache
movement's,movements
movie's,movies
mowat,mowatt
moy,moye
moyer's,moyers
moyl,moyle
ms,ms.
much,mutch,mutsch
mucous,mucus
mud,mudd
muehl,mule
muehler,mueller
mughniyeh,mugniyah
muhamed,muhammed
muhamed's,muhammed's
muhl,mull
mujahedeen,mujahideen
mulhearn,mulhern
mullally,mullaly
mullan,mullane,mullen
mullaney,mullany
mullican,mulliken
multifoods,multifoods'
mulvaney,mulvany
mulvehill,mulvihill
mum's,mums
mummey,mummy
mummies,mummy's
mun,munn
muncee,muncey,muncie,muncy
mundorf,mundorff
mundt,munt
muni,munni
munns,muns,munz
munyan,munyon
murderer's,murderers
murdoch,murdock
murdoch's,murdock's,murdocks
murff,murph
murial,muriel
murnan,murnane
murphey,murphy
murphree,murphrey
murphy's,murphys
musch,mush
muscle,mussel,mussell
muscles,mussels
museum's,museums
music,muzik
music's,musics
musica,muzyka
musich,musick
musician's,musicians,musicians'
musk,muske
muskie,musky
musman,mussman
mustard,mustered
musto,mustoe
mutchler,mutschler
mutts,mutz
muzzey,muzzy
myren,myron
myrtice,myrtis
na,nah,naw
naan,non
naas,nace
naber,neighbor,neighbour
nabers,nabors,neighbor's,neighbors,neighbors',neighbour's,neighbours,neighbours'
nader,nadir
nadia,nadja
naeve,neave,neve,niamh
naffziger,nafziger
nagel,nagle
nahm,nam
nahm,nom
nail,naill,nale
nailor,naylor
naiman,neyman
naira,neira
nairn,nairne
naito,nato
najar,najjar
nalley,nally
name's,names
nana,nanna
nanney,nanni,nanny
nantes,nantz
napa,nappa
naramore,narramore
nary,neri
nase,nays
naser,nazer
nassar,nasser
natale,natali
natalie,nathalie,nattily
natchez,natchez'
nation's,nations,nations'
national,nationale
national's,nationals
national's,nationals
nationsbanc,nationsbank
nationsbanc's,nationsbank's
nattie,natty
nature's,natures
nauman,naumann
naval,navel
navar,navarre
navarette,navarrette
navas,novice
navies,navy's
nay,ne,neigh,nej,ney
nazi's,nazis,nazis'
neal's,neels,neil's,neils,niels
neala,nila
nealey,nealy,neeley,neely
nealon,neilan
nealson,neilson,nielsen,nielson
neat,neet
neaves,neves
nec,neck
necks,nex,next
neco,neeco,nico,nikko,niko
neco's,nikko's,niko's
ned,nedd
nedel,needle,neidl
needelman,needleman
neeld,neild,nield
neeman,neiman,nieman,niemann
neeson,nessen,niesen
negotiator's,negotiators
negroes,negros
neher,neyer
nehls,nelles,nels
neiberg,nyberg
neider,nieder
neidhardt,neidhart
neighborhood,neighbourhood
neighborhood's,neighborhoods,neighbourhood's,neighbourhoods
neighboring,neighbouring
neighborly,neighbourly
nein,nene
neisen,nicen
nela,nella
nelli,nellie,nelly
nelsen,nelson
nemetz,nemitz
nephew's,nephews
nerenberg,nierenberg
nero,niro
nerone,nerren
nesci,nesi,nessi,nessie
nesler,nessler,nestler
nesler,nestler
nessel,nestle
nest,neste
nester,nestor
nestle's,nestles
net,nett
neto,netto
nets,netz
nettie,netty
network's,networks,networks'
neubauer,newbauer
neuber,nuber
neuberger,neuburger,newberger,newburger
neuburg,newberg,newburg,newburgh
neue,newey
neugent,nugent
neuhart,newhart
neuhaus,newhouse
neukam,newcom,newcomb,newcombe,newcome,nukem
neumaier,neumeier,neumeyer,newmeyer
neuman,neumann,newman,newmann
neuville,newville
nevels,nevils
nevill,neville
nevin's,nevins
new-bern,newbern,newburn
newberry,newbery,newbury
newbie,newby
newcor,nucor
newlan,newlon,newlun
newland,nuland
newley,newly
newlin,newlyn
news,news'
newsletter's,newsletters
newsom,newsum,nuzum
newson,nusen
newspaper's,newspapers,newspapers'
newsroom's,newsrooms
newt's,newts
newtown,newtowne
neyens,nine's,nines
niall,nile
niam,niamh
nib,nibbe
niccoli,nicoli
niccum,nickum,nycum
niche,nitsch,nitsche,nycz
nicholas,nicholas',nicklaus,nickless
nicholas,nicholas',nicolas
nicholas's,nicklaus's
nichole,nicole,nicolle
nicholes,nicole's
nicholi,nickolay
nicholl,nickel,nickell,nickle,nickol,nicol,nicoll,nikkel
nicholls,nichols,nichols',nickel's,nickels,nickles,nickols,nicolls,nicols
nickey,nicki,nicky,niki,nikki
nickoloff,nicoloff
nickolson,nicolson
nickson,nixon
nicolae,nikolai
nicolaus,nikolaus
nicolet,nicolette
nicoline,nicolini
nicor,nycor
nie,nigh,nye
niece's,nieces
niedermeier,niedermeyer
niemeier,niemeyer
nienow,nino
nieto,nito
nigger's,niggers
nightengale's,nightengales
nightline's,nightlines
nike,nikkei
nike's,nikes
niland,nyland,nylund
niles,nilles
nilsen,nilson,nilsson
niners,niners'
nineties,nineties',ninety's
nipon,nippon
nirvana's,nirvanas
nirvana's,nirvanas
nisei,nissei
nissa,nyssa
nissan's,nissans
nita,nitta
nitroglycerin,nitroglycerine
nitroglycerin,nitroglycerine
nitroglycerin,nitroglycerine
nitrosamines,nitrosomines
nixon's,nixons
noa,noaa,noah
noakes,nokes
noami,nomi
noble's,nobles
noblett,noblitt
nobodies,nobody's
nobodies,nobody's
nobrega,nobriga
noel,noelle
noffsinger,nofsinger
nogueira,noguera
noise,noyes
nola,nolla
nold,nolde
nolen,nollan
nolie,nolley
nolt,nolte
nomad's,nomads
nominee's,nominees
non-academic,nonacademic
non-agricultural,nonagricultural
non-alcoholic,nonalcoholic
non-align,nonalign
non-aligned,nonaligned
non-automotive,nonautomotive
non-bank,nonbank
non-banking,nonbanking
non-binding,nonbinding
non-biting,nonbiting
non-building,nonbuilding
non-business,nonbusiness
non-callable,noncallable
non-cash,noncash
non-combatant,noncombatant
non-combatants,noncombatants
non-commercial,noncommercial
non-committal,noncommittal
non-communist,noncommunist
non-communists,noncommunists
non-compete,noncompete
non-competitive,noncompetitive
non-compliance,noncompliance
non-conformist,nonconformist
non-conformists,nonconformists
non-conformity,nonconformity
non-contract,noncontract
non-controversial,noncontroversial
non-convertible,nonconvertible
non-core,noncore
non-corporate,noncorporate
non-criminal,noncriminal
non-cumulative,noncumulative
non-deductible,nondeductible
non-defense,nondefense
non-descript,nondescript
non-direct,nondirect
non-discriminate,nondiscriminate
non-discrimination,nondiscrimination
non-discriminatory,nondiscriminatory
non-dollar,nondollar
non-durable,nondurable
non-durables,nondurables
non-economic,noneconomic
non-electrical,nonelectrical
non-emergency,nonemergency
non-entity,nonentity
non-essential,nonessential
non-event,nonevent
non-exclusive,nonexclusive
non-executive,nonexecutive
non-existent,nonexistent
non-farm,nonfarm
non-fat,nonfat
non-fatal,nonfatal
non-ferrous,nonferrous
non-fiction,nonfiction
non-financial,nonfinancial
non-financial,nonfinancial
non-food,nonfood
non-government,nongovernment
non-governmental,nongovernmental
non-greek,nongreek
non-human,nonhuman
non-inflationary,noninflationary
non-interest,noninterest
non-interference,noninterference
non-intervention,nonintervention
non-jet,nonjet
non-jets,nonjets
non-lethal,nonlethal
non-linear,nonlinear
non-liturgical,nonliturgical
non-management,nonmanagement
non-manufacturing,nonmanufacturing
non-member,nonmember
non-members,nonmembers
non-military,nonmilitary
non-native,nonnative
non-natives,nonnatives
non-negotiable,nonnegotiable
non-nemacher,nonnemacher
non-nuclear,nonnuclear
non-operating,nonoperating
non-pacifist,nonpacifist
non-pacifists,nonpacifists
non-partisan,nonpartisan
non-paying,nonpaying
non-payment,nonpayment
non-performing,nonperforming
non-planar,nonplanar
non-pluss,nonpluss
non-plussed,nonplussed
non-poisonous,nonpoisonous
non-political,nonpolitical
non-prescription,nonprescription
non-productive,nonproductive
non-professional,nonprofessional
non-professionals,nonprofessionals
non-public,nonpublic
non-qualified,nonqualified
non-racial,nonracial
non-recurring,nonrecurring
non-refundable,nonrefundable
non-regulated,nonregulated
non-religious,nonreligious
non-renewable,nonrenewable
non-resident,nonresident
non-residential,nonresidential
non-residents,nonresidents
non-responsive,nonresponsive
non-restricted,nonrestricted
non-restricted,nonrestricted
non-roman,nonroman
non-ruling,nonruling
non-sectarian,nonsectarian
non-sense,nonsense
non-sequitor,non-sequitur
non-sequitors,non-sequiturs
non-smoker,nonsmoker
non-smokers,non-smokers',nonsmokers,nonsmokers'
non-smoking,nonsmoking
non-specific,nonspecific
non-sporting,nonsporting
non-standard,nonstandard
non-starter,nonstarter
non-starters,nonstarters
non-stick,nonstick
non-stop,nonstop
non-stops,nonstops
non-strategic,nonstrategic
non-surgical,nonsurgical
non-taxable,nontaxable
non-technical,nontechnical
non-toxic,nontoxic
non-traditional,nontraditional
non-transferable,nontransferable
non-turbo,nonturbo
non-turbos,nonturbos
non-union,nonunion
non-unionized,nonunionized
non-utility,nonutility
non-verbal,nonverbal
non-violence,nonviolence
non-violent,nonviolent
non-volatile,nonvolatile
non-voting,nonvoting
non-white,nonwhite
non-white,nonwhite
non-whites,nonwhites
non-whites,nonwhites
non-woven,nonwoven
non-wovens,nonwovens
none,nuhn,nun,nunn
noon,noone
noons,nunes
noose,nous
nora,norah
nord,nored,norred
nordan,norden
nordman,nordmann
nordstrom's,nordstroms
norell,norrell
normandie,normandy
normie,normy
norrie,norry
norse,nourse
north-east,northeast
northcott,northcutt
northrop,northrup
northrop's,northrup's
norvel,norvell,norvil
norwin,norwyn
note's,notes,notes'
nothing's,nothings
notice,notis
nova's,novas
novak,nowak
novel's,novels
novey,novi,novy
novicki,novitski,novitsky
nufer,nuhfer
number's,numbers
nun's,nunn's,nuns,nuns'
nunnally,nunnelly
nurr,nurre
nurse's,nurses,nurses'
nurses,nurses'
nusbaum,nussbaum
nusbaum,nussbaum
nut,nutt
nut's,nuts
nuttal,nuttall,nuttle
nymphomaniac's,nymphomaniacs
o'banion,obanion
o'bannon,obannon
o'bara,obara
o'barr,obarr
o'beirne,o'byrne,obyrne
o'berg,oberg
o'berle,oberle
o'berry,oberry
o'boyle,oboyle
o'bradovich,obradovich
o'bremski,obremski,obremsky
o'brenovich,obrenovich
o'brian,o'bryan,obrian,obryan
o'briant,o'bryant,obriant,obryant
o'brien,obrien
o'bringer,obringer
o'brinsky,obrinsky
o'callaghan,ocallaghan
o'callahan,ocallahan
o'campo,ocampo
o'cana,ocana
o'canas,ocanas
o'carroll,ocarroll
o'carroll,ocarroll
o'cilla,ocilla
o'clair,oclair
o'connell,oconnell
o'conner,o'connor,oconner,oconnor
o'conner's,o'connor's,oconner's,oconnor's
o'day,o'dea,oday
o'deli,odele
o'dell,odell
o'doherty,o'dougherty,odoherty
o'doherty,odoherty
o'donald,odonald
o'donnel,o'donnell,odonnel,odonnell
o'donoghue,o'donohue,odonoghue,odonohue
o'donoghue,odonoghue
o'donovan,odonovan
o'dowd,odowd
o'driscoll,odriscoll
o'fallon,ofallon
o'farrell,ofarrell
o'flaherty,oflaherty
o'flaherty,oflaherty
o'flynn,oflynn
o'gorman,ogorman
o'grady,ogrady
o'guin,oguin
o'guinn,oguinn
o'hagan,ohagan
o'hair,o'hare,ohair,ohare
o'hallaron,o'halloran,o'halloron,ohalloran
o'hanesian,ohanesian
o'hanian,ohanian
o'hanlon,ohanlon
o'hara,ohara
o'hara's,ohara's
o'harra,oharra
o'hashi,ohashi
o'haver,ohaver
o'hearn,o'hern,ohearn,ohern
o'herron,oherron
o'kane,okane
o'keefe,o'keeffe,okeefe,okeeffe
o'laughlin,olaughlin
o'lear,olear
o'leary,oleary
o'loughlin,oloughlin
o'mahoney,o'mahony,omahoney,omahony
o'malley,omalley
o'mara,o'meara,omara,omeara
o'marska,omarska
o'meara,omeara
o'mori,omori
o'neal,o'neil,o'neill,oneal,oneil,oneill
o'reilly,o'riley,oriley
o'roark,o'rourke,oroark
o'shaughnessy,oshaughnessy
o'shea,oshea
oak,olk
oak's,oakes,oaks,oaks',ochs
oakey,oaky,okey,oki,okie
oanh,own
oared,ord
oars,ores
oates,oats
oatis,otis
oba,ohba
obermeier,obermeyer
objection's,objections
observatories,observatory's
occuring,occurring
ocean's,oceans
ochs,ox
ochsner,oxner
oddi,oddy
ode,owed
oden,odin
odeon,odiaun
oder,odor,odour
odolf,udolf
odom,odum
oehler,ohler,oler
oehlke,oelke,olk
oehme,ohm
oehmen,ohman,ohmann,omen,ommen
oehmens,omens
oelman,ohlman,ohlmann
oelrich,ohlrich
off's,offs
off-limits,offlimits
off-line,offline
offen,often
offer's,offers
offering's,offerings
offering's,offerings
offerman,offermann
office's,offices
officer's,officers,officers'
official's,officials,officials'
og,ogg
ogborn,ogburn
ohl,ol',ole
ohlin,olin
ohlsen,ohlson,ohlsson,olsen,olson,olsson
ohm's,ohms
ohmer,omer
ohrt,ort
oi,oie,oy,oye
oil's,oils
ok,okay
ola,olah
oland,olund
olay,ole
old,olde
old's,olds
old-fashioned,oldfashioned
oldsmobile's,oldsmobiles
oldt,olt
olea,oley,ollie
olenick,olenik
oleson,ollison
oliff,olliff
olinger,ollinger
ollar,oller
olsen's,olson's
olshefski,olszewski
oltman,oltmann
olympiad,olympiads
olympic's,olympics,olympics'
olympus,olympus'
omaar,omar
on-line,online
on-screen,onscreen
onassis,onassis'
onassis,onassis'
one,won
one's,ones,ones'
one-time,onetime
one-year,oneyear
ooh,oooh,ou
oohs,ooohs,ooze
oona,una
op,opp
op's,ops
opal,opel,ople
opal's,opel's
opera's,operas
operation's,operations,operations'
operator's,operators
operators,operators'
oppenheimer's,oppenheimers
opperman,oppermann
opponent's,opponents,opponents'
opposition's,oppositions
option's,options,options'
oquin,oquinn
oracle's,oracles
oralie,orally,oreilly
oran,orran
orangutan's,orangutans
orangutan's,orangutans
orban,orben
orchestra's,orchestras
orcutt,orkut
order's,orders
orea,urrea
oren,orren
organisations,organization's
organism's,organisms
orick,orrick
orin,orrin
orioles,orioles'
orix,oryx
orlean's,orleans
orlean's,orleans,orleans'
orlich,orlick
ormand,ormond,ormonde
ormand's,ormond's
ormsbee,ormsby
orn,orne
ornella's,ornellas
orsborn,orsburn
orsborn,orsburn
orten,orton
orthodontist's,orthodontists
ortman,ortmann
osake,osaki
osbon,osbun
osborn,osborne
osbourn,osbourne,osburn
oscar,oskar
oscar's,oscars
osland,oslund
osman,osmon,ossman
osmond,osmund
osmun,ozmun
osterhoudt,osterhout
osterman,ostermann
ostermeier,ostermeyer
ostrom,ostrum
ostroski,ostrowsky
ot,otey
other,uther
other's,others,others'
ott,otte
otten's,ottens
otter's,otters
ouaga,waga
ouelette,ouellette
oui,we,wee,wiehe,wii
ouimet,ouimette
ourso,urso
ousley,owsley
out's,outs
out-mode,outmode
out-moded,outmoded
outboard's,outboards
outlet's,outlets
outsider's,outsiders,outsiders'
ovary,overy
overbey,overby
overdo,overdue
overley,overly
overnight,overnite
oversea,oversee
overseas,oversees
ovitt's,ovitz
owen's,owens
ownbey,ownby
owner's,owners,owners'
oxford's,oxfords
oxidative,oxydative
ozzie,ozzy
p,p.,pea,peay,pee
p's,p.'s,p.s,peas,pease,pees
p.m.,pm
paap,paape,pop,popp,poppe
paar,par,parr
paasch,posh
pac,pack,pak,paque
pac's,packs,pacs,pacts,pak's,pax
pace's,paces
paced,paste
pacing,pasing
package's,packages
packed,pact
packet,packett
packman,pacman
paco,payco,peco
pact's,pacts
paddack,paddock
paddies,paddy's
padget,padgett,padgitt
pae,pi,pie,pye
paean,peon
paeans,peons
paek,peak,peake,peek,pique
paetz,peat's,peet's,peets,peetz,peitz,pete's,pietz
page,paige
page's,pages
paget,pagett
pagoda's,pagodas
pahl,pall
pahnos,panos
paighton,payton,peyton
paign,pain,paine,pane,payne
paik,pake
pail,paille,pale
pails,pales
pains,panes
painter,paynter
painter's,painters
pair,pare,pear
paired,pared
pairing,paring
pairs,pares,pears
pais,paiz,pays,pei's
pait,pate
pal's,pals
palace,pallas
palace's,palaces
palace's,palaces
paladino,palladino
palansky,polanski,polansky
palate,palette,pallet,pallett
palates,pallets
palca,palka
palco,palko
palestinian's,palestinians
pall,paul,paule,paull,pol
pallo,palo
palm,palme
palm,palme
palmer,pommer
palonius,polonius
paluch,paluck
pamer,paymer
pan's,pans
pandit,pundit
panek,panic,panik
panel,pannell
panel's,panels,panels'
panetta,pinetta
panetta's,pinetta's
panic's,panics
pankki,panky
panko,pankow
panther's,panthers,panthers'
pao,pough,pow,powe
paoli,powley
pap,papp
papa,poppa
papal,paypal
paparazzi's,paparazzis
paper's,papers,papers'
paperboy's,paperboys
paquette,poquette
par's,pars
paradee,parody
parag,pirog
parc,park,parke
parcel,parsell
parcells,parcels
parch,partch
parchman,parkman
pardee,pardi,pardy
parden,pardon
pardo,pardoe
parella,parrella
parent's,parents,parents'
parente,parenti
pareti,paretti
parfums,perfumes
parillo,parrillo
paris,paris'
paris,paris',parris
parish,parrish,perish
parishes,parrishes
park's,parkes,parks,parks'
parker's,parkers
parlee,parley
parler,parlor,parlour
parliament's,parliaments
parretti,peretti
parrot,parrott
parry,perry
parsefal,parsifal
parshall,partial
parshley,partially
part,parte
part's,parts,parts'
part-time,parttime
partee,parti,party
parten,parton
participants,participants'
parties,parties',party's
partner's,partners,partners'
partnership's,partnerships,partnerships'
pas,paz
pascal,pascale
pasch,pask,pasque
paschal,paschall
paschen,passion
pasco,pasko
pasman,passman
paso,passow
passed,past
passenger's,passengers,passengers'
paster,pastor,pasztor
pasternack,pasternak
pastor's,pastors
pat,patt
pat's,pats,patz
patane,paton,patten,patton
paterson,patterson
patey,paty
path,pathe
patient's,patients,patients'
patin,pattin
patons,patten's,patton's
patriarch's,patriarchs
patrick's,patricks
patriot's,patriots
patrol's,patrols
pattee,patti,pattie,patty
patteson,pattison
patties,patty's
paugh,paw
paul's,paules,pauls,poehl's
pauley,pauli,paulie,pauly,pawley
paulick,paulik,pawlik
paulin,paullin
pauling,pawling
paulsen,poulsen,poulson
pause,paws
pautsch,pouch
pavelic,pavlic,pavlick,pavlik
pavilion,pavillion
pavlak,pawluk
pawelski,pawelsky
paxon,paxson
pay,paye,pei
pay'n,payan
paychecks,paychex
payer,payeur
payer's,payers,payers'
payload's,payloads
payroll's,payrolls
pazner,pozner
pc's,pcs
peace,pease,piece
peacemaker's,peacemakers
peach,piech,pietsch
peaches,piech's
peachey,peachy
peaden,peden
peaked,peeked,piqued
peakes,peakes',peaks,peaks',peeks
peaking,peeking,peking
peal,peale,peel,peele,peil,piehl,piel
pealer,peeler
pearce,peirce,pierce
pearcy,perkey,perky,pirkey,purkey
pearl,pearle,perl,perle
pearls,perls
pearlstein,pearlstine,perlstein
pearlstein,perlstein
pearly,perley
pearse,perce,pers,perse,purse
pearson,peerson,pierson
peart,pert,purt
peary,peery,pieri
peasants,peasants'
peaslee,peasley
peat,peet,peete,pete,piet,piette
peavey,peavy,peevey,peevy
pecanins,pecanins'
pech,peck
pechman,peckman
pecor,pekar
pedal,peddle
pedaled,pedalled,peddled
pedaling,peddling
pedaling,peddling
pedals,peddles
peddie,peddy
pedersen,pederson
pee-wee,peewee
peeples,people's,peoples,peoples'
peer,pier
peers,piers
peeters,peter's,peters,pieters
peg,pegg
peggie,peggy
peggs,pegs
pehl,pell,pelle
peifer,peiffer,pifer
peko,pico
peleponnesian,peloponnesian
pelerin,pellerin
pelfrey,pelphrey
pelham,pellum
pelican's,pelicans
pelkey,pelky
pell's,pels,pelz
pellet,pelot
pelts,peltz
pen,penh,penn
pen's,penh's,penn's,penns,pens,pens'
pena,penna
pence,pense
penick,pennick
peninger,penninger
penix,pennix
pennel,pennell
penney,pennie,penny
penney's,pennies,penny's
pentagon's,pentagons
pentagon's,pentagons
pepe,pepi,peppi,peppy
peper,pepper
pepin,peppin
peppard,peppered
peppel,pepple
pepper's,peppers
per,pere,pur,purr
peratis,peratis'
peratis,peratis'
perc,perk,purk
percell,purcell
percle,pirkl,pirkle
percs,perks
perdew,perdue,purdue
pereira,perera,pereyra
peres,peres',perez
performers,performers'
perine,perini
period's,periods
perkins,perkins'
perko,pirko
perkovic,perkovich
permanente,permenante
pernell,purnell
pero,perot
perot's,perots
perpetrator's,perpetrators
perreault,perro,perrow
perret,perrett,perritt
persall,pursel,pursell
perses,purses
pershing's,pershings
persley,pursley
person,persson
person's,persons
peru's,peruse
pervade,purveyed
perz,purrs
pesch,pesh
pesci,pesky
peso's,pesos
pet,pett
pet's,pets,petz
peta,pita
peter,pieter
peterman,petermann
petersen,peterson,pettersson
petersen's,peterson's
pethel,pethtel
petie,petit,pettee,pettey,petti,pettie,petty
petito,petitto
petitt,pettet,pettit,pettitt,pettitte
petr,petre,petter
petree,petrey,petri,petrie,petry,pettry
petrich,petrick,petrik
petro,petrow
petrone,petroni
petroski,petrowsky
petruccelli,petrucelli
petsch,petsche
pettersen,petterson,pettersson
petteway,pettway,petway
petteys,petties
peugh,pew,pugh
pews,pugh's,pughs
pflueger,pfluger
ph.d.,phd
pharaoh,pharoah
pharaohs,pharoahs
phebe,phoebe
phebus,phoebus
philip's,philipps,philips,philips',phillip's,phillipps,phillips,phillips'
philip's,philips
philippine,phillipine
philippines,philippines',phillipines
philips's,phillips's
philipson,phillipson
phillis,phyllis
philpot,philpott
phoney,phony
phosphorous,phosphorus
photo's,photos
photographer's,photographers
physician's,physicians
physicians,physicians'
piana,piano
pianist's,pianists
pianist's,pianists
piano's,pianos
piano's,pianos
piatt,pyatt,pyeatt
pic,pick,pik
picard,pickard
picchi,picky
piche,pitch,pitsch
picher,pitcher
pichler,pickler
picht,picked
pick-up,pickup
pick-ups,pickups
pickel,pickell,pickle,pikul
picken,picon
pickens,pickens'
pickeral,pickerel,pickerell
picket,pickett
pickrel,pickrell
picks,pix
picture's,pictures,pictures'
pieroni,pirrone
pierro,piro,pirro
pig,pigg
pig's,pigs
pigeon's,pigeons
piggee,piggy
piggott,pigott
pigmy,pygmy
pihl,pil,pill,pille
pike,pyke
pilate,pilot
pilate's,pilot's,pilots,pilots'
pile,pyle
piles,pyle's,pyles
pilgram,pilgrim
pilgrim's,pilgrims
pill's,pills,pilz
pillager's,pillagers
pillar,piller
pillard,pillared
pimm,pymm
pin,pinn
pinckard,pinkard
pinckney,pinkney
pincus,pinkus
pine,pyne
pineau,pinnow
pineo,pinneo
pines,pynes
ping-pong,pingpong
pinion,pinyan
pinkie,pinky
pinnochio,pinocchio
pioneer's,pioneers
pious,pius
pip,pipp
pipeline's,pipelines,pipelines'
piper,pyper
pirate's,pirates
pirtle,purtell,purtle
pistil,pistol
pit,pitt
pitcher's,pitchers
pitman,pittman
pitner,pittner
pits,pitt's,pitts,pitz
pittle,pytel
pittsburg,pittsburgh
pizazz,pizzazz
pizza's,pizzas
place's,places
placek,placzek
plack,placke,plaque
plack's,plaques,plax
plain,plane
plainer,planar,planer
plaines,plains,plane's,planes,planes'
plaino,plano
plaintiff's,plaintiffs,plaintiffs'
plaintiff's,plaintiffs,plaintiffs'
plait,plate
plaited,plated
plaiting,plating
plaits,plates
plan's,plans,plans'
planck,plank
planet's,planets
planner's,planners,planners'
plant,plante
plant's,plants,plants',plantz
plas,plass,plasse
platen,platten
platform's,platforms
platner,plattner
platt,platte
platts,platz
play's,plays
player's,players,players'
playwright's,playwrights
plaza's,plazas
plaza's,plazas
pleas,please,plese
plemmons,plemons
plessey,plessy
pletcher,pletscher
pleural,plural
plew,plue
plexiglas,plexiglass
plexiglas,plexiglass
pliler,plyler
plimpton,plympton
ploch,plock
plot,plott
plots,plotts,plotz
plouff,plouffe
plough,plow
ploughed,plowed
ploughs,plows
ploughshare,plowshare
ploughshares,plowshares
pluck's,plucks
plum,plumb
plum's,plums
plumber,plummer
plumlee,plumley
plunkett,plunkitt
plus's,pluses
po,poe,poh
poag,pogue
poch,pock
pocks,pox
pod's,pods
podolski,podolsky
poe's,pose,pows
poehl,pohl,pole,poll
poehl's,pohl's,poles,poll's,polls,pols
poehler,polar
poehlman,poelman,pohlman,pohlmann,pollman
poet's,poets
point,pointe
point's,points
pointer,poynter
poirier,poirrier
poke,polk
pokes,polk's
pokey,poky
polan,polen
polaroid's,polaroids
polaski,polasky
poley,poli
police's,polices
polich,pollick
policies,policy's
policyholder's,policyholders,policyholders'
poling,polling
polino,pollino
polinski,polinsky
polis,polus
politician's,politicians,politicians'
politics,politics'
pollack,pollak,pollock,pollok
pollack's,pollux
pollan,pollen
pollet,pollett,pollitt
polley,polly,poly
pollster,polster
polly's,poly's
pomerance,pomeranz
pond's,ponds
pont,ponte
pont's,ponts
pontiac's,pontiacs
pontiac's,pontiacs
poo,pooh,pou,pu
pooch,puche
pool,poole,poul
pool's,pools
pool-side,poolside
poolas,poulos
poor,poore
poor's,poors
poors,pores,pours
pop's,pops
popek,popik
poppell,popple
poppies,poppy's
populace,populous
por,pore,porr,pour
pored,poured
poring,pouring
porsche,portia
porsche's,porsches
port,porte
port's,ports,portz
porta,puerto
porter,puerto
porter's,porters
portfolio's,portfolios
poser,poseur
posner's,posners
posner's,posners
possehl,postle
post's,posts
post-mortem,postmortem
post-traumatic,posttraumatic
postel,postell
posten,poston
pot,pott
pot's,pots,potts
potato,potatoe
poteet,poteete
potter's,potters
pouliot,puleo
pound's,pounds
pousson,pusan
pouter,poutre,powter
power's,powers,powers'
powerpcs,powerpcs'
poyner,poynor
practice,practise
practiced,practised
practices,practises
praeger,prager
praise,prays,preys
prater,praytor
prats,pratt's
pratt,pratte
praun,prawn
pray,prey
prayed,preyed
prayer,preyer
praying,preying
pre,pree,pri,prix
pre-emptive,preemptive
pre-season,preseason
preacher's,preachers
preas,preis
prebble,preble
prebe,priebe
precede,preceed
precedes,preceeds
predecessor's,predecessors,predecessors'
predominantly,predominately
preece,priess
preen,prien
prefered,preferred
prehn,prenn
preiser,pricer
preiss,price,pryce
premier,premiere
premier's,premieres,premiers
prentice,prentiss
preppie,preppy
prescher,pressure
presidencies,presidency's
president's,presidents,presidents'
presler,pressler,preszler
presley,pressley,pressly
presnall,presnell,pressnell
press,press',presse
press's,presses
pressed,prest
presstek,prestech
pressure's,pressures
prestage,prestidge
preuss,pruess
prevatt,prevatte
prevette,privette
prew,pru,prue,prugh
prewett,prewitt,pruiett,pruitt
pri,pry
pribble,pribyl
price's,prices
prichard,pritchard
prichett,pritchett
pride,pried,pryde
prier,prior,pryer,pryor
pries,prize
priest's,priests
priestley,priestly
prig,prigge
prim,primm
prime's,primes
primeau,primeaux
prince's,princes
princess,princess'
princess's,princesses
principal,principle
principal's,principals,principles
prindl,prindle
prine,pruyn
prins,prinz
printer's,printers
printer's,printers
printing's,printings
printing's,printings
prints,printz
prioleau,priolo
priore,priori
priore,priori
priors,pryor's
prism,prizm
prison's,prisons
prisoner's,prisoners,prisoners'
prisoner's,prisoners,prisoners'
prissie,prissy
pritts,pritz
privatisation,privatization
pro's,pros,pros',prose
prob,probe
probe's,probes
problem's,problems
processor's,processors
proch,prock
prochaska,prohaska
prockter,procter,proctor
proctor's,proctors
prodigies,prodigy's
producer's,producers,producers'
product's,products
product's,products
production's,productions,productions'
production's,productions,productions'
production's,productions,productions'
prof.,professor
profession's,professions
professionals,professionals'
professor's,professors,professors'
proffit,proffitt,profit,profitt
profit,prophet
program,programme
program's,programs,programs'
programing,programming
prohibition's,prohibitions
project's,projects
project's,projects
prolog,prologue
prop,propp
proper,propper
properties,property's
proposal's,proposals
propps,props
proprietor's,proprietors
prosecution's,prosecutions
prosecutor's,prosecutors
prospect,prospekt
protein's,proteins
protesters,protesters',protestors
proton's,protons
prough,prow
provance,provence
prows,prowse
prus,pruss
prusha,prussia
psalm,saam,salm,som
psalter,salter,saulter
psalters,salter's,salters
psychiatrist's,psychiatrists
psycho-social,psychosocial
ptacek,toczek
ptak,tac,tack,tacke,tak
pty,tae,tai,thai,tie,ty,tye
public's,publics,publix
publically,publicly
publication's,publications,publications'
publisher's,publishers,publishers'
publishing's,publishings
pudgie,pudgy
pudgie's,pudgies
pullam,pullum
pullan,pullen
pulls,puls
pundt,punt
purchaser's,purchasers,purchasers'
purdham,purdom,purdum
purdie,purdy
pus,puss
push-up,pushup
push-ups,pushups
putnam,puttnam
putnam's,puttnam's
putts,putz
puzo,puzzo
pyhrric,pyrrhic
pyrenees,pyrenees'
quade,quaid
quail,quale,quayle
quails,qualls,quayle's,quayles
quake's,quakes
quaker's,quakers
quarter's,quarters,quarters',quarters's
quartet's,quartets
quarts,quartz
quattrocchi,quattrochi
queau,quo
queen's,queens
queena,quina
quel,quell
question's,questions,questions'
quicksilver,quiksilver
quietest,quietist
quillan,quillen,quillon
quin,quinn
quincey,quincy
quip,quipp
quirk,quirke
quiros,quiroz
ra,rah,raw,rha
raab,raabe,rob,robb,robbe
raab's,rob's,robb's,robbs,robs
raad,rod,rodd
raap,ropp
raatz,rots,rotz
rab,rabb
rabbit,rabbitt
rabble,rabel
raben,rabun
rabes,rabies
rabey,raby
rabi,robbie,robby
raborn,raburn
racal,rachal
race,rais
race's,races
racer,raysor
racette,rosette
racey,racy
rachad,rashad
rachael,rachel
rachelle,rochelle
rachford,ratchford
rack,rak,wrack
racked,wracked
racket,racquet
racking,wracking
rackliff,rackliffe
rackow,rasco,rockow,roscoe
racks,rax
raczynski,rucinski
rad,radde
rada,radha
radatz,raddatz
radbourn,radbourne
radcliff,radcliffe
rader,raider
radi,roddey,roddie,roddy
radich,radick
radio's,radios
radke,radtke
radner,radnor
rae,ray,raye,re,rea,reay,rey,wray
raeburn,rayborn,rayburn,reyburn
raeder,redder,reder,rehder
raedler,redler
rael,rail,raile,rayl,rayle,reil
raetz,reetz,rietz
raf,raff
rafael,raphael
rafe,raiff
raffel,raffle,raphel
raffi,rafi
rag,rague,wragg
ragain,ragen
ragan,reagan
rage,wrage
ragel,ragle
raggio,roggio
rago,roggow
raheem,rahim
rahm,ram,ramm
rahm,rom,romm
rahman,raman
rahn,ran,ranh,rann
raid,rayed
raider's,raiders,raiders'
raiford,rayford
raikes,rakes
rail's,rails,rales,rales'
railey,reiley,reilley
railroad's,railroads,railroads'
railway's,railways
raimer,ramer,raymer
raimo,ramo,raymo
raimond,raymond,raymund
rain,raine,rayne,reign,rein,reine
raina,reyna
raincoat's,raincoats
rained,reigned,reined
rainer,rayner,raynor
raines,rains,ranes,raynes,reigns,reines,reins
rainey,rainie,rainy,raney,reiney
raining,reigning,reining
raisa,raissa
raisch,reisch,reisz,riesh
raise,rase,ray's,rays,raze,re's,rea's,res
raised,razed
raiser,raisor,raser,rasor,razor
raisers,razor's,razors
raising,razing
rait,raitt,rate
raj,rodge
rakocy,rakoczy
raleigh,rawley,rollie
raley,rally
rall,raul,rawl
rallies,rally's
ralls,rawles,rawls
ralph's,ralphs
ralston,raulston
ramala,ramallah
raman,rayman,reyman
rambeau,rambo,rambow
ramel,rammel
ramesses,ramses,ramseys
ramon,ramone
rampey,rampy
ramsay,ramsey,ramzi
ramsey's,ramseys
ranck,rank,ranke
rancor,ranker
rand's,rands
randa,rhonda,ronda
randal,randall,randel,randle,randol
randi,randy
rando,rondeau
ranee,ranney
ranger's,rangers,rangers'
rani,ronnie,ronny
rans,ranz
ransom,ransome
ransom's,ransoms
ranson,ransone
rao,rau
rao's,rouse
raoul,raul
rap,rapp,rappe,wrap
rapaport,rapoport,rappaport,rappoport
rapist's,rapists
rapped,rapt,wrapped
rappelling,repelling
rapper,wrapper
rappers,wrappers
rapping,wrapping
raps,wraps
rare,reher
rasch,rasche,rash
rasheed,rashid
raskin,raskyn
rasmuson,rasmusson
raso,rossow
rat,ratte
rat's,rats,ratts,ratz
ratcliff,ratcliffe
rate's,rates
rateliff,ratliff,ratliffe
ratepayers,ratepayers'
rath,wrath
rathburn,rathburne
rather,wrather
rathman,rathmann
ratkowski,rutkowski
ratner,rattner
rauh,rawe
raup,raupp
rausch,roush
raut,rout,route,routt
rauth,roth
ravan,raven
ravenel,ravenell
rawson,rossen
raycraft,reycraft
raynard,reynard
razorback's,razorbacks
re,ree,reeh,rhee
reach,reeche
reactor's,reactors
read,reade,red,redd
read,reed,reid,ried,riede,wrede
read's,reads,reed's,reeds,reid's
readable,redouble
reader,reeder,reider,rieder
reader's,readers,readers',reeders,reiders,reiders',rieders,rieders'
reading,redding
reading,reding
readinger,reddinger,redinger
readout,redoubt
ready,reddy,redi
reagan,reagen,regan
reagan's,reagans,reagans'
reagan's,reagans',regan's
reagent,regent
reagents,regents
reagle,regal,reigle,riegel,riegle
reagor,reger,rieger
real,reel,riehl,riel
real-estate,realestate
reali,really,reily,rielly,riely
realisable,realizable
realisation,realization
realisations,realizations
realise,realize
realised,realized
realises,realizes
really,rylee
realtor's,realtors
realtor's,realtors
ream,reim,rheem,riehm
reamer,remer,riemer
reamer's,reamers
reames,reams,reims
reaney,reny,rini
reap,reep,riepe
rearden,reardon,riordan
reas,rees,reis,riese
rease,reece,reese,reise,rhys,riess
reaser,reasor,reeser,reesor,rieser
reaume,rheaume,room,roome
reaux,rheault,rho,ro,roe,roh,rohe,row,rowe,wroe
reave,reeve
reaver,reever
reaves,reeves,reeves',reves,rieves
reba,rebbe,riba
rebel's,rebels,rebels'
rebellion's,rebellions
rebello,rebelo
rebman,rebmann
rec,rech,reck,wreck
recht,wrecked
recipe's,recipes
recipient's,recipients,recipients'
recision,rescission
recisions,rescissions
reckard,record
recker,wrecker
recognise,recognize
recognised,recognized
recognises,recognizes
recognising,recognizing
recommited,recommitted
reconnoiter,reconnoitre
record's,records,records'
recoveries,recovery's
recruit's,recruits
recur,reker,rieker
recur,ricker
red-eye,redeye
red-eye's,red-eyes,redeyes
red-handed,redhanded
reddell,redel,redell
reddick,redic,redick
reddington,redington
reddish,redish
reddit,redditt
redeker,rediker
redfearn,redfern
redmann,redmon
redmond,redmund
reds,reds'
redskins,redskins'
reeb,riebe
reeb's,reebs,reebs'
reebok's,reeboks
reeck,reek,reick,rieck,riecke,riek,rieke,wreak
reedy,reidy,riedy
reef,reif,reiff,rief
reeg,rieg
reeking,wreaking
reeks,wreaks
reesjones,reesjones',rhys-jones
ref,reff,reph
refer,rougher,ruffer
referee's,referees
refering,referring
referred,rufford
reffett,reffitt
refiner's,refiners,refiners'
refineries,refinery's
reformers,reformers'
refuge's,refuges
refugees,refugees'
rega,riga
regester,register
reggy,regie
regime's,regimes
region's,regions
register's,registers
regulator's,regulators,regulators'
rehm,rem,remme,rhem
rehman,rehmann
rehnquist,renquist
reibel,ruybal
reich,reiche,rike
reich's,reicks
reichel,reichl,reichle
reicher,riker,ryker
reichman,reichmann
reidinger,ridinger
reier,reyer
reifel,rifle
reihl,rile,ruyle,ryle
reilly,riley,ryley,wryly
reilly's,riley's
reiman,reimann,ryman
reimer,rhymer,rimer,rymer
reinaldo,reynaldo
reindel,reindl
reiner,rhyner,riner,ryner
reiner's,reiners
reinertsen,reinertson
reinhardt,reinhart,rhinehardt,rhinehart,rinehardt,rinehart
reinheimer,rinehimer
reinstein,rheinstein
reiser,ryser
reisig,reissig
reisman,reissman
reiss,rice,wrice
reit,right,rite,wright,write
reitan,reiten
reiter,reitter,righter,riter,writer
reith,wreath
reitman,rietman
reitmeier,reitmeyer
reits,reitz,right's,rights,rights',rite's,rites,wright's,wrights,writes
relative's,relatives
relf,relph
rembrandt's,rembrandts
remi,remmy,remy
remic,remick
remolded,remoulded
remsberg,remsburg
remsen,remson
rena,rina
renard,rennard
renata,renate
renaud,reneau,ryno
rench,rentsch,wrench
rendall,rendell
rene,renee
renfro,renfroe
renick,rennick
rennie,renny
rens,renz
rents,rentz
reo,rio
rep,rep.
rep,repp
rep's,reps
report's,reports,reports'
report's,reports,reports'
reporter's,reporters,reporters'
repos,repose
representative's,representatives
representative's,representatives
republic's,republics
republica,republika
republican's,republicans,republicans'
republicans,republicans'
resch,resh
reseachers,researchers,researchers'
research's,researches
reserve's,reserves
reserve's,reserves
resident's,residents,residents'
resistance,resistence
resnick,reznick,reznik
reso,riso
reso,risso
reso,rizo
reso,rizzo
reso's,risso's
resolution's,resolutions
resort's,resorts,resorts'
resources,resources'
respondents,respondents'
ressel,wrestle
ressler,wrestler
rest,wrest
restaurant's,restaurants,restaurants'
restaurant's,restaurants,restaurants'
rested,wrested
resting,wresting
ret,rhett
retailer's,retailers,retailers'
retiree's,retirees'
retirement's,retirements
retirement's,retirements
returns,returns'
reuben,ruben
reul,reule,rhule,ruel,rule
reunite,riunite
reuss,ruess
reust,roost,ruest
reuter,reutter
reuter's,reuters,reuters',reuters's
reveler,reveller
revelers,revellers
revette,rivette
review's,reviews
reviewer's,reviewers
revolution's,revolutions
rew,rhew,rhue,rioux,roux,ru,rue
rex,wrecks
rexroad,rexrode,rexrodt
reynolds,reynolds'
rhea,ria
rhein,rhine,rhyne,rine
rheta,rita
rhin,rihn,rinn,rinne
rhines,rhynes,rines,rynes
rhoad,rhode,road,rode,roed,rohde,rowed
rhoades,rhoads,rhodes,road's,roades,roads,rodes
rhoda,roda,rohde
rhoden,roden,rowden
rhody,roadie,roady,rodi,rody
rhome,roam,roehm,rohm,rolm,rome
rhone,roan,roane,roen,rone
rhoney,roney,roni,rowney,rowny
rhorer,rohrer,rorer
rhoten,rhoton,rotan,roten,rowton,wroten
rhoto,roto
rhude,rood,roode,rude,ruud
rhudy,rudi,rudie,rudy,ruedy
rhyme,rime
rhymes,rimes
riad,riyad,riyadh
rials,riles,ryles
ribka,rybka
ric,rick,ricke
rica,ricca
rican,rieken
ricardo,riccardo
ricco,richco
rich,riche,ritch
rich's,riches
richard,richerd
richard's,richards,richards'
richert,rickert
richey,richie,ritchey,ritchie
richner,rickner
rick's,ricks,rix
rickard,rikard
rickels,rickles,rickles'
rickets,ricketts
rickey,ricki,rickie,ricky,rikki
rickman,ryckman
rico,ricoh
rico's,ricoh's
riddell,riddle,rydell
rideau,rideaux
riden,ryden
rider,ryder
rider's,riders,ryder's
ridgely,ridgley
ridgeway,ridgway
riedel,riedl
rieman,riemann
ries,rise
riff,riffe
riffed,rift
riffel,riffle
rig,rigg
riggan,riggen
riggle,wriggle
riggs,rigs
riggsbee,rigsbee,rigsby
right-hand,righthand
right-handed,righthanded
rigor,rigueur
riker's,rikers
rinck,rink,rinke
ring,ringe,wring
ring's,rings
ringel,ringle
ringer,wringer
ringgold,ringold
ringing,wringing
rintel's,rintels,rintels'
rion,ryan,ryen,ryon
riots,riots'
rip,ripp,rippe
rippee,rippey,rippy
rippel,ripple
risc,risk,riske
risch,rish
risden,risdon
riser,rizer,rizor
rishel,rishell
riske's,risks
risley,wrisley
riss,risse,rys
rist,wrist
riston,wriston
ritcey,ritzy
ritchey's,ritchie's
ritenour,rittenour
ritenour's,rittenour's
ritner,rittner
ritt,writ
rival's,rivals,rivals'
river's,rivers
riverboat's,riverboats
riyad,riyadh
roach,roache,roche
roadway,rodeway
roald,rolled
roams,rome's,romes
roanna,rona,wrona
roar,roehr,rohr
roark,roarke,rork,rorke,rourk,rourke
roars,roehrs,rohrs
roat,rote,wrote
robak,robuck,roebuck
robards,roberds
robben,robin
robberson,roberson
robbie's,robby's
robbin,robin,robyn
robbins,robin's
robel,roble,wrobel
rober,roeber
robert's,roberts,roberts'
robey,robie,roby
robichaud,robichaux,robicheaux
robin's,robins,robins'
robinett,robinette
robinson's,robinsons,robinsons'
roblee,robley
robling,roebling
robot's,robots
robot's,robots
roc,roch,rock,rocke,rocque
roca,rocha,roka
roche,roesch
rochlin,rocklin
rock's,rocks,rox
rockefeller's,rockefellers
rocket's,rockets
rockey,rocky
roddick,rodick
rodefer,rodeffer
rodenberg,rodenburg
roder,roeder
roderick,rodrick
rodger,roger
rodgers,roger's,rogers,rogers'
rodmond,rodmund
roedel,roedl
roehl,roell,roelle,rohl,rol,role,roll,rolle
roehling,rohling,roling,rolling
roehrich,rohrich,rorick
roehrig,rohrig
roeland,rohland,roland,rowland
roeller,roller
roemer,rohmer,romer
roeper,roper
roes,roh's,rohs,rose,row's,rowe's,rowes,rows
roese,rowse
roeser,roser,rowser,rozar
roeske,roske
roesler,roessler
roesler,roessler
roesner,roessner
rog,rogge
rogal,rogel
rogala,rogalla
rohan,rowan,rowen
roher,rower
rohlf,rolf,rolfe,rolph
rohlfs,rolfes,rolfs
rohlman,rollman
rohman,roman,romann
rohrbaugh,rohrbough
rohwedder,rohweder
roi,roy,roye
roil,royle
roister,royster
roister's,royster's
rokahr,rokar
rolan,rolen,rolon
roles,roll's,rolls,rowles
rolette,rollet,rowlette
roley,rollie,rolly,rowley,rowlie,rowly
rolin,rollin'
rolison,rollison,rollyson
rolland's,rowland's,rowlands
rolley,rolli
rollins,rollins'
rom's,roms
romain,romaine
roman's,romans
romanoff,romanov
romeo's,romeos
ronan,ronen
rong,wrong
roof,ruef,rueff,rufe
roofer,rufer
rook,rooke
room's,rooms
roone,rune
roop,roope,roupe,rupe
roos,roose,rues,ruse
roosa,russa
roosevelt's,roosevelts
roosevelt's,roosevelts
root,route
rooted,routed
rooter,router,rueter,ruiter,ruter
rooters,routers
rooting,routing
roots,routes,ruetz
roper's,ropers
rorie,rory
ros,ross
rosa,roza
rosa's,rosas
rosalee,rosalie
rosalind,rosalynd
rosan,rosen
rosanne,roseanne
rosch,rosh
rose's,roses
roseboro,roseborough
rosel,rosell
rosella,rozella
roselli,rosselli
rosenberg,rosenburg
rosenberg's,rosenbergs
rosenbloom,rosenblum
rosencrans,rosenkrans
rosenkrantz,rosenkranz
rosensteel,rosenstiel
rosetti,rossetti
rosey,rosie,rosy
rosier,rozier
rosin,rozen
rosine,rossini
rosinski,rosinsky
roslin,rosslyn
rosner,rossner
ross,ross',rosse
rossi,rossie
rossman,rossmann
rosson,rosten
roszkowski,ruszkowski
rot,rott
rothschild's,rothschilds
rotman,rottman,rottmann
rouble,rubel,rubell,ruble,ruebel,wrubel
rough,ruf,ruff
roughing,ruffing
rought,wrought
rouleau,rullo
roulette's,roulettes
round's,rounds
rouse,rousse
rouser,rouzer
rousseau,russo
roussel,roussell,rousselle
rouyn,ruin
rover's,rovers
roxana,roxanna
roxie,roxy
roy's,roys
royal,royall
royal's,royals,royals'
royce,royse
royce's,royces
royden,roydon
rozell,rozzell
rube,rueb
rubies,ruby's
ruble's,rubles
ruck,wruck
ruckel,ruckle
rucks,rux
rud,rudd
ruddell,ruddle,rudell
ruddick,rudich
rudi's,rudis,rudy's
rudnick,rudnik
rudnicki,rudnicky
rueth,ruth
ruether,ruther
rufo,rufow
rug,rugg
rugh,ruh
ruhnke,runck,runk
rule's,rules
ruley,rulli
ruling's,rulings
rumage,rummage
ruman,rumen
rumbling's,rumblings
rumbling's,rumblings
rumer,rumor,rumour
rummel,rummell
rumors,rumours
rumpel,rumple
run's,runs
run-down,rundown
runckel,runkel,runkle
rund,runde
rundall,rundell,rundle
rung,wrung
runnells,runnels
runner's,runners
runnion,runyan,runyon
rupp,ruppe
rus,russ,russe
rusch,rusche,rush
rush's,rushes
rushes,russia's
rusnak,rusnock
russel,russell,rustle
russel's,russell's
russet,russett
russian's,russians,russians'
russler,rustler
russom,russum
rust's,rusts
rusty's,rustys
rut,rutt
rutger's,rutgers,rutgers'
ruth-ann,ruth-anne,ruthann
ruts,rutts,rutz
ruttan,rutten
rwandan's,rwandans
rwandan's,rwandans
ryal,ryall
ryan's,ryans
rye,wry,wrye
ryton,written
saab,sob
saab's,sobs
saad,sod
saal,sahl,sol,soll
saar,sar
saari,sari,sorry
saba,sabah
sabatista's,sabatistas,sabatistas'
sabena,sabina
saber,sabir,sabre
sabers,sabres
sabertech,sabortech,sabretech
sac,sack,sak
sachs,sachs',sacks,sacs,saks,sax,saxe
sachs,socks,sox
sachs's,saks's
sackman,sackmann
saco,seiko
saddam,suddam
saddam's,suddam's
saddler,sadler
saddling,sandling
sader,seder
saenz,scenes
safeties,safety's
saffell,saffle
saffer,safir
saffran,saffron,safran
sahli,solley,sollie,solly
sahm,sam
saiki,seiki,seki
sail,sale,salle,sayle
sailer,sailor,sayler,saylor,seyler,seyller
sailing,saling
sailor's,sailors,sailors',saylors
sails,sale's,sales,sales',sayles
sain,saine,sane,seine
saint,st
saint's,saints,saints'
sais,saiz
saitta,seita
sake's,sakes
sako,soco
salable,saleable
salamon,salomon
salas,salaz,sallas
salemme,salim
salinas,salinas',selena's,selinas
salinas,salinas',selinas
salinas's,selinas's
salinger's,salingers
salisbury,salsbury
salk,sauk
sall,saul
sallee,salley,sallie,sally
sallies,sally's
sallis,salus
salls,salz,sauls
salman,salmon,sammon
salmans,salmons,sammons
salo,solow
salsberry,saulsberry,saulsbury
salt,sault
saltsman,saltzman
saltzburg,salzberg,salzburg
salvador,salvatore
salzberg,salzburg
salzman,salzmann
sam's,samms,sams
sama,somma
same,sejm
same's,sames
sameer,samir
samet,sammet
sami,sammie,sammy
samper,sampre
sample's,samples
sampras,sampras'
sampsel,sampsell
samurai's,samurais
sanction's,sanctions,sanctions'
sand,sande
sand's,sands
sandage,sandidge
sandahl,sandall
sandberg,sandburg
sandel,sandell
sander,sandor
sandi,sandie,sandy
sandinistas,sandinistas'
sando,sandow
sandos,sandose,sandoz
sandt,sant
sang,tsang
sankei,sankey
sanna,santa
sannes,sans,sanz
sanson,sansone
santa,sante
santer,santor
santi,santy
santo,santow
santone,santoni
sao,sow,tsao
sap,sapp
sara's,sarah's,serra's
sarajevan's,sarajevans
sarajevo,sarejevo
sarajevo's,sarejevo's
sare,sayre,sehr,serr
sarene,serene
sarette,surette,surrette
sargeant,sargent,sergeant,sgt
sari's,saris
sarney,sarni
sarro,sorrow
sas,sass,sasse
sassi,sassy
sassnet's,sassnets
satan's,satans
satellite's,satellites
sater,satter
sato,satoh
satterlee,satterly
saturday's,saturdays
saturday's,saturdays
saturn's,saturns
sauce,soss
sauceda,sauseda
saucer,sausser
saud,sawed
saudi,sawdey,sawdy
saudis,saudis'
saudis,saudis'
sauer,sour
sauers,souers,sours
saum,somme
saunders,saunders'
saur,soar,sor,sore
saus,sause,saws
savage,savidge
savanna,savannah
save's,saves
saver,savir,savor,savr
savers,savors
savery,savory
savich,savitch
savier,savior
savings,savings',savings's
savior's,saviors
sawtell,sawtelle
sawyer's,sawyers
saxon's,saxons
sayad,siad
sayer,seyer
sayiid,sayyid
scaff,skaff
scaffidi,scafidi
scaggs,scags,skaggs
scala,skala
scallan,scallon
scandal's,scandals
scandia,skandia
scanlan,scanlon
scar,skaar
scarcella,scarsella
scare,skare
scarecrow's,scarecrows
scarf,scarff,scharfe
scary,skerry
scates,skates
scene,seen
sceptic,skeptic
sceptics,skeptics
sceptre,septer
schaack,schoch,schock,shaak,shock
schaad,shod
schaadt,schott,shot,shott,szot,szott
schaal,scholl,sholl
schaap,schopp,schoppe,shop,shoppe
schaar,schar,scharr
schaber,shaber
schack,shack,shaq
schad,shad,shadd
schade,shade
schadel,shadel
schaden,shadden
schader,shader
schadt,shatt
schaedler,schedler
schaedler,schedler
schaefer,schafer,schaffer,shaefer,shafer,shaffer
schaeffer,scheffer,shaeffer,sheffer
schaeffler,schaffler
schaff,shaff
schaffner,shaffner
schairer,scheirer,shirer
schake,shaik,shaikh,shake
schall,shaul,shaull,shawl
schaller,shawler
schalow,shallow
schamberger,shamberger,shamburger
schamel,shamel
schamp,shamp
schanck,schank,shank
schaner,shaner
schantz,shantz
schapp,shap,shapp
schappell,shappell
scharer,scherrer,sharer,sherrer
scharf,scharff,sharf
scharp,sharp,sharpe
scharrer,sharrer
schattner,shatner
schatz,shatz
schaub,shaub
schauble,schobel
schauer,shower
schaul,scholle
schave,shave
schear,scheer,shear,sheer,shere
schechter,schecter
scheck,sheck,shek,szczech
scheckel,shekel
scheel,scheele,schiel,schiele,she'll,shiel
scheeler,scheler,sheeler
scheerer,scherer,shearer,sherer
scheets,scheetz,sheats,sheets,sheetz
scheffler,sheffler
scheib,scheibe
scheid,shied
scheidler,shidler
scheidler,shidler
scheier,schier,shier
schein,shein,shine,shyne
scheinberg,sheinberg
scheiner,shiner
schellenberger,shellenberger
schellhammer,shelhamer
schellhorn,shellhorn
schemel,schemmel
schena,sheena,shena,shiina
schenck,schenk,shenk
schenker,shenker
schepp,shep,shepp
scher,schur,schurr,sher,shir,shirr,shur,shurr
scherf,scherff
schering,scheuring,schuring
schering,sharing
scherman,schurman,sherman
schermer,schirmer,shermer
schertz,shirts,shurtz
schetter,shetter
schettler,shetler
scheuerman,scheuermann
schiavone,schiavoni
schick,shick
schiefer,schieffer,sheaffer
schield,shield
schiemann,shimon
schieren,shearon,sheeran,shirin
schiff,shiff
schiffer,shiffer
schiffler,shiffler
schiffman,shiffman
schildt,schilt
schill,shill
schiller,shiller
schilling,shilling
schilling's,schillings,shillings
schiltz,shilts
schimek,shimek
schimmel,shimel,shimmel
schindel,shindle
schindler,shindler
schindler's,shindler's
schinkel,shinkle
schipper,shipper
schippers,shipper's,shippers
schisler,schissler,shisler
schisler,schissler,shisler,shissler
schism,scism
schlee,schlie
schlenker,shlenker
schlesinger,schlessinger
schlicher,schlicker
schlicht,schlict
schmahl,schmoll
schmidt,schmit,schmitt
schmidt's,schmitz
schmooze,shmooze
schmoozing,shmoozing
schneberger,schneeberger
schneider,schnider,schnieder,schnyder
schneider's,schneiders,schneiders',schnieders,schnyder's
schneier,schnier
schnell,schnelle
schnur,schnurr
schober,shober
schobert,shobert
schoeck,szoke
schoeller,scholer,sholar
schoemaker,schomaker,shomaker
schoen,schone,shone,shown
schoeneman,schoenemann
schoepe,schoepf,schoepp,shope
schoff,shoff
schofield,scofield
scholar's,scholars
scholes,scoles
scholtes,scholtz,shoults,shoultz
scholz,scholze,shoals,sholes
schomberg,schomburg
schon,shon,xan
schook,shook
school's,schools,schools'
schor,schorr,shor,shore,shorr
schorn,shorn
schorr's,shore's,shores
schott's,shatz,shots,shotts
schrader,shrader,srader
schraeder,shredder
schram,schramm,sram
schrank,shrank
schreck,shreck,shrek
schreffler,shreffler
schreiber,schriber,shreiber,shriber
schreier,schrier,schryer
schreiner,schriner,shreiner,shriner
schremp,schrempp
schriver,schryver,shriver
schroader,schroder,schroeder
schrock,shrock,srock
schroders,schroeder's
schroff,shroff
schroyer,shroyer
schrum,shrum
schtick,shtick
schubert,shubert
schuch,schuck,shuck
schuchman,schuchmann,schuckman,shuchman
schueler,schueller,schuler,schuller,shular,shuler
schueneman,schuenemann
schuerman,schuermann
schuett,schuette,scoot
schuff,shuff
schuhmacher,schumacher,schumacker
schuhmann,schuman,schumann,shuman
schul,schull
schuld,should
schulenberg,schulenburg
schult,schulte
schultes,shults
schultz,schulz,schulze,shultz
schum,schumm,shum
schumaker,shewmaker,shoemaker,shoumaker,shumaker
schumer,shumer
schumpert,shumpert
schunk,shunk
schupp,shupp
schut,schutt,shut,shutt
schutte,scutt,skutt
schutter,shutter
schutz,shuts,shutts
schuur,shure,sure
schwahn,schwan
schwaiger,schweiger
schwalb,schwalbe
schwartz,schwarz,schwarze,swartz
schwartzkopf,schwarzkopf
schwartzkopf,schwarzkopf
schwartzman,schwarzman
schweickert,schweikert
schwenk,schwenke
science's,sciences,sciences'
scientific's,scientifics
scientist's,scientists,scientists'
scilla,scylla,sylla
scimone,simone
scobee,scobie
scobey,scoby
scoff,skoff
sconc,sconce
sconiers,sconyers
scor,score
scot,scott
scots,scott's,scotts
scotten,scotton
scottie,scotty
scout's,scouts
scovel,scovil
scovell,scovill
scow,skow
screw-up,skrew-up
scribner's,scribners
scrip,scripp
scripp's,scripps,scripts
scrivener,scrivner
scull,skull
sculley,scully
scurdall,skirdall
seaberg,seaburg
seaberry,seabury
seabert,siebert
seabold,seebold,siebold
seabrook's,seabrooks
seaga,sega
seager,seeger,segar,seger,sieger
seagle,seagull,segal,segel,seigal,seigel,seigle,siegal,siegel,siegell,siegle
seago,sego
seagram's,seagrams,seagrams'
seagull's,seagulls,siegel's
seal's,seales,seals
sealer,sieler
sealey,sealy,seeley,seely,seley
seam,seem,siem
seaman,seamen,seamon,seeman,seemann,seman,semen,siemon
seaman's,seamans,seamen's,seamons,semans,siemens,siemens's
seams,seems,siems
seamus,shamus
seamy,simi
sean,shaun,shawn
sean's,shawn's
seaq,seek,sieck,siek,sikh
searfoss,surface
searl,searle
searle's,searles,searls,sirles
sears,sears',sears's
season's,seasons
seat's,seats
seato,sito
seaton,seeton,seton
seaver,seever,siever
seavers,seevers,sievers
sebby,sebi
seber,seeber,sieber
sechler,seckler
sechrest,sechrist,secrest,secrist
seco,seko
second's,seconds
secret's,secrets
secretaries,secretary's
sect's,sects
section's,sections
sector's,sectors
securities,securities',security's
sedam,sedum
sedge,sege
sedgewick,sedgwick
sedlack,sedlak,sedlock
sedlar,sedler
seeberger,seeburger
seegars,seegers,segers
seegert,siegert
seeker's,seekers
seeks,seix,sikhs
seep,seip,seipp,sepe
seers,seres,siers
segment's,segments
segue,segway
seguin,siegan
seib,siebe
seibel,sible
seid,seide,side,sighed,syed
seidel,seidell,seidl,sidell,sidle
seiden,sidon
seiders,siders,siders',syders,syders'
seidler,sidler
seier,sire
seif,seife
seige,siege
seigel,sigle
seigler,siegler
seigler,sigler
seiler,siler,syler
seim,sime,syme
sein,sign,sine
seipel,siple
seiter,seitter
selden,seldon
seles,seles'
self,selph
self's,selfs
self-defence,self-defense
self-destruction,self-destructs
selies,selies'
seligman,seligmann
selin,sellin
selinger,sellinger
selk,selke
sell-out,sellout
selleck,sellick
sellen,sellon
sellman,selman,selmon
sellner,selner
selvage,selvidge
selwin,selwyn
sema,sima
semel,semmel
semiconductor's,semiconductors
semiconductor's,semiconductors
semiconductor's,semiconductors
semler,semmler
sen,senn,senne
sena,senna
senate,sennet,sennott
senate,sennett
senator's,senators,senators'
senecal,senechal
senf,senff
seng,tseng
senior,sr
senor,signor
seo,seow
seoul,sohl,sol,sole,soul,sowle
seoul's,soles,souls,sowles
serafina,seraphina
serafine,serafini,seraphine
serb's,serbs,serbs'
serbia's,serbias
serbian's,serbians
serco,sirko
serfs,surf's
serge,surge
sergei,sergey
sergey,sergi
seria,syria
sermon,sirman,sirmon,surman
sermons,sirmans,sirmons
serpent's,serpents
serv,serve
servais,survey
servants,servants'
service,servis,serviss
service's,services,services'
services,services'
sesler,sessler
session's,sessions,sessions'
sessoms,sessums
set,sette
set-up,setup
set-ups,setups
seti,setty
settlement's,settlements
settlemire,settlemyre
settlers,settlers'
seven's,sevens
seventies,seventy's
sew,so,sough,sow,tso
sewall,sewell
sewed,sowed
sewing,sowing
sewn,sown
seymore,seymour
sh,shh
sha'ath,shaath
shackleton's,shackletons
shaddock,shadduck
shady,sze-di
shai,shy
shaiken,shaken
shain,shaine,shane,shayne
shakur,shocker
shana,shanna
shanahan,shannahan
shangkun,shanken
shankel,shankle
shanti,shanty
shapero,shapiro
shapiro's,shapiros
shara,sharaa
sharansky,shcharansky
sharar,sharrar
shareholder's,shareholders,shareholders'
shari,sharry
sharon,sharron
sharon,sherron
sharp's,sharps
sharpie,sharpy
sharpies,sharpy's
sharpley,sharply
shauna,shawna
she,shi,shieh,shih,sze,xi
sheahan,sheehan
shealey,shealy,sheeley,sheely,sheley
shear's,shears
sheard,sheared
shearin,sheerin
sheck's,shek's
shed,shedd
sheeks,sheik's,sheiks
sheela,sheelah,sheila,sheilah
sheen's,sheens
sheep's,sheeps
shehan,shehane
shelden,sheldon
shell's,shells
shellac,shellack
sheller,shelor
shelley,shelly
shellman,shelman
shemanski,szymanski
shepard,sheperd,shephard,shepheard,shepherd,sheppard,shepperd
shepard's,shepherd's,shepherds,sheppard's,sheppards
sherard,sherrard
sherborne,sherburn,sherburne
sherbourn,sherbourne
sherick,sherrick
sheriff,sherriff
sheriff's,sheriffs
sherin,sherrin
sherk,shirk
sherley,shirlee,shirley,shirlie,shurley
sherod,sherrod
sherri's,sherry's
sherrit,sherritt
shewmake,shoemake,shumake
shia,shiah
shield's,shields
shifflet,shifflett,shiflet,shiflett
shimon,shimone
shin,shinn
shing,xing
ship,shipp
ship's,shipp's,shipps,ships,ships'
shippee,shippey,shippy
shipyard's,shipyards
shira,shirah
shirell,shirelle
shirleen,shirlene
shit's,shits
shiveley,shivley
shoaf,shoaff
shobana,shobanna
shobana's,shobanna's
shoberg,sjoberg
shoe's,shoes
shoemate,shumate
shoop,shoup,shoupe,shupe
shooter's,shooters
shop's,shoppes,shops
shopkeeper's,shopkeepers
shopper's,shoppers,shoppers'
short,shortt
short-lived,shortlived
short-sighted,shortsighted
short-term,shortterm
shorts,shorts',shortz,shortz'
shostak,szostak
show's,shows,shows'
shramek,sramek
shreeve,shreve
shrewsberry,shrewsbury
shri,sri
shucks,szucs
shuey,shui
shugart,shughart
shumsky,szumski
shurtleff,shurtliff
shuttle's,shuttles
sibbie,sibby
sibert,sybert
sibil,sibyl
sibilla,sybilla
sibille,sibyll,sybil,sybille
sic,sick
sichel,sickel,sickle
sickels,sickles
sickly,siklie
sid's,sids
siddall,siddell,siddle
siddens,siddons
side's,sides,sides'
sidney,sydney
siegman,siegmann
sierra's,sierras
siew,sioux,soo,su,sue,suu
sig,sigg
sigel,sigl
sighs,size,tsai's
sight-seer,sightseer
sigma,sygma
sigman,sigmon
sign's,signs,sines
signal's,signals
signaled,signalled
signaling,signalling
signer,sinar,siner,sinor
sikes,sykes
sikora,sykora
sikorski,sikorsky
sil,sill
silkey,silky
sillman,silman
silva's,silvas
silveira,silvera
silver's,silvers
silverthorn,silverthorne
silvester,sylvester,sylvestre
silvey,silvi,silvie,sylvie
silvia,sylvia
silvio,sylvio
sim,simm,sym
simard,simmered
simco,simcoe,simko
simeon,simeone,simian
simes,symes
similac,similack
similar,simler
simington,symington
simmon,symon
simmon's,simmons,simmons',symons
simmonds,symmonds,symonds
simms,sims,sims',symmes,symms,syms
simon's,simons
simoneau,simoneaux
simonet,simonette
simonsen,simonson
simpson,sympson
simpson's,simpsons,simpsons'
sin,sinn,syn
sind,sinned
sing,singh
sing's,singh's,sings
singel,single
singer's,singers
singletary,singleterry
singley,singly
sinnott,synnott
sip,sipp
sipe,syp
siphon,syphon
sippel,sipple
sir,sur
siren,syron
siri,sirri
sisemore,sizemore
sison,sisson
sister,sr
sister's,sisters
sitenski's,sitenskis
sitler,sittler
sits,sitts,sitz
sittin',sitton
situation's,situations
sitzman,sitzmann
siverson,syverson
sivertsen,sivertson,syvertsen
six's,sixes
sixteen's,sixteens
sixties,sixty's
sizable,sizeable
skains,skeins
skalski,skalsky
skeat,skeet,skeete
skeen,skene
skees,skis
skelley,skelly
skewes,skews
skies,sky's
skiles,skyles
skin's,skins,skins'
skip,skipp
skipjack's,skipjacks
skipper's,skippers
skolnick,skolnik
sky,skye
skylight,skylite
skylights,skylites
slaght,slat
slain,slaine,slane
slaten,slayton
slater,slayter,sleator
slater's,slaters
slaton,slatten,slatton
slaugh,slaw
slavic,slavik
slavonia,slovonia
slavonia,slovonia
slay,sleigh
slayden,slaydon
sled,sledd
sleds,sledz
sleeter,sliter
sleight,slight
sligh,sly,slye
slivinski,sliwinski
sloan,sloane,slone
sloat,sloate
slocomb,slocum,slocumb,slokum
sloe,slow
slot,slott
sluts,slutz
slutsky,slutzky
sluyter,slyter
smail,smale
smart,smartt
smart-ass,smartass
smelcer,smelser
smelley,smelly
smelter's,smelters
smilie,smillie,smylie,smyly
smith,smyth
smith's,smiths
smithee,smithey
smoak,smoke
smoker's,smokers,smokers'
smokey,smoky
smolinski,smolinsky
smuggler's,smugglers,smugglers'
smugglers,smugglers'
snackwell's,snackwells
snail's,snails
snake's,snakes
snap,snapp
snapple's,snapples
snead,sneed
snedden,sneddon
sneider,snider,snyder
snelgrove,snellgrove
sniper's,snipers,snipers'
snout's,snouts
snow,snowe
snow's,snows
snowball's,snowballs
snowden,snowdon
so's,sows
soap,sope
soard,soared,sword
soars,sores
sobel,sobil,soble,sobol
sobil's,sobils
socal,sokol
soccer,sochor
socci,sochi
socha,socia
socialists,socialists'
societies,society's
sock,sok
soda's,sodas
soden,sowden
soder,soeder,sowder
soderberg,soderbergh
soens,sones
soerensen,sorenson
sofia,sophia
sohn,sonn,sonne
sohns,sons'
soifer,soiffer
soil's,soils
sojka,soyka
solace,solis
solaman,solomon
solan,solon
solar,soler
soldier's,soldiers,soldiers'
soley,soli,solie
sollars,sollers
somalia's,somalias
somalia's,somalias
some,sum
somer,sommer,summar,summer
somers,summer's,summers,summor's
somerville,summerville
somes,sums
something's,somethings
sommerfield,summerfield
son,sun
son's,sons,sun's,suns
son-in-law,sons-in-law
sonat,sonnett
song's,songs
soni,sony
sonia,sonja
sonnenberg,sonnenburg
sonny,sunny
sonrise,sunrise
sood,sued
soon,suen
sooner's,sooners
soos,sous,sues
sooy,suey,sui,tsui
sop,sopp
sophie,sophy
sorce,source
sorel,sorell,sorrel,sorrell,surrell
sorely,sorlie
sorrell's,sorrells,sorrels,surles
sorter,sortor
sot,sought
sotello,sotelo
sound's,sounds
soup's,soups
sources,sources'
sousa,souza
sousa's,souzas
souter,suiter,suitor,suter,sutor
south's,souths
souther,suther
southerland,sutherland
southers,suthers
souto,suto
sovereign,sovran
sovereigns,sovran's,sovrans
soviet's,soviets,soviets'
spacial,spatial
spack,spak
spade,spaid,spayd,spayde,spayed
spahn,spawn,spohn
spahr,spar,spohr
spalding,spaulding
span,spann
span's,spans
spaniel,spaniol
sparc,spark
sparkes,sparks
sparrow,spero
sparrows,speros
spate,speight
spates,speights
spats,spatz
spaugh,spaw
spaur,spore
spay,spey
speagle,speegle,spegal,spiegel
speak,speake
speaker,spieker
speaker's,speakers
speakes,speaks
spear,speer,speir
spears,speirs
speas,spease,spees,spiess
spec,speck
special's,specials
specialists,specialists'
specialities,specialties
species,species'
specks,specs
specter,spector,spectre,spektr
specter's,spektr's
spectrum's,spectrums
speelman,spielman,spielmann
speich,spike
speicher,spiker,spyker
speidel,spidle
speier,spier
speigner,spigner
spelling's,spellings
spellman,spelman
spence,spens
spencer,spenser
spencer's,spencers,spenser's,spensers
sperl,sperle
sperling,spurling
spicey,spicy
spidel,spidell
spider-man,spiderman
spies,spy's
spight,spite
spilde,spilled
spill's,spills
spillman,spilman
spindel,spindle
spinner's,spinners
spiraling,spiralling
spirit's,spirits
spiro's,spiros
spitler,spittler
spits,spitz
spivack,spivak,spiwak
splain,splaine
split,splitt
spoarer,sporer
spoleto,spoletto
sponseller,sponsler
sponsor's,sponsors
sport's,sports,sports'
spots,spotts
spouse's,spouses
spring,spurring
spring's,springs
sprinkel,sprinkle
sprint's,sprints
sproul,sprowl
sproule,sproull,spruell,spruiell,spruill
sprouls,sprowls
spud's,spuds
spur,spurr
spurgeon,spurgin
squad's,squads
squiers,squires
st,street,streett
st-clair,st-claire
st-denis,st-dennis
st-germain,st-germaine
st-john,stjohn
staab,stobbe
staack,stock,stocke,stokke
staal,stahl,stolle
staar,star,starr
staar's,star's,starr's,starrs,stars,stars'
staat,stott
staats,stotts,stotz
stac,stack
stac's,stacks
stacey,stacie,stacy
stade,staid,stayed
stadium's,stadiums
staehle,stale
staff,staph
staff's,staffs
stag,stagg
stahler,stollar
stahley,stahly
stahnke,stank,stanke
staiger,steiger,stiger
stailey,staley
staines,stains
stair,stare,stehr,sterr
stairs,stares
stake,steak
stake's,stakes,steaks
stake-out,stakeout
stalcup,stallcup
stalin,stollen
stam,stamm
stan,stann
stanard,stannard
stanberry,stanbury
stancil,stancill
stanco,stanko
stand-by,standby
stand-up,standup
standard's,standards
standefer,standifer
stander,standre
standlee,standley
stangl,stangle
stankevich,stankovich
stanley,stanly
stansberry,stansbury
stansel,stansell
starbird,starboard
starbuck's,starbucks
starck,stark,starke
starckmann,starkman
stark's,starkes,starks
starnes,starns
start-up,startup
start-ups,startups
stary,sterry
stasney,stasny
state's,states,states'
statement's,statements
staten,staton,statton
stater's,staters
statin's,statins
station's,stations,stations'
stationary,stationery
statistics,statistics'
stats,statz
statute's,statutes
stauff,stoff
stauffer,stoffer
stauffer's,stoffers
stayer,steyer
steadman,stedman
steagall,steagle
steal,steel,steele,steil,stiehl
stealer,steeler
stealey,steeley,steely
steals,steel's,steels
stear,steer,steere
stearn,stearne,stern,sterne,stirn,sturn
stearns,stern's,sterns
steber,steeber,stieber
stec,stech,steck
stecher,stecker
stechler,steckler
steckley,stekly
steeb,steib
steed's,steeds
steeg,steig,stieg
steege,stege
steelmaker's,steelmakers
steelworkers,steelworkers'
steen,stene
steenbergen,steenburgen
steever,stever
steeves,steve's,steves
stefa,stepha
stefan,stephane
stefani,stefanie,stephani,stephanie,stephany
stefanic,stefanik
steffan,steffen,stephan
steffe,steph
steffel,stefl
steffens,stephans,stephens
steffensen,steffenson
steffey,steffi,steffie,steffy
stegar,steger
stegeman,stegemann
stegman,stegmann
stehling,stelling
stehman,stemen
steidl,steidle
steier,stier,styer
stein,stine,styne
stein's,steines,stines
steinbach,steinbock
steiner,stiner
steinhardt,steinhart
steinman,steinmann,stineman
stell,stelle
stellar,steller
stellmach,stelmach,stelmack
stem,stemm
stemler,stemmler
stempel,stemple
step,stepp,steppe
stephanopoulos,stephanopoulos'
stephen,steven
stephen's,stephens,steven's,stevens,stevens'
stephenson,stevenson
steppes,steps
sterett,sterrett
sterk,sturc
sterling,stirling
sterling's,stirling's
sterman,sturman
stermer,sturmer
stetler,stettler
steuber,stoiber
steuck,stueck
steuer,stoyer
steuver,stuver
steve,stieve
steveson,stevison
stew,stu,stuewe
stew's,stews
steward,stuard
stewart,stuart
stewart's,stuart's,stuarts
stewed,stude
stich,stitch
sticka,stika
stickel,stickle
stickels,stickles
sticks,styx
stiers,styers
stifel,stiffel
stihl,stil,still,stille
stile,style
stiles,styles
stills,stils
stillson,stilson
stillwell,stilwell
sting's,stings
stir,stuhr
stober,stoeber
stock's,stocks,stocks'
stockade's,stockades
stockbroker's,stockbrokers,stockbrokers'
stockholders,stockholders'
stockley,stokley
stoeckel,stoeckle
stoecker,stoker
stoehr,stohr,store,storr
stoeltze,stoltz
stoermer,stormer
stofer,stouffer
stohl,stol,stole,stoll
stohler,stolar,stoler,stoller
stoldt,stolt,stolte
stolp,stolpe
stolz,stolze
stone's,stones,stones'
stonecipher,stonecypher,stonesifer
stoney,stony
stoop,stoup
stoots,stutes
stop-gap,stopgap
storch,storck,stork
store's,stores,stores',storrs,storz
storey,storie,story
stories,story's
storm's,stormes,storms
storts,stortz,stuart's
stoudt,studt
stouffer,stuffer
stouffs,stuff's,stuffs
stough,stuff
stout,stoute
stow,stowe
stowaway's,stowaways
strack,stracke
straddling,stradling
strahm,straum,strom,stromme
straight,strait,strate,streight
straighter,strater
straights,straits
strand,strande
stranger's,strangers
strasberg,strasburg,strassburg
strasburger,strassburger
strategies,strategy's
stratman,stratmann
straub,straube
straughn,strawn
straus,strause,strauss,strouse
strauser,strausser
stray,strey
streaker,strieker
streater,streeter,strieter
street's,streets
strehl,strehle
strehlow,strelow
streiber,strieber
streich,strike
streicher,streiker,striker,stryker
streiff,strife
streit,strite
strike's,strikes,strikes'
striker's,strikers,strikers'
strip's,strips
strobel,stroble,stroebel
stroh,strow
strohl,strole,stroll
strohm,strome
strohmaier,strohmeier,strohmeyer
strohman,stroman
stroop,stroope,stroup,stroupe
strothers,struthers
strub,strubbe
strubel,struble
structure's,structures
struggle's,struggles
struts,strutz
stub,stubbe
stubbs,stubs
stuck,stucke
stuckey,stucki,stucky,stukey
studds,studs
student's,students,students'
studies,study's
studio's,studios,studios'
stueve,stuve
stults,stultz
stum,stumm
stump,stumpe,stumpp
stumpf,stumpff
stunts,stuntz
stupar,stupor
sturdevant,sturdivant
sturgell,sturgill
stutsman,stutzman
stutts,stutz
sub's,subs
sub-way,subway
subcommander's,subcommanders
subcommittee's,subcommittees
subject's,subjects
subjects,subjects'
subjects,subjects'
submarine's,submarines
subscriber's,subscribers,subscribers'
subsidiaries,subsidiaries',subsidiary's
subtle,suttle
suburb's,suburbs
subway's,subways
suc,suck,suk
succor,sucker
such,sutch
sucre,sueker
suda,tsuda
sudberry,sudbury
suddath,sudduth
suede,swayed
suess,suisse,swiss
sugar's,sugars
suhr,suhre,suire
suit,suitt
suit's,suits
suite,sweatt,sweet,swete
suites,sweets
suitor's,suitors
sukey,suki
sulcer,sulser
sulek,sulik
sulfate,sulphate
sulfur,sulphur
sullie,sully
sullivan's,sullivans
sultan,sulton
sultan's,sultans
suma,summa
sumerlin,summerlin
summey,summy
summit,summitt
sund,sunde
sundae,sunday
sundae's,sunday's,sundays
sunday,sundy
sunday's,sundays
suni,sunni,suny
sunlight,sunlite
superbowl's,superbowls
superintendant,superintendent
superintendant,superintendent
superintendent's,superintendents
superregionals,superregionals'
supervalu,supervalue
supervisor's,supervisors,supervisors'
supplier's,suppliers,suppliers'
supplies,supply's
suprisingly,surprisingly
surgeon's,surgeons
surrealism's,surrealisms
surrealism's,surrealisms
surrey,surry
survey's,surveys
surveyor's,surveyors
survivor's,survivors
sus,suss
susann,susanne,suzanne
susanna,suzanna
susette,suzette
susie,susy,suzy
susie's,suzy's
suskind,susskind
susman,sussman
suspect's,suspects,suspects'
sutcliff,sutcliffe
sutfin,sutphin
suv's,suvs
svenson,svensson
swafford,swofford
swailes,swails,swales
swain,swaine,swayne
swan,swann
swanger,swonger
swann's,swans
swap,swapp
swaringen,swearengin,swearingen,swearingin
swarts,swartz
swasey,swazi
sways,swayze
sweaney,sweany,sweeney,sweeny
sweat,swett
sweatman,sweetman
sweats,swetz
sweazy,sweezey,sweezy
sweden,sweeden
sweeten,sweeton
swensen,swenson
swerling,swirling
swift's,swifts
swigert,swygert
swinburne's,swinburnes
swindall,swindell,swindle
swoop,swoope
symphonies,symphony's
syndicate's,syndicates
synergies,synergy's
system's,systems,systems'
t,t.,te,tea,tee,ti
t'ang,tang
t's,t.'s,t.s,teas,tease,tees
tab,tabb
taber,tabor
table's,tables
tableau,tableaux
tacey,tacy
tacked,tact
tackett,tackitt
tacks,tax
tacky,taki
taco,tocco
tacoma's,takoma's,takomas
tad,tadd
tae,tay
tafel,taffel
taff,taffe
tag,tagg,tagge
taggart,taggert
tail,tale
tailor,tayler,taylor
tailors,taylor's,taylors
tails,tales
tait,taite,taitt,tate
tal,tolle
talarico,tallarico
talbot,talbott
talbot's,talbots,talbott's
talerico,tallerico
taliban's,talibans
talk's,talks
talkie,talky
tall,taul,tol
tallant,tallent
talley,tally
tallmadge,talmadge
tallo,tallow
tallon,talon
tam,tamm
tamburo,tamburro
tami,tammie,tammy
tan,tann
tanen,tannen
tanenbaum,tannenbaum
tani,tawny
tania,tanya,tonya
tank,tanke
tank's,tanks
tansey,tansy,tanzi
tap,tapp,tappe
tape's,tapes
tappan,tappen
tar,tarr
tara,terre
tara's,taras
tara's,terra's
tardif,tardiff
target,turgut
target's,targets
tarleton,tarlton
tarpey,tarpy
tarry,teri,terri,terrie,terry
tart,tarte,tartt
tartar,tarter
tartikoff's,tartikoffs
tasch,tash
taster's,tasters
tatiana,tatjana
tauer,tower
taught,taut
taurus,torras
taverna's,tavernas
tavie,tavy
tax's,taxes,taxes'
taxi's,taxis
taxpayer's,taxpayers,taxpayers'
teac,teak
teacher's,teachers,teachers'
teagarden,teegarden
teague,teig,tigue
teahan,teehan
teal,teale,teall,teel,teele
team,teem
team's,teams,teams',teems
teaming,teeming
teamster's,teamsters,teamsters'
teaney,teenie,teeny
tear,teer
tear,terre
teare,tier
tearle,turrell,turrill
teat,teet
teater,teeter,teter
teats,teets,tietz
tec,tech,teck,tek
tech's,techs,teck's,tex
technical's,technicals
technician's,technicians
technologies,technologies',technology's
technophobe's,technophobes
teddie,teddy
tedmond,tedmund
teed,tiede
teena,tina
teenager's,teenagers
teeter's,teeters,teters
tegtmeier,tegtmeyer
teheran's,teherans
teherani's,teheranis
tehran's,tehrans
tehrani's,tehranis
teich,tike,tyke
teichman,teichmann
teitel,title
tel,tell
tele,telly
telecom,telekom
telecom's,telecoms,telekom's
telecommunications,telecommunications'
telecommuter's,telecommuters
telephone's,telephones
telescope's,telescopes
telesis,telesis'
telestrator,telustrator
television,tv
television's,televisions
telfer,telfor,telfour
teller's,tellers
telles,tells
tempel,temple
templar,templer
templars,templers
temple's,temples
ten,tenn
ten's,tens
tenant,tennant,tennent
tenant's,tenants,tenants'
tenenbaum,tennenbaum
tener,tenner,tenor
tengelmann,tenglemann
tenney,tenny
tennison,tennyson
terence,terrance,terrence
teresa,theresa
teresa,theresa
teresa's,theresa's
teresa's,theresa's
terese,terry's
terkel,turkel
term's,terms
terman,turman
tern,ternes,terns,turns
terrain,torain
terral,terrel,terrell,terrill
terrorists,terrorists'
tesch,tesh
tesler,tessler
tessie,tessy
test's,testes,tests,tests'
tester,testor
tet,tete
tew,thuy,to,too,tu,tue,two
texan's,texans
texas,texas'
texas',texas's
texter,textor
thach,thatch
thacher,thacker,thakkar
thackston,thaxton
thagard,thaggard
thai's,thais,ties
thain,thaine,thane,thayne
thank's,thanks
thao,thau,thou
tharp,tharpe
thatcher's,thatchers
thayer's,thayers
the,thee
theall,theel,thiel,thiele
theater,theatre
theater's,theaters,theatre's,theatres
thebeau,thibault,thibeau,thibeaux
thede,thiede
thee's,these
theil,theile
their,there,they're
theirs,there's
theisen,theissen
theme,thiem,thieme
theories,theory's
theories,theory's
theory,thierry,thiery,thiry
therapist's,therapists,therapists',therapists's
theriault,therriault
therm,thurm
thibodeau,thibodeaux
thielemann,thielman
thieman,thiemann
thiesen,thiessen
thieves,thieves'
thing's,things,things'
think's,thinks
thinkin,thinkin'
thinnes,thins
third's,thirds
thirties,thirty's
this,this'
tho,though
thoele,thole
thoen,thone
thom,tom
thoma,toma
thomas,thomas'
thomas',thomas's,thomases
thomason,thomassen,thomasson
thomason,thomassen,thomasson
thompkins,tomkins
thompkins,tompkins
thompsen,thompson,thomson,tomson
thompsen,thompson,tompson
thompson's,thompsons
thompson's,thompsons,thomson's
thoreau,thorough
thormond,thormund
thorn,thorne
thorn's,thorns
thornberg,thornburg,thornburgh
thornberry,thornbury
thornberry's,thornberrys,thornbury's,thornburys
thornburg's,thornburgh's,thornburghs,thornburgs
thorndike's,thorndikes
thornsberry,thornsbury
thoro,thorough
thorp,thorpe
thorsen,thorson
thorsten,torsten
threatt,threet
three's,threes
threw,through,thru
thrift's,thrifts,thrifts'
thrifts,thrifts'
throes,throws
throne,thrown
throughway,thruway
thul,thull
thum,thumb,thumm
thuman,thumann
thurman,thurmon
thurner,thurnher
thursday's,thursdays
thursday's,thursdays
thurstan,thurston
thyssen,tyson
thyssen's,tyson's,tysons
tibbets,tibbetts,tibbits,tibbitts
tibbie,tibby,tibi
tic,tick
tice,tyce
ticket's,tickets
tickner,ticknor
ticks,tics
tide,tied
tide's,tides
tidings,tydings
tiedeman,tiedemann
tieing,tying
tieman,tiemann
tifft,tift
tigar,tygar
tiger,tyger
tiger's,tigers,tigers'
tigges,tiggs
tighten,titan
tightens,titans
tilda,tilde
tiles,tilles
tiley,tylee
tilghman,tillman,tillmon,tilman
tilley,tillie,tilly
tillson,tilson
tim,timm,timme
tim's,timbs,timms,tims
timan,timon
timber,timbre
time's,times,times'
time-out,timeout
timmeny,timoney
timmer,timur
timmerman,timmermann
timmie,timmy
tindal,tindall,tindel,tindell,tindle,tindol,tyndall
tine,tyne
tiner,tyner
tines,tynes
tinney,tinny
tip,tipp
tippets,tippetts
tippett,tippit,tippitt
tippie,tippy
tipps,tips
tire,tyer
tires,tyers,tyres
tirey,tyree
tisch,tish
tisch's,tish's
tischer,tisher
tischler,tishler
tisdel,tisdell
titsworth,tittsworth
tittel,tittle
to-do,todo
to-dos,todos
toad,toed,towed
toal,toelle,tole,toll
toalson,tolson
toast,toste
tobacco's,tobaccos
tobar,tober
tobey,tobie,toby
tobin,towbin
tod,todd
today,two-day
today's,todays
today's,todays
toe,tow,towe
toeing,towing
toes,tows
toilet's,toilets
tokars,tokarz
tokio,tokyo
tolan,tolen
tolar,toler,toller,towler
told,tolled
toles,tolles,tolls
toliver,tolliver
tollefsen,tollefson
tolleson,tollison
tom's,toms
tomasetti,tomassetti
tomasi,tomassi
tomasic,tomasik
tomasine,tomasini
tomaso,tomasso
tomato,tomatoe
tomato,tomatoe
tomatoes,tomatos
tomatoes,tomatos
tombs,toombs
tommie,tommy
tomorrow's,tomorrows
tomorrow's,tomorrows
ton,tonne
toney,toni,tonie,tony
tongue,tung
tongues,tung's
tonight,tonite
tonnes,tons
tony's,tonys
toohey,tuohy
took,tooke
tool,toole,tuel,tuell,tuyle
tooley,tulley
toomer,tumor
toon,toone,tune
toops,toups
toot,toote,tuite
tootal,tootle
tootsie,tutsi
top,topp
topics,topix
topography,typography
topor,topper
topps,tops
tor,tore,torr,torre
toray,torray
torey,tori,torie,torrey,torry,tory,towry
torgersen,torgerson
torian,torreon
tories,tories'
tornado's,tornadoes,tornados
torno,tornow
torpedoes,torpedos
torrance,torrence
torres,torrez
tort,torte
total's,totals
totaled,totalled
totaling,totalling
totten,totton
touch,tuch
touchet,touchette
tough,tuff
toughed,tuft,tufte
tour,ture
tour's,tours
touring,turing
tourney,turney
tousey,tussey
towel,towle
towels,towle's
tower's,towers,towers'
town,towne
town's,townes,towns
townsel,townsell
township's,townships
toy,toye
toy's,toys,toys'
trac,track,trak
tracer,tracor
tracey,traci,tracie,tracy,treacy
tracht,tracked,tract
track's,tracks,trax
tracor,trecker
tractable,tractebel
tracz,troche
tradable,tradeable
trade's,trades
trade-off,tradeoff
trade-offs,tradeoffs
trader's,traders,traders'
trading's,tradings
traeger,tregre
trailer,traylor
trails,trails'
trailways,trailways'
train,trane
train's,trains
trainer,trainor,traynor
tramel,trammel,trammell
tramp,trampe
tranquility,tranquillity
transaction's,transactions
transferable,transferrable
transfered,transferred
transfering,transferring
transmitter's,transmitters
transou,transue
trap,trapp,trappe
trauth,troth
trautman,trautmann,troutman
trautner,troutner
trautwein,troutwine
traveled,travelled
traveler,traveller
traveler's,travelers,travelers',travellers
traveling,travelling
traveling,travelling
travolta's,travoltas
tray,tre,trey
treadway,tredway
trease,trees,treese
treasurer's,treasurers
treasuries,treasury's,treasurys
treaties,treaty's
trela,trella
trembley,trembly
tremel,treml,tremmel
tressel,trestle
treu,trew,trieu,true
tri,trie,try
tri-state,tristate
triad's,triads
trial's,trials
triangle's,triangles
tribbey,tribby
tribble,trible,tribull
tribe's,tribes
tribute's,tributes
triche,tritch,tritsch
tricia,trisha
tricia's,trisha's
trickel,trickle
trickey,tricky
trig,trigg,trygg
trim,trimm
trinka,trnka
trip,tripp,trippe
trip's,tripp's,trips
triple,trippel,tripple
trippie,trippy
trixie,trixy
troika,troyka
trolinger,trollinger
troll's,trolls
trombley,trombly
troop,troup,troupe
troop's,troops,troops',troupe's,troupes
trooper's,troopers,troopers'
trot,trott
trout,troutt
troxel,troxell
trubey,truby
trucco,truicko
truck's,trucks,trucks'
truckers,truckers'
trudeau,trudo
trudie,trudy
truett,truitt
trulock,truluck
trumble,trumbull
trump's,trumps
trus,truss
trust's,trusts,trusts'
trustee,trusty
trustee's,trustees,trustees'
tsongas,tsongas'
tsongas,tsongas'
tub,tubb
tubbs,tubs
tuchman,tuckman
tucks,tuks,tux
tuesday's,tuesdays
tuesday's,tuesdays
tuesday's,tuesdays
tullar,tuller
tulloch,tullock
tumbler,tumblr
tumbler's,tumblers,tumblr's
tumey,tummy
tuminello,tumminello
tums,tums'
tunnel,tunnell
tunnel's,tunnels
tunney,tunny
turban,turben
turbo,turbot
turchin,turchyn
turck,turk
turco,turko
turi,turri
turkey's,turkeys
turn-out,turnout
turo,turow
turtle's,turtles
tusla,tuzla
tut,tutt
tutsi's,tutsis
tv's,tvs
tweedie,tweedy
twenties,twenty's
twenties,twenty's
twichell,twitchell
twig,twigg
twiggs,twigs
twins,twins'
twister's,twisters
two's,twos
two-thirds,twothirds
tycoon's,tycoons
u.k.,uk
u.n.,un,yuen
u.s.,us
u.s.a.,usa
ufo's,ufos
uhl,ul
uhler,uhlir
uhlman,uhlmann
ukrainian's,ukrainians
ullman,ullmann,ulman
ullmer,ulmar,ulmer
ullyses,ulysses
ulric,ulrick
ultranationalist's,ultranationalists
uma,yuma
umbel,umble
unabom,unabomb
unabomber's,unabombers
uncle's,uncles
underlie,underly
underwriter's,underwriters,underwriters'
undo,undue
ungar,unger
unicom,unikom
union's,unions,unions'
unisys,unisys'
unit's,units,units'
universities,university's
unrue,unruh
unsalable,unsaleable
unshakable,unshakeable
up,upp
up's,ups
up-front,upfront
updike,updyke
urbain,urbane
ure,yoor,you're
urey,uri,urie,ury
uric,urich
ursie,ursy
use,yous
user's,users,users'
usery,usury
usrey,usry
utilities,utilities',utility's
v,v.,ve,vee,vi
v's,v.'s,v.s,vees
vaal,vahl,voll,volle
vaca,vacca
vacationers,vacationers'
vaccine's,vaccines
vaeth,veith
vail,vaile,vale,valle,veil
vain,vane,vein,veyne
vajda,vida,wajda,weida
valda,walda
valdes,valdez
valek,walek
valenta,walenta
valente,valenti
valentine's,valentines
valerie,valery,vallery,valoree
vales,valles,veils
valis,vallis
valleau,veilleux
vallee,vallely,valley,valli
valley's,valleys
valu,value
values,values'
vampire's,vampires
van,vann
vana,vanna
vanamburg,vanamburgh
vanatta,vannatta
vancampen,vankampen
vandam,vandamme
vandenberg,vandenbergh,vandenberghe,vandenburg,vandenburgh
vanderberg,vanderburg
vanderwal,vanderwall
vanderwerf,vanderwerff
vandine,vanduyn,vanduyne,vandyne
vandyck,vandyk
vanes,veins
vaness,vanous
vanfossan,vanfossen
vanhooser,vanhoozer
vanhorn,vanhorne
vanleer,vanliere
vanloo,vanlue
vanmeter,vanmetre
vannater,vannatter
vanni,vannie,vanny
vannorman,vanorman
vannostrand,vanostrand
vansciver,vanskiver
vansickel,vansickle
vantage's,vantages
vantassel,vantassell
vanvleet,vanvliet
vanwey,vanwhy,vanwie
vanwyck,vanwyk
varity,verity
varnado,varnadoe
varney,varni
varo,vero
vary,verri,verry,very
vasey,vassey
vasko,wasko,waskow
vasquez,vazquez
vassal,vassel
vassar,vasser,vasseur
vassily,wassily
vaughan,vaughn,von
vaughan's,vaughn's,vaughns
vaught,vought
vause,voss
vayda,veda
veach,veatch,veech
veal,veale,viel,viele
veasey,veazey,veazie
veasley,vesely
veen,vien
veer,vere
veers,viers
vega,veiga
vehicle's,vehicles
vela,vella
velarde,velardi
velasquez,velazquez
veley,velie
vena,vina
venard,vennard
vendor's,vendors,vendors'
venn,venne
venous,venus
venter,ventre
venters,ventres
venture's,ventures,ventures'
verbal,verble
verde,verdes
verdon,verdun,virden
verge,virge
vergil,virgil
verit,verrett
verities,verity's
verizon's,verizons
vermilion,vermillion
vermilya,vermilyea
vern,verne
verna,virna
verner,vernor
vers,verse
verses,versus,vs.
vertz,virts
vesel,vessel,vessell
vesey,vessey
vessel's,vessels
vestar,vester
vet,vette
veteran's,veterans,veterans'
veterans,veterans'
vetere,vetter
veto,vito
vetoes,vetos
vi,vie,vy
vial,viall
viau,vieau
vic,vick,vik
vic's,vicks
vicar,vicker
vicars,vickers
vicary,vickery
vice,vise
vickey,vicki,vickie,vicky
victim's,victims
victim's,victims,victims'
victor,viktor
victor's,victors
victoria's,victorias
vide,vied
video's,videos
vieira,vieyra
viertel's,viertels
view,vue
viewer's,viewers,viewers'
viger,vigor
vigneau,vigneault
viking's,vikings
villa's,villas
village's,villages
villars,villers
vinal,vinyl
vineyard,vinyard
vinick,vinik,vinnick
vinick's,vinik's,vinnick's
vinnie,vinny
violeta,violetta
violett,violette
violist's,violists
violist's,violists
vip's,vips
virgin's,virgins
virus's,viruses
visa's,visas
vision's,visions
visitor's,visitors,visitors'
vista's,vistas
vita,vitae
vitali,vitaly
vitek,witek
vittetoe,vittitow
vivian,vivien,vivienne
vocs,vox
voegele,vogel
voelker,volcker,volker
voeltz,volts,voltz
voelz,voles,volz
vogt,vote
vohs,vos
voice's,voices
voight,voigt,voit
voiles,voyles
voinovich,voynavich
voland,volland
volcano's,volcanoes,volcanos
volcker's,volkers
volkman,volkmann
volkmar,volkmer
volkswagen's,volkswagens
vollmar,vollmer
voltage's,voltages
vonnie,vonny
voorhees,voorhies
vorhees,vorhies
vosberg,vosburg,vosburgh
vosler,vossler
vosler,vossler
vote's,votes
voter's,voters,voters'
vous,vu
vowels,vowles
voyager's,voyagers
vulcan's,vulcans
w,w.
w's,w.'s,w.s
wa,waah,wah
waack,walk,wok
waal,wahl,woll,wolle
waas,wah's,was
wach,watch
wachs,walks
wack,whack
wacker,whacker
wacko,wako,whacko
wackos,whackos
wacks,wax,whacks
wacksman,waxman
wacksman's,waxman's
waddie,waddy,wadi
wade,waid,waide,weighed
wade's,wades
wadle,wodel
waechter,wechter
wafer,waifer
wafford,wofford
wag,wagg
wag's,wags
wagener,waggener,waggoner,wagoner
waggy,wagy
wahle,wal,wall,walle
wahlen,wollen
wahler,woller
wai,why,wye,y,y.
waibel,weibel,wible,wyble
waidelich,weidlich
waigel,weigel,wigle,wygal
wail,wale,weyl,whale
wailes,wails,wales,wales',whale's,whales
wailing,whaling
wain,wane,wayne
wainer,waner
wainright,wainwright
wainscot,wainscott
wais,way's,ways,weighs
waist,waste
waists,waste's,wastes
wait,waite,waitt,wayt,weight,whate
waite's,waites,waits,weights
waited,weighted
waiter's,waiters
waiting,weighting
waitman,weightman,weitman,whiteman,wightman
waive,wave
waived,waved
waiver,waver
waives,waves
waiving,waving
wake-up,wakeup
wakeley,wakley
wal-mart,walmart
wala's,walas
walborn,walburn
walcot,walcott
wald,walde,walled
walden,waldon
waldenbooks,waldenbooks'
waldholtz,waldholz
waldo,waldow
waldoch,waldock
waldren,waldron
waldrep,waldrip,waldrup
waldroop,waldroup
waleed,walid
walen,whalen
walgren,wallgren
walinsky,wilensky
walk,walke
walk-in,walkin'
walker's,walkers
wall's,walles,walls,walz
wall-e,walley,wallie,wally
wallace,wallis
wallach,wallack,walloch
wallar,waller
wallich,wallick
wallo,wallow
wally,whaley
walmart's,walmarts
walser,walzer
walter's,walters,walters'
walton's,waltons
walts,waltz
wamble,womble
wamboldt,wambolt
wanamaker,wannamaker
wanda,wonda
wandel,wandell
wanek,waynick
wanes,wayne's
wang,whang
wank,wanke,wonk
wannabe,wannabee
wannabees,wannabes
wanta,wante
wants,wantz
wapping,whopping
war,warr,woehr,wor,wore
war's,wars,wars'
ward,warde
ward's,wards
warden's,wardens,wardens'
ware,wear,wehr,werre,where
warehime,wehrheim
warehouse,wearhouse
wareing,waring,wearing
wares,warez,wears,where's
warf,wharf
warily,wearily
warley,whorley
warlock's,warlocks
warn,warne,worn
warncke,warnke
warnecke,warneke,warnick
warner,woerner,worner
warner's,warners
warnes,warns
warren's,warrens
warsaw's,warsaws
warton,wharton
wary,werry,wery,wherry
wasil,wassel,wassell
wasp's,wasps
wass,wuss
wassom,wassum
water's,waters
waterman,watermen
watkins,watkins'
watt's,watts,watz
wattenberg,wattenburg
wauters,wouters
waverley,waverly
way,waye,wei,weigh,wey,whey,wy
wayland,weyland
wayman,weyman
we'd,weed,wied
we'll,weil,wheel
we'll,wil,will,wille
we're,weir
we're,were
we're,wier
we've,weave
weak,week,weick,weik,wieck
weakley,weakly,weekley,weekly
weaks,week's,weekes,weeks,weeks'
wean,wein,wien
weapon's,weapons,weapons'
wearer,where're
wearever,wherever
weary,wiry
wease,weese,wheeze,wiese
weather,whether
weather's,weathers
weatherbee,weatherby,wetherbee
weatherington,wetherington
weatherly,wetherly
weathington,wethington
weaver,wever
weaver's,weavers
weavil,weevil
web,webb
webb's,webbs,webs
webber,weber,webre
webber's,weber's,webers
website's,websites
webster's,websters
wechsel,weksel
wechsler,wexler
wed,wedd,wehde
weddell,weddle,wedel,wedell
wedding's,weddings
wedgewood,wedgwood
wednesday's,wednesdays
wednesday's,wednesdays
weeber,wieber
weech,wiech
weeden,weedon,wieden
weedman,wiedeman,wiedemann,wiedman,wiedmann
weekend's,weekends
weeklies,weekly's
weesner,wiesner
wegman,wegmann
wehe,weihe
wehlan,wellen,whelan
wehler,weller
wehling,welling
wehmeier,wehmeyer
wehner,wenner
wehrli,wehrly
wehrman,wehrmann
weiand,wyand
weich,wike,wyke
weichel,weikel,wikle,wykle
weichert,weikert
weicker,weiker,wiker
weideman,weidemann,weidman,weidmann,wideman
weider,wider
weier,weyer
weigandt,wygant
weigl,weigle,wiegel
weil,weill,while,wile,wyle
weil's,weill's,whiles,wiles,willes,wyles
weiland,wiland,wyland
weild,wheeled,wield
weild,wild,wilde,wylde
weiler,wiler,wyler
weiman,weimann,wiman,wyman
weimer,wimer,wymer
weinberg,weyenberg,wineberg
weiner,whiner,wiener,winer,wyner
weininger,wineinger,wininger
weinman,weinmann,wineman
weins,wiens
weintz,weintz'
weir's,wiers
weirich,weirick
weis,weiss,weisse,wice
weisberg,weissberg
weise,wiess
weisel,wisel
weisenberger,weisenburger
weisenborn,weissenborn
weiser,weisser
weisinger,weissinger
weisman,weismann,weissman,weissmann
weizman,wiseman
welborn,welborne
welch,welsh
welchel,whelchel
welcome,wellcome
welcomes,wellcome's
weld's,welds
welden,weldon
welk,welke
well,welle
well-being,wellbeing
wellens,wellons
welles,welles',wells,welz
wellington's,wellingtons
welsch,welsh
welt,welte
welton,whelton
wen,when
wenberg,wennberg
wenck,wenk,wenke
wend,wende
wendel,wendell
wendorf,wendorff
wendt,went,wente
weng,wenge
wengler,wingler
weninger,wenninger
wenrich,wenrick
wentzel,wentzell
wenz,when's
wenzel,wenzl
werden,worden
werk,werke,work
werking,working
werle,whirl,whorl,wurl
werley,wherley,whirley,worley
werling,whirling
werman,worman
wermuth,wormuth
wernecke,wernick,wernicke
werst,worst,wurst
wert,wirt
werth,wirth,worth,wurth
wertman,wortman,wortmann,wurtman
werts,wertz,wirtz,worts,wurtz
wes,wess
wesch,wesche
weseman,wesemann,wiesman
wesler,wessler
wesner,wessner
wessel,wessell
wessells,wessels
westar,wester
westberry,westbury
westboro,westborough
westech,westtech
westen,weston
westerman,westermann
western's,westerns
westland,westlund
westmarc,westmark
westrich,westrick
westrom,westrum
wesun,wiesen
wet,whet
wetherell,wetherill
wetlands,wetlands'
wetsel,whetsel,whetsell
wetstein,wettstein,wetzstein
wetstein,wettstein,wetzstein,whetstine
wetzel,whetzel
weyandt,weyant
whale's,whales
wharf's,wharfs
wharf's,wharfs
what's,whats
what's,whats
wheaten,wheaton
wheaten,wheaton
wheatley,wheatly
wheatley,wheatly
wheelan,wheelon,whelan
wheelan,wheelon,whelan
wheeland,wieland
wheeler's,wheelers
wheeler's,wheelers
wheeless,wheelus
wheeless,wheelus
wheelis,wheless
wheelis,wheless
when,win,winn,winne,wynn,wynne
wherley,whirley
whetsel,whetsell
whew,whoo,woo,wu
which,wich,witch
which're,whitcher
which're,whitcher,witcher
which's,witch's,witches
whicker,wicker
whidden,whiddon
whidden,whiddon
whig,wig,wigg
whigs,wiggs,wigs
whilden,wilden,wildon
whims,wims
whine,wine,wyne
whinery,winery
whines,wine's,wines,wynes
whining,wining
whinney,winney,winnie,winny
whiny,winey
whip,whipp
whip,whipp
whipps,whips
whipps,whips
whirled,world
whirlpool's,whirlpools
whirlpool's,whirlpools
whiskey,whisky
whiskey,whisky
whisler,whistler
whisler,whistler,wisler,wissler
whisman,wissman,wissmann
whisner,wisner,wissner
whisperer's,whisperers
whistle,wissel
whit,whitt
whit,whitt,wit,witt,witte
whitacre,whitaker,whiteaker,whittaker
whitacre,whitaker,whiteaker,whittaker
whitbeck,witbeck
white,whyte
white,whyte,wight
white's,whites
white's,whites
whiteley,whitely
whiteley,whitely
whitesel,whitesell
whitesel,whitesell
whitham,witham
whither,wither
whitley,whitly
whitley,whitly
whitling,whittling
whitling,whittling
whitman,witman,witteman,wittman,wittmann
whitmer,witmer,wittmer
whitmore,whittemore
whitmore,whittemore
whitmyer,wittmeyer
whitner,wittner
whiton,whitten,whitton
whiton,whitten,whitton,witten,witton
whitsel,whitsell
whitsel,whitsell
whitsett,whitsitt
whitsett,whitsitt
whitted,witted
whittenberg,whittenburg
whittenberg,whittenburg,wittenberg,wittenburg
whitting,witting
whitty,witty
whiz,wiz
whiz,wiz
whoa,wo
whoa,wo,woe
wholesaler's,wholesalers,wholesalers'
whoopee,whoopi,whoopie
whoopee,whoopi,whoopie
why'd,wide,wyden
why're,wire,wyer
why's,whys
why's,whys,wies,wise,wyse,y's,y.'s
wi-fi,wifi
wian,wion,wyan
wiant,wyant
wiatt,wyatt
wichman,wichmann
wick,wicke,wik,wyk
wicker's,wickers
wickes,wicks,wix
wickey,wiki
wickland,wicklund,wiklund
wickliff,wickliffe,wycliff
wickstrom,wikstrom
widdle,widell
widdows,widow's,widows
widen,wyden
widman,widmann
widmar,widmer
wiechman,wiechmann
wiegman,wiegmann
wieman,wiemann
wienecke,wieneke
wifi's,wifis
wigal,wiggle
wiggington,wigington
wiki's,wikis
wikoff,wyckoff,wycoff,wykoff
wil's,will's,wills
wilber,wilbur
wilborn,wilbourn,wilbourne,wilburn
wilcox,willcox
wilcoxen,wilcoxon,wilcoxson
wilde's,wildes,wilds
wildeman,wildman,wildmon
wildt,wilt
wiley,wily,wylie,wyly
wilford,willeford,willford
wilfred,wilfrid
wilfully,willfully
wilhelm,willhelm
wilhite,willhite
wilhoit,wilhoite,willhoit,willhoite
wilk,wilke
wilkenson,wilkinson
wilkes,wilks
wilkey,wilkie,willke,willkie
willaims,willems
willam,willem
willeford,williford
willet,willett
willets,willetts,willits
willey,willi,willie,willy,wyllie
william,wm
william's,williams,williams'
williamsburg,williamsburgh
williamsen,williamson
williard,willyard
willman,willmann,willmon
willmore,wilmore
willmott,wilmot,wilmott,wilmut
willms,wilmes,wilms
willner,wilner
willowes,willows
willse,willsey,wilsey
willson,wilson
wilmar,wilmer
wilts,wiltse,wiltz
wiltsey,wiltsie
wimberley,wimberly
wimpee,wimpy
win's,wins,wynn's,wynns
winborn,winborne,winburn
winckler,winkler
wind,wined
wind's,windes,winds
windell,windle
windes,winds
windham,windom,wyndham
windisch,windish
windsor,winsor,winzer
windsor's,windsors
windt,wint
wineries,winery's
winfred,winfrid
winfree,winfrey
wing's,wings,wings'
winget,wingett
winick,winik,winnick
winkel,winkle
winkelman,winkelmann,winkleman
winkels,winkles
winner's,winners,winners'
winona,winonah
winslet,winslett
winter,wynter
winter's,winters
wintersteen,winterstein
winton,wynton
winward,winword
wire,wyre
wires,wyers
wirick,wyrick
wirz,wurz
wis,wiss,wyss
wisch,wish
wiseley,wisely
wiser,wisor,wyser
wit's,wits,witts,witz
witchey,witchy
with,withe
withee,withey
witkop,wittkopp
witness,witness'
witness's,witnesses,witnesses'
witter's,witters
wittwer,witwer
wives,wives'
wixon,wixson
wodehouse,woodhouse
woehl,wohl
woehler,wohler
woelfel,woelfle
wohlford,wolford
wojcik,wojick
woke,wolk,wouk
wolf,wolfe,wolff,woolf,wulf,wulff
wolf's,wolfe's
wolfenbarger,wolfinbarger
wolfrom,wolfrum
wolinski,wolinsky
wollman,wolman
wolski,wolsky
wolverton,woolverton
women's,womens'
won't,wont
wonder,wunder
wonder's,wonders
wonderly,wunderle
woo's,woos,wu's
wood,would
wood's,woods
woodberry,woodbury
wooddell,woodell,woodle
woodie,woody
woodland's,woodlands
woodlee,woodley
woodrome,woodrum
woodwind's,woodwinds
woolard,woollard
woolen,woollen
wooley,woolley,woolly,wooly
wootan,wooten,wooton,wootten,wootton
word's,words,words'
work's,works,works'
worker's,workers,workers'
workman's,workmen's
world's,worlds
worm,wurm
worm's,worms
worrall,worrel,worrell
worshipers,worshippers
worshiping,worshipping
worster,wurster
worth's,worths
worthey,worthy
wow's,wows
wrangell,wrangle
writer's,writers,writers'
wynnona,wynona,wynonna
xena,zena
xenia,zinia
xerox's,xeroxes
xiao,zhao,zschau
xie,z,z.,ze,zea,zee,zi
xu,xue,zoo,zue
xudong,xuedong
yacht,yott
yack,yak
yackel,yakel
yahn,yan
yahnke,yank,yanke
yancey,yancy
yandell,yandle
yankee,yankey
yankee's,yankees,yankees'
yao,yow
yap,yapp
yarboro,yarborough,yarbrough
yard,yarde
yard's,yards
yarnall,yarnell
yasin,yassin
yasir,yasser
yasir,yassir
yasmin,yasmine
yates,yeats
yau,yo,yoe,yoh
yaun,yawn
yavlinski,yavlinsky
yavlinski's,yavlinsky's
yay,yea
ye,yee,yi,yie
ye,yeh
yeager,yegor
yeakel,yeakle
year's,years,years'
yearby,yerby
years,yours
yell,yelle
yellin,yellin'
yen,yene
yeoman's,yeomans
yerman,yurman
yest,yoest
yesterday's,yesterdays
yesterday's,yesterdays
yet,yett
yipee,yippee
yoak,yoke,yolk
yoakam,yoakum,yocam,yocom,yocum,yokum
yoast,yost
yocham,yochum
yochelson,yokelson
yohe,yohei
yokes,yolks
yonts,yontz
yore,your
york,yorke
york's,yorks
yorker's,yorkers
you'll,yuill,yuille,yule
you're,your
youn,yun
young,yung
young's,youngs,yung's
youngster's,youngsters,youngsters'
younker,yunker
younkers,younkers'
youri,yuri,yury
yousef,youssef,yusef
yousef's,yusef's
youth's,youths
yuck,yuk
z's,z.'s,zeese,zeis
zach,zack,zak
zachary,zachery,zackery
zachi,zaki
zack's,zacks
zadoc,zadok
zahler,zoller
zahn,zan
zain,zane
zaino,zeno,zeyno
zairean's,zaireans
zairian's,zairians
zaiser,zeiser
zajac,zayac
zaleski,zalesky
zalman,zollman,zolman
zandi,zandy
zandt,zant
zap,zapp
zapatista's,zapatistas
zara,zarah
zarella,zirella
zaring,zehring,zeringue
zarre,zary
zaun,zon
zeagler,ziegler
zeal,zele,ziehl,ziel
zealand,zeeland
zealots,zelotes
zebell,ziebell
zech,zeck
zedillo's,zedillos
zedillo's,zedillos
zeek,zeke
zeeman,zeman,zieman,ziemann
zeger,zieger
zehnder,zender
zehner,zenner,zenor
zeien,zion
zeigler,zigler
zeigler,zigler
zeitz,zietz
zel,zell,zelle
zelinski,zelinsky
zellars,zellers
zellman,zelman
zeng,zheng
zens,zenz
zerbe,zerby
zero's,zeroes
zero's,zeroes,zeros
zerr,zier
zettel,zettle
zhou,zhu
ziad,ziyad
zig-zag,zigzag
zig-zagged,zigzagged
zil,zill
zilka,zilkha,zylka
zilla,zillah,zyla
zillmer,zilmer
zimmerman,zimmermann
zinc,zinck,zink,zinke
zinda,zynda
zip,zipp
zipcar's,zipcars
zirkel,zirkle
zoe,zoey,zooey
zohn,zone
zoo's,zoos,zue's
zora,zorah
zsa-zsa,zsazsa
zuck,zuk
zucker,zuker
zuckerman,zukerman
zuelke,zuhlke
